warning[0m: possibly confusing line terminator
   ==> src\nodes_attribute.cj:150:73:
    | 
150 |           let resultKey: String = getValidKey(key, out.syntax()) ?? return
    |                                                                     ~     ^ 
    |  ___________________________________________________________________|
151 | |         htmlNoValidate(resultKey, value, accum, out)
    | |_________~ possibly confusing line terminator between 'return' and 'htmlNoValidate'
    | 
    # note: this warning can be suppressed by setting the compiler option `-Woff parser`

warning[0m: possibly confusing line terminator
   ==> src\nodes_node.cj:210:112:
    | 
210 |           let wrapNode = (if (wrapChildren[0] is Element) { wrapChildren[0] as Element } else { None }) ?? return
    |                                                                                                            ~     ^ 
    |  __________________________________________________________________________________________________________|
211 | |         this
    | |_________~ possibly confusing line terminator between 'return' and 'this'
    | 
    # note: this warning can be suppressed by setting the compiler option `-Woff parser`

warning[0m: possibly confusing line terminator
   ==> src\nodes_attributes.cj:215:82:
    | 
215 |           let ranges: HashMap<String, Range.AttributeRange> = getRanges() ?? return
    |                                                                              ~     ^ 
    |  ____________________________________________________________________________|
216 | |         UntrackedAttr
    | |_________~ possibly confusing line terminator between 'return' and 'UntrackedAttr'
    | 
    # note: this warning can be suppressed by setting the compiler option `-Woff parser`

warning[0m: possibly confusing line terminator
   ==> src\select_evaluator.cj:352:48:
    | 
352 |           let parent = element.parent() ?? return
    |                                            ~     ^ 
    |  __________________________________________|
353 | |         false
    | |_________~ possibly confusing line terminator between 'return' and 'false'
    | 
    # note: this warning can be suppressed by setting the compiler option `-Woff parser`

warning[0m: possibly confusing line terminator
   ==> src\select_evaluator.cj:415:48:
    | 
415 |           let parent = element.parent() ?? return
    |                                            ~     ^ 
    |  __________________________________________|
416 | |         0
    | |_________~ possibly confusing line terminator between 'return' and '0'
    | 
    # note: this warning can be suppressed by setting the compiler option `-Woff parser`

warning[0m: possibly confusing line terminator
   ==> src\select_evaluator.cj:440:48:
    | 
440 |           let parent = element.parent() ?? return
    |                                            ~     ^ 
    |  __________________________________________|
441 | |         0
    | |_________~ possibly confusing line terminator between 'return' and '0'
    | 
    # note: this warning can be suppressed by setting the compiler option `-Woff parser`

error[0m: optional parameter cannot be used in abstract function
 ==> src\io_source_reader.cj:8:33:
  | 
8 |     func read(bytes: ByteArray, offset!: Int64 = 0, length!: Int64 = bytes.size): Int64
  |                                 ^^^^^^^^^^^^^^^^^^ 
  | 

error[0m: redefinition of declaration 'it'
  ==> src\ksoup.cj:54:17:
   | 
54 |             let it = _also_it
   |                 ^^ 
   | 
note[0m: 'it' is previously declared here
  ==> src\ksoup.cj:52:18:
   | 
52 |         return { it =>
   |                  ^^ 
   | 

error[0m: redefinition of declaration 'parser'
   ==> src\nodes_document.cj:189:10:
    | 
189 |     func parser(parser: Parser): Document {
    |          ^^^^^^ 
    | 
note[0m: 'parser' is previously declared here
 ==> src\nodes_document.cj:9:9:
  | 
9 |     var parser: Parser
  |         ^^^^^^ 
  | 

error[0m: redefinition of declaration 'escapeMode'
   ==> src\nodes_document.cj:222:10:
    | 
222 |     func escapeMode(escapeMode: Entities.EscapeMode): OutputSettings {
    |          ^^^^^^^^^^ 
    | 
note[0m: 'escapeMode' is previously declared here
   ==> src\nodes_document.cj:206:9:
    | 
206 |     var escapeMode: Entities.EscapeMode
    |         ^^^^^^^^^^ 
    | 

error[0m: redefinition of declaration 'charset'
   ==> src\nodes_document.cj:226:10:
    | 
226 |     func charset(charset: Charset): OutputSettings {
    |          ^^^^^^^ 
    | 
note[0m: 'charset' is previously declared here
   ==> src\nodes_document.cj:207:9:
    | 
207 |     var charset: Charset
    |         ^^^^^^^ 
    | 

error[0m: redefinition of declaration 'syntax'
   ==> src\nodes_document.cj:234:10:
    | 
234 |     func syntax(syntax: Syntax): OutputSettings {
    |          ^^^^^^ 
    | 
note[0m: 'syntax' is previously declared here
   ==> src\nodes_document.cj:212:9:
    | 
212 |     var syntax: Syntax
    |         ^^^^^^ 
    | 

error[0m: redefinition of declaration 'prettyPrint'
   ==> src\nodes_document.cj:241:10:
    | 
241 |     func prettyPrint(pretty: Bool): OutputSettings {
    |          ^^^^^^^^^^^ 
    | 
note[0m: 'prettyPrint' is previously declared here
   ==> src\nodes_document.cj:208:9:
    | 
208 |     var prettyPrint: Bool
    |         ^^^^^^^^^^^ 
    | 

error[0m: redefinition of declaration 'outline'
   ==> src\nodes_document.cj:245:10:
    | 
245 |     func outline(outlineMode: Bool): OutputSettings {
    |          ^^^^^^^ 
    | 
note[0m: 'outline' is previously declared here
   ==> src\nodes_document.cj:209:9:
    | 
209 |     var outline: Bool
    |         ^^^^^^^ 
    | 

error[0m: redefinition of declaration 'indentAmount'
   ==> src\nodes_document.cj:249:10:
    | 
249 |     func indentAmount(indentAmount: Int64): OutputSettings {
    |          ^^^^^^^^^^^^ 
    | 
note[0m: 'indentAmount' is previously declared here
   ==> src\nodes_document.cj:210:9:
    | 
210 |     var indentAmount: Int64
    |         ^^^^^^^^^^^^ 
    | 

error[0m: redefinition of declaration 'maxPaddingWidth'
   ==> src\nodes_document.cj:254:10:
    | 
254 |     func maxPaddingWidth(maxPaddingWidth: Int64): OutputSettings {
    |          ^^^^^^^^^^^^^^^ 
    | 
note[0m: 'maxPaddingWidth' is previously declared here
   ==> src\nodes_document.cj:211:9:
    | 
211 |     var maxPaddingWidth: Int64
    |         ^^^^^^^^^^^^^^^ 
    | 

error[0m: redefinition of declaration 'attributeKey'
  ==> src\nodes_node.cj:68:13:
   | 
68 |         let attributeKey = settings.normalizeAttribute(attributeKey)
   |             ^^^^^^^^^^^^ 
   | 
note[0m: 'attributeKey' is previously declared here
  ==> src\nodes_node.cj:60:27:
   | 
60 |     public open func attr(attributeKey: String, attributeValue: ?String): Node {
   |                           ^^^^^^^^^^^^ 
   | 

error[0m: redefinition of declaration 'it'
   ==> src\nodes_node.cj:399:17:
    | 
399 |             let it = _also_it
    |                 ^^ 
    | 
note[0m: 'it' is previously declared here
   ==> src\nodes_node.cj:397:18:
    | 
397 |         while ({ it =>
    |                  ^^ 
    | 

error[0m: redefinition of declaration 'it'
   ==> src\nodes_node.cj:413:17:
    | 
413 |             let it = _also_it
    |                 ^^ 
    | 
note[0m: 'it' is previously declared here
   ==> src\nodes_node.cj:411:18:
    | 
411 |         while ({ it =>
    |                  ^^ 
    | 

error[0m: redefinition of declaration 'it'
  ==> src\parser_parse_error_list.cj:19:17:
   | 
19 |             let it = _also_it
   |                 ^^ 
   | 
note[0m: 'it' is previously declared here
  ==> src\parser_parse_error_list.cj:17:18:
   | 
17 |         return { it =>
   |                  ^^ 
   | 

error[0m: redefinition of declaration 'namespace'
  ==> src\parser_tag.cj:78:10:
   | 
78 |     func namespace(namespace: String): Tag {
   |          ^^^^^^^^^ 
   | 
note[0m: 'namespace' is previously declared here
  ==> src\parser_tag.cj:17:9:
   | 
17 |     var namespace: String
   |         ^^^^^^^^^ 
   | 

error[0m: redefinition of declaration 'Tag'
   ==> src\parser_token.cj:111:16:
    | 
111 | abstract class Tag <: Token & ToString {
    |                ^^^ 
    | 
note[0m: 'Tag' is previously declared here
  ==> src\parser_tag.cj:14:7:
   | 
14 | class Tag <: KCloneable & ToString {
   |       ^^^ 
   | 

error[0m: redefinition of declaration 'append'
   ==> src\parser_token.cj:219:13:
    | 
219 |         let append = append.replace(TokeniserState.nullChar, Tokeniser.ReplacementChar)
    |             ^^^^^^ 
    | 
note[0m: 'append' is previously declared here
   ==> src\parser_token.cj:218:36:
    | 
218 |     public open func appendTagName(append: String) {
    |                                    ^^^^^^ 
    | 

error[0m: redefinition of declaration 'append'
   ==> src\parser_token.cj:227:13:
    | 
227 |         let append = append.replace(TokeniserState.nullChar, Tokeniser.ReplacementChar)
    |             ^^^^^^ 
    | 
note[0m: 'append' is previously declared here
   ==> src\parser_token.cj:226:42:
    | 
226 |     public open func appendAttributeName(append: String, startPos: Int64, endPos: Int64) {
    |                                          ^^^^^^ 
    | 

error[0m: redefinition of declaration 'Comment'
   ==> src\parser_token.cj:314:7:
    | 
314 | class Comment <: Token & ToString {
    |       ^^^^^^^ 
    | 
note[0m: 'Comment' is previously declared here
 ==> src\nodes_comment.cj:5:7:
  | 
5 | class Comment <: LeafNode {
  |       ^^^^^^^ 
  | 

error[0m: redefinition of declaration 'Character'
   ==> src\parser_token.cj:342:12:
    | 
342 | open class Character <: Token & ToString {
    |            ^^^^^^^^^ 
    | 
note[0m: 'Character' is previously declared here
 ==> src\ported_character.cj:5:7:
  | 
5 | class Character {
  |       ^^^^^^^^^ 
  | 

error[0m: redefinition of declaration 'it'
  ==> src\ported_thread_local.cj:12:17:
   | 
12 |             let it = _also_it
   |                 ^^ 
   | 
note[0m: 'it' is previously declared here
  ==> src\ported_thread_local.cj:10:42:
   | 
10 |         return threadLocalRef.get() ?? { it =>
   |                                          ^^ 
   | 

error[0m: redefinition of declaration 'Tag'
  ==> src\select_evaluator.cj:44:7:
   | 
44 | class Tag <: Evaluator & ToString {
   |       ^^^ 
   | 
note[0m: 'Tag' is previously declared here
  ==> src\parser_tag.cj:14:7:
   | 
14 | class Tag <: KCloneable & ToString {
   |       ^^^ 
   | 

error[0m: redefinition of declaration 'Attribute'
   ==> src\select_evaluator.cj:118:7:
    | 
118 | class Attribute <: Evaluator & ToString {
    |       ^^^^^^^^^ 
    | 
note[0m: 'Attribute' is previously declared here
  ==> src\nodes_attribute.cj:16:12:
   | 
16 | open class Attribute <: Map.Entry & KCloneable & ToString {
   |            ^^^^^^^^^ 
   | 

error[0m: redefinition of declaration 'it'
   ==> src\select_query_parser.cj:154:17:
    | 
154 |             let it = _also_it
    |                 ^^ 
    | 
note[0m: 'it' is previously declared here
   ==> src\select_query_parser.cj:152:18:
    | 
152 |         while ({ it =>
    |                  ^^ 
    | 

error[0m: undeclared type name 'RuntimeException'
 ==> src\exception_serialization_exception.cj:3:33:
  | 
3 | class SerializationException <: RuntimeException {
  |                                 ^ 
  | 

error[0m: undeclared type name 'Entry'
  ==> src\nodes_attribute.cj:16:29:
   | 
16 | open class Attribute <: Map.Entry & KCloneable & ToString {
   |                             ^ 
   | 

error[0m: undeclared type name 'MutableList'
   ==> src\nodes_element.cj:954:19:
    | 
954 | class NodeList <: MutableList {
    |                   ^ 
    | 

error[0m: undeclared type name 'MutableIterator'
 ==> src\nodes_node_iterator.cj:3:26:
  | 
3 | class NodeIterator<T> <: MutableIterator {
  |                          ^ 
  | 

error[0m: undeclared type name 'AutoCloseable'
 ==> src\parser_character_reader.cj:5:26:
  | 
5 | class CharacterReader <: AutoCloseable & ToString {
  |                          ^ 
  | 

error[0m: undeclared type name 'MutableList'
 ==> src\parser_parse_error_list.cj:3:25:
  | 
3 | class ParseErrorList <: MutableList {
  |                         ^ 
  | 

error[0m: undeclared type name 'MutableIterator'
  ==> src\parser_stream_parser.cj:91:26:
   | 
91 | class ElementIterator <: MutableIterator & NodeVisitor {
   |                          ^ 
   | 

error[0m: ambiguous use of 'Tag'
   ==> src\parser_token.cj:276:19:
    | 
276 | class StartTag <: Tag & ToString {
    |                   ^^^ 
    | 
note[0m: found candidate
  ==> src\parser_tag.cj:14:7:
   | 
14 | class Tag <: KCloneable & ToString {
   |       ^^^ 
   | 
note[0m: found candidate
   ==> src\parser_token.cj:111:16:
    | 
111 | abstract class Tag <: Token & ToString {
    |                ^^^ 
    | 
note[0m: found candidate
  ==> src\select_evaluator.cj:44:7:
   | 
44 | class Tag <: Evaluator & ToString {
   |       ^^^ 
   | 

error[0m: ambiguous use of 'Tag'
   ==> src\parser_token.cj:305:17:
    | 
305 | class EndTag <: Tag & ToString {
    |                 ^^^ 
    | 
note[0m: found candidate
  ==> src\parser_tag.cj:14:7:
   | 
14 | class Tag <: KCloneable & ToString {
   |       ^^^ 
   | 
note[0m: found candidate
   ==> src\parser_token.cj:111:16:
    | 
111 | abstract class Tag <: Token & ToString {
    |                ^^^ 
    | 
note[0m: found candidate
  ==> src\select_evaluator.cj:44:7:
   | 
44 | class Tag <: Evaluator & ToString {
   |       ^^^ 
   | 

error[0m: ambiguous use of 'Character'
   ==> src\parser_token.cj:389:16:
    | 
389 | class CData <: Character & ToString {
    |                ^^^^^^^^^ 
    | 
note[0m: found candidate
   ==> src\parser_token.cj:342:12:
    | 
342 | open class Character <: Token & ToString {
    |            ^^^^^^^^^ 
    | 
note[0m: found candidate
 ==> src\ported_character.cj:5:7:
  | 
5 | class Character {
  |       ^^^^^^^^^ 
  | 

error[0m: ambiguous use of 'Tag'
   ==> src\parser_token.cj:398:18:
    | 
398 | class XmlDecl <: Tag & ToString {
    |                  ^^^ 
    | 
note[0m: found candidate
  ==> src\parser_tag.cj:14:7:
   | 
14 | class Tag <: KCloneable & ToString {
   |       ^^^ 
   | 
note[0m: found candidate
   ==> src\parser_token.cj:111:16:
    | 
111 | abstract class Tag <: Token & ToString {
    |                ^^^ 
    | 
note[0m: found candidate
  ==> src\select_evaluator.cj:44:7:
   | 
44 | class Tag <: Evaluator & ToString {
   |       ^^^ 
   | 

error[0m: undeclared type name 'AutoCloseable'
 ==> src\parser_token_queue.cj:5:21:
  | 
5 | class TokenQueue <: AutoCloseable & ToString {
  |                     ^ 
  | 

error[0m: undeclared type name 'MutableIterator'
 ==> src\ported_custom_mutable_map_iterator.cj:3:27:
  | 
3 | class NodesIterator<T> <: MutableIterator {
  |                           ^ 
  | 

error[0m: undeclared type name 'MutableMap'
 ==> src\ported_identity_hash_map.cj:5:32:
  | 
5 | class IdentityHashMap<K, V> <: MutableMap {
  |                                ^ 
  | 

error[0m: undeclared type name 'MutableMap'
  ==> src\ported_identity_hash_map.cj:53:30:
   | 
53 | class IdentityEntry<K, V> <: MutableMap.MutableEntry {
   |                              ^ 
   | 

error[0m: undeclared type name 'MutableEntry'
  ==> src\ported_identity_hash_map.cj:53:41:
   | 
53 | class IdentityEntry<K, V> <: MutableMap.MutableEntry {
   |                                         ^ 
   | 

error[0m: undeclared type name 'MutableList'
 ==> src\select_nodes.cj:5:24:
  | 
5 | open class Nodes<T> <: MutableList & ToString {
  |                        ^ 
  | 

error[0m: undeclared type name 'AutoCloseable'
  ==> src\select_query_parser.cj:16:22:
   | 
16 | class QueryParser <: AutoCloseable & ToString {
   |                      ^ 
   | 

error[0m: undeclared type name 'IOException'
 ==> src\exception_unchecked_ioexception.cj:5:17:
  | 
5 |     init(cause: IOException) {
  |                 ^ 
  | 

error[0m: undeclared type name 'Appendable'
 ==> src\internal_quiet_appendable.cj:7:32:
  | 
7 |     public static func wrap(a: Appendable): QuietAppendable {
  |                                ^ 
  | 

error[0m: undeclared type name 'Appendable'
  ==> src\internal_quiet_appendable.cj:17:12:
   | 
17 |     let a: Appendable
   |            ^ 
   | 

error[0m: undeclared type name 'Appendable'
  ==> src\internal_quiet_appendable.cj:18:13:
   | 
18 |     init(a: Appendable) {
   |             ^ 
   | 

error[0m: undeclared type name 'IOException'
  ==> src\internal_quiet_appendable.cj:24:21:
   | 
24 |         } catch (e: IOException) {
   |                     ^ 
   | 

error[0m: undeclared type name 'ArrayDeque'
 ==> src\internal_soft_pool.cj:8:39:
  | 
8 |     let threadLocalStack: ThreadLocal<ArrayDeque<T>> = ThreadLocal({ => ArrayDeque() })
  |                                       ^ 
  | 

error[0m: undeclared type name 'ArrayDeque'
  ==> src\internal_soft_pool.cj:10:20:
   | 
10 |         let stack: ArrayDeque<T> = stack
   |                    ^ 
   | 

error[0m: undeclared type name 'ArrayDeque'
  ==> src\internal_soft_pool.cj:17:20:
   | 
17 |         let stack: ArrayDeque<T> = stack
   |                    ^ 
   | 

error[0m: undeclared type name 'ArrayDeque'
  ==> src\internal_soft_pool.cj:22:16:
   | 
22 |     let stack: ArrayDeque<T>
   |                ^ 
   | 

error[0m: undeclared type name 'Regex'
   ==> src\internal_string_util.cj:141:23:
    | 
141 |     let controlChars: Regex
    |                       ^ 
    | 

error[0m: undeclared type name 'ByteArray'
 ==> src\io_source_reader.cj:7:35:
  | 
7 |     func readBytes(count: Int64): ByteArray
  |                                   ^ 
  | 

error[0m: undeclared type name 'ByteArray'
 ==> src\io_source_reader.cj:8:22:
  | 
8 |     func read(bytes: ByteArray, offset!: Int64 = 0, length!: Int64 = bytes.size): Int64
  |                      ^ 
  | 

error[0m: undeclared type name 'ByteArray'
 ==> src\io_source_reader.cj:9:26:
  | 
9 |     func readAllBytes(): ByteArray
  |                          ^ 
  | 

error[0m: undeclared type name 'ByteArray'
 ==> src\io_source_reader_byte_array.cj:6:17:
  | 
6 |     init(bytes: ByteArray) {
  |                 ^ 
  | 

error[0m: undeclared type name 'ByteArray'
 ==> src\io_source_reader_byte_array.cj:9:17:
  | 
9 |     var source: ByteArray
  |                 ^ 
  | 

error[0m: undeclared type name 'ByteArray'
  ==> src\io_source_reader_byte_array.cj:30:51:
   | 
30 |     public override func readBytes(count: Int64): ByteArray {
   |                                                   ^ 
   | 

error[0m: undeclared type name 'ByteArray'
  ==> src\io_source_reader_byte_array.cj:45:38:
   | 
45 |     public override func read(bytes: ByteArray, offset: Int64, length: Int64): Int64 {
   |                                      ^ 
   | 

error[0m: undeclared type name 'ByteArray'
  ==> src\io_source_reader_byte_array.cj:59:42:
   | 
59 |     public override func readAllBytes(): ByteArray {
   |                                          ^ 
   | 

error[0m: undeclared type name 'Companion'
 ==> src\io_source_reader_ext.cj:3:21:
  | 
3 | extend SourceReader.Companion {
  |                     ^ 
  | 

error[0m: undeclared type name 'ByteArray'
 ==> src\io_source_reader_ext.cj:4:26:
  | 
4 |     func from(byteArray: ByteArray): SourceReader {
  |                          ^ 
  | 

error[0m: undeclared type name 'Reader'
  ==> src\ksoup.cj:12:31:
   | 
12 |     static func parse(reader: Reader, parser!: Parser = Parser.htmlParser(), baseUri!: String = ""): Document {
   |                               ^ 
   | 

error[0m: undeclared type name 'OutputSettings'
  ==> src\ksoup.cj:21:133:
   | 
21 |     static func clean(bodyHtml: String, safelist!: Safelist = Safelist.relaxed(), baseUri!: String = "", outputSettings!: ?Document.OutputSettings = None): String {
   |                                                                                                                                     ^ 
   | 

error[0m: undeclared type name 'AttributeRange'
  ==> src\nodes_attribute.cj:41:52:
   | 
41 |                 let ranges: ?HashMap<String, Range.AttributeRange> = parent.getOrThrow().getRanges()
   |                                                    ^ 
   | 

error[0m: undeclared type name 'AttributeRange'
  ==> src\nodes_attribute.cj:44:39:
   | 
44 |                     let range: ?Range.AttributeRange = ranges.remove(oldKey)
   |                                       ^ 
   | 

error[0m: undeclared type name 'Appendable'
   ==> src\nodes_attribute.cj:101:34:
    | 
101 |     public open func html(accum: Appendable, out: Document.OutputSettings): Unit {
    |                                  ^ 
    | 

error[0m: undeclared type name 'OutputSettings'
   ==> src\nodes_attribute.cj:101:60:
    | 
101 |     public open func html(accum: Appendable, out: Document.OutputSettings): Unit {
    |                                                            ^ 
    | 

error[0m: undeclared type name 'Appendable'
   ==> src\nodes_attribute.cj:104:62:
    | 
104 |     public open func html(key: String, value: String, accum: Appendable, out: Document.OutputSettings): Unit {
    |                                                              ^ 
    | 

error[0m: undeclared type name 'OutputSettings'
   ==> src\nodes_attribute.cj:104:88:
    | 
104 |     public open func html(key: String, value: String, accum: Appendable, out: Document.OutputSettings): Unit {
    |                                                                                        ^ 
    | 

error[0m: undeclared type name 'AttributeRange'
   ==> src\nodes_attribute.cj:107:43:
    | 
107 |     public open func sourceRange(): Range.AttributeRange {
    |                                           ^ 
    | 

error[0m: undeclared type name 'OutputSettings'
   ==> src\nodes_attribute.cj:113:65:
    | 
113 |     public open func html(accum: QuietAppendable, out: Document.OutputSettings): Unit {
    |                                                                 ^ 
    | 

error[0m: ambiguous use of 'Attribute'
   ==> src\nodes_attribute.cj:126:24:
    | 
126 |         let attribute: Attribute = (other as Attribute)
    |                        ^^^^^^^^^ 
    | 
note[0m: found candidate
  ==> src\nodes_attribute.cj:16:12:
   | 
16 | open class Attribute <: Map.Entry & KCloneable & ToString {
   |            ^^^^^^^^^ 
   | 
note[0m: found candidate
   ==> src\select_evaluator.cj:118:7:
    | 
118 | class Attribute <: Evaluator & ToString {
    |       ^^^^^^^^^ 
    | 

error[0m: ambiguous use of 'Attribute'
   ==> src\nodes_attribute.cj:126:46:
    | 
126 |         let attribute: Attribute = (other as Attribute)
    |                                              ^^^^^^^^^ 
    | 
note[0m: found candidate
  ==> src\nodes_attribute.cj:16:12:
   | 
16 | open class Attribute <: Map.Entry & KCloneable & ToString {
   |            ^^^^^^^^^ 
   | 
note[0m: found candidate
   ==> src\select_evaluator.cj:118:7:
    | 
118 | class Attribute <: Evaluator & ToString {
    |       ^^^^^^^^^ 
    | 

error[0m: ambiguous use of 'Attribute'
   ==> src\nodes_attribute.cj:135:40:
    | 
135 |     public open override func clone(): Attribute {
    |                                        ^^^^^^^^^ 
    | 
note[0m: found candidate
  ==> src\nodes_attribute.cj:16:12:
   | 
16 | open class Attribute <: Map.Entry & KCloneable & ToString {
   |            ^^^^^^^^^ 
   | 
note[0m: found candidate
   ==> src\select_evaluator.cj:118:7:
    | 
118 | class Attribute <: Evaluator & ToString {
    |       ^^^^^^^^^ 
    | 

error[0m: undeclared type name '__ArrayLiteral'
   ==> src\nodes_attribute.cj:146:38:
    | 
146 |     static func booleanAttributes(): __ArrayLiteral<String> {
    |                                      ^ 
    | 

error[0m: undeclared type name 'OutputSettings'
   ==> src\nodes_attribute.cj:149:96:
    | 
149 |     public static func html(key: String, value: ?String, accum: QuietAppendable, out: Document.OutputSettings) {
    |                                                                                                ^ 
    | 

error[0m: undeclared type name 'OutputSettings'
   ==> src\nodes_attribute.cj:153:106:
    | 
153 |     public static func htmlNoValidate(key: String, value: ?String, accum: QuietAppendable, out: Document.OutputSettings) {
    |                                                                                                          ^ 
    | 

error[0m: undeclared type name 'Regex'
   ==> src\nodes_attribute.cj:161:34:
    | 
161 |     static func xmlKeyReplace(): Regex {
    |                                  ^ 
    | 

error[0m: undeclared type name 'Regex'
   ==> src\nodes_attribute.cj:164:35:
    | 
164 |     static func htmlKeyReplace(): Regex {
    |                                   ^ 
    | 

error[0m: ambiguous use of 'Attribute'
   ==> src\nodes_attribute.cj:223:87:
    | 
223 |     public static func createFromEncoded(unencodedKey: String, encodedValue: String): Attribute {
    |                                                                                       ^^^^^^^^^ 
    | 
note[0m: found candidate
  ==> src\nodes_attribute.cj:16:12:
   | 
16 | open class Attribute <: Map.Entry & KCloneable & ToString {
   |            ^^^^^^^^^ 
   | 
note[0m: found candidate
   ==> src\select_evaluator.cj:118:7:
    | 
118 | class Attribute <: Evaluator & ToString {
    |       ^^^^^^^^^ 
    | 

error[0m: undeclared type name 'OutputSettings'
   ==> src\nodes_attribute.cj:230:91:
    | 
230 |     public static func shouldCollapseAttribute(key: String, value: ?String, out: Document.OutputSettings): Bool {
    |                                                                                           ^ 
    | 

error[0m: ambiguous use of 'Attribute'
  ==> src\nodes_attributes.cj:50:36:
   | 
50 |     func attribute(key: ?String): ?Attribute {
   |                                    ^^^^^^^^^ 
   | 
note[0m: found candidate
  ==> src\nodes_attribute.cj:16:12:
   | 
16 | open class Attribute <: Map.Entry & KCloneable & ToString {
   |            ^^^^^^^^^ 
   | 
note[0m: found candidate
   ==> src\select_evaluator.cj:118:7:
    | 
118 | class Attribute <: Evaluator & ToString {
    |       ^^^^^^^^^ 
    | 

error[0m: ambiguous use of 'Attribute'
   ==> src\nodes_attributes.cj:139:25:
    | 
139 |     func put(attribute: Attribute): Attributes {
    |                         ^^^^^^^^^ 
    | 
note[0m: found candidate
  ==> src\nodes_attribute.cj:16:12:
   | 
16 | open class Attribute <: Map.Entry & KCloneable & ToString {
   |            ^^^^^^^^^ 
   | 
note[0m: found candidate
   ==> src\select_evaluator.cj:118:7:
    | 
118 | class Attribute <: Evaluator & ToString {
    |       ^^^^^^^^^ 
    | 

error[0m: undeclared type name 'AttributeRange'
   ==> src\nodes_attributes.cj:211:42:
    | 
211 |     func sourceRange(key: String): Range.AttributeRange {
    |                                          ^ 
    | 

error[0m: undeclared type name 'AttributeRange'
   ==> src\nodes_attributes.cj:215:43:
    | 
215 |         let ranges: HashMap<String, Range.AttributeRange> = getRanges() ?? return
    |                                           ^ 
    | 

error[0m: undeclared type name 'AttributeRange'
   ==> src\nodes_attributes.cj:219:46:
    | 
219 |     func getRanges(): ?HashMap<String, Range.AttributeRange> {
    |                                              ^ 
    | 

error[0m: undeclared type name 'AttributeRange'
   ==> src\nodes_attributes.cj:220:82:
    | 
220 |         return (userData(SharedConstants.AttrRangeKey) as ?HashMap<String, Range.AttributeRange>)
    |                                                                                  ^ 
    | 

error[0m: undeclared type name 'AttributeRange'
   ==> src\nodes_attributes.cj:222:48:
    | 
222 |     func sourceRange(key: String, range: Range.AttributeRange): Attributes {
    |                                                ^ 
    | 

error[0m: undeclared type name 'AttributeRange'
   ==> src\nodes_attributes.cj:225:44:
    | 
225 |             ranges = HashMap<String, Range.AttributeRange>()
    |                                            ^ 
    | 

error[0m: undeclared type name 'MutableIterator'
   ==> src\nodes_attributes.cj:231:38:
    | 
231 |     public override func iterator(): MutableIterator<Attribute> {
    |                                      ^ 
    | 

error[0m: ambiguous use of 'Attribute'
   ==> src\nodes_attributes.cj:231:54:
    | 
231 |     public override func iterator(): MutableIterator<Attribute> {
    |                                                      ^^^^^^^^^ 
    | 
note[0m: found candidate
  ==> src\nodes_attribute.cj:16:12:
   | 
16 | open class Attribute <: Map.Entry & KCloneable & ToString {
   |            ^^^^^^^^^ 
   | 
note[0m: found candidate
   ==> src\select_evaluator.cj:118:7:
    | 
118 | class Attribute <: Evaluator & ToString {
    |       ^^^^^^^^^ 
    | 

error[0m: ambiguous use of 'Attribute'
   ==> src\nodes_attributes.cj:234:30:
    | 
234 |     func asList(): ArrayList<Attribute> {
    |                              ^^^^^^^^^ 
    | 
note[0m: found candidate
  ==> src\nodes_attribute.cj:16:12:
   | 
16 | open class Attribute <: Map.Entry & KCloneable & ToString {
   |            ^^^^^^^^^ 
   | 
note[0m: found candidate
   ==> src\select_evaluator.cj:118:7:
    | 
118 | class Attribute <: Evaluator & ToString {
    |       ^^^^^^^^^ 
    | 

error[0m: ambiguous use of 'Attribute'
   ==> src\nodes_attributes.cj:235:29:
    | 
235 |         let list: ArrayList<Attribute> = ArrayList([_size])
    |                             ^^^^^^^^^ 
    | 
note[0m: found candidate
  ==> src\nodes_attribute.cj:16:12:
   | 
16 | open class Attribute <: Map.Entry & KCloneable & ToString {
   |            ^^^^^^^^^ 
   | 
note[0m: found candidate
   ==> src\select_evaluator.cj:118:7:
    | 
118 | class Attribute <: Evaluator & ToString {
    |       ^^^^^^^^^ 
    | 

error[0m: undeclared type name 'OutputSettings'
   ==> src\nodes_attributes.cj:254:53:
    | 
254 |     func html(accum: QuietAppendable, out: Document.OutputSettings) {
    |                                                     ^ 
    | 

error[0m: undeclared type name 'OutputSettings'
  ==> src\nodes_cdata_node.cj:13:78:
   | 
13 |     public override func outerHtmlHead(accum: QuietAppendable, out: Document.OutputSettings) {
   |                                                                              ^ 
   | 

error[0m: ambiguous use of 'Comment'
  ==> src\nodes_comment.cj:15:34:
   | 
15 |     func setData(data: ?String): Comment {
   |                                  ^^^^^^^ 
   | 
note[0m: found candidate
 ==> src\nodes_comment.cj:5:7:
  | 
5 | class Comment <: LeafNode {
  |       ^^^^^^^ 
  | 
note[0m: found candidate
   ==> src\parser_token.cj:314:7:
    | 
314 | class Comment <: Token & ToString {
    |       ^^^^^^^ 
    | 

error[0m: undeclared type name 'OutputSettings'
  ==> src\nodes_comment.cj:19:78:
   | 
19 |     public override func outerHtmlHead(accum: QuietAppendable, out: Document.OutputSettings) {
   |                                                                              ^ 
   | 

error[0m: ambiguous use of 'Comment'
  ==> src\nodes_comment.cj:25:35:
   | 
25 |     public override func clone(): Comment {
   |                                   ^^^^^^^ 
   | 
note[0m: found candidate
 ==> src\nodes_comment.cj:5:7:
  | 
5 | class Comment <: LeafNode {
  |       ^^^^^^^ 
  | 
note[0m: found candidate
   ==> src\parser_token.cj:314:7:
    | 
314 | class Comment <: Token & ToString {
    |       ^^^^^^^ 
    | 

error[0m: ambiguous use of 'Comment'
  ==> src\nodes_comment.cj:26:34:
   | 
26 |         return (super.clone() as Comment)
   |                                  ^^^^^^^ 
   | 
note[0m: found candidate
 ==> src\nodes_comment.cj:5:7:
  | 
5 | class Comment <: LeafNode {
  |       ^^^^^^^ 
  | 
note[0m: found candidate
   ==> src\parser_token.cj:314:7:
    | 
314 | class Comment <: Token & ToString {
    |       ^^^^^^^ 
    | 

error[0m: undeclared type name 'OutputSettings'
  ==> src\nodes_data_node.cj:45:78:
   | 
45 |     public override func outerHtmlHead(accum: QuietAppendable, out: Document.OutputSettings) {
   |                                                                              ^ 
   | 

error[0m: undeclared type name 'Charset'
   ==> src\nodes_document.cj:116:27:
    | 
116 |     func charset(charset: Charset): Unit {
    |                           ^ 
    | 

error[0m: undeclared type name 'Charset'
   ==> src\nodes_document.cj:120:21:
    | 
120 |     func charset(): Charset {
    |                     ^ 
    | 

error[0m: undeclared type name 'EscapeMode'
   ==> src\nodes_document.cj:206:30:
    | 
206 |     var escapeMode: Entities.EscapeMode
    |                              ^ 
    | 

error[0m: undeclared type name 'Charset'
   ==> src\nodes_document.cj:207:18:
    | 
207 |     var charset: Charset
    |                  ^ 
    | 

error[0m: undeclared type name 'EscapeMode'
   ==> src\nodes_document.cj:213:32:
    | 
213 |     init(escapeMode!: Entities.EscapeMode = Entities.EscapeMode.base, charset!: Charset = Charsets.UTF8, prettyPrint!: Bool = true, outline!: Bool = false, indentAmount!: Int64 = 1, maxPaddingWidth!: Int64 = 30, syntax!: Syntax = Syntax.html) {
    |                                ^ 
    | 

error[0m: undeclared type name 'Charset'
   ==> src\nodes_document.cj:213:81:
    | 
213 |     init(escapeMode!: Entities.EscapeMode = Entities.EscapeMode.base, charset!: Charset = Charsets.UTF8, prettyPrint!: Bool = true, outline!: Bool = false, indentAmount!: Int64 = 1, maxPaddingWidth!: Int64 = 30, syntax!: Syntax = Syntax.html) {
    |                                                                                 ^ 
    | 

error[0m: undeclared type name 'EscapeMode'
   ==> src\nodes_document.cj:222:42:
    | 
222 |     func escapeMode(escapeMode: Entities.EscapeMode): OutputSettings {
    |                                          ^ 
    | 

error[0m: undeclared type name 'Charset'
   ==> src\nodes_document.cj:226:27:
    | 
226 |     func charset(charset: Charset): OutputSettings {
    |                           ^ 
    | 

error[0m: undeclared type name 'OutputSettings'
  ==> src\nodes_document_type.cj:31:78:
   | 
31 |     public override func outerHtmlHead(accum: QuietAppendable, out: Document.OutputSettings) {
   |                                                                              ^ 
   | 

error[0m: ambiguous use of 'Tag'
 ==> src\nodes_element.cj:7:15:
  | 
7 |     var _tag: Tag
  |               ^^^ 
  | 
note[0m: found candidate
  ==> src\parser_tag.cj:14:7:
   | 
14 | class Tag <: KCloneable & ToString {
   |       ^^^ 
   | 
note[0m: found candidate
   ==> src\parser_token.cj:111:16:
    | 
111 | abstract class Tag <: Token & ToString {
    |                ^^^ 
    | 
note[0m: found candidate
  ==> src\select_evaluator.cj:44:7:
   | 
44 | class Tag <: Evaluator & ToString {
   |       ^^^ 
   | 

error[0m: ambiguous use of 'Tag'
  ==> src\nodes_element.cj:17:15:
   | 
17 |     init(tag: Tag, baseUri: ?String, attributes: ?Attributes) {
   |               ^^^ 
   | 
note[0m: found candidate
  ==> src\parser_tag.cj:14:7:
   | 
14 | class Tag <: KCloneable & ToString {
   |       ^^^ 
   | 
note[0m: found candidate
   ==> src\parser_token.cj:111:16:
    | 
111 | abstract class Tag <: Token & ToString {
    |                ^^^ 
    | 
note[0m: found candidate
  ==> src\select_evaluator.cj:44:7:
   | 
44 | class Tag <: Evaluator & ToString {
   |       ^^^ 
   | 

error[0m: ambiguous use of 'Tag'
  ==> src\nodes_element.cj:26:15:
   | 
26 |     init(tag: Tag, baseUri: ?String) {
   |               ^^^ 
   | 
note[0m: found candidate
  ==> src\parser_tag.cj:14:7:
   | 
14 | class Tag <: KCloneable & ToString {
   |       ^^^ 
   | 
note[0m: found candidate
   ==> src\parser_token.cj:111:16:
    | 
111 | abstract class Tag <: Token & ToString {
    |                ^^^ 
    | 
note[0m: found candidate
  ==> src\select_evaluator.cj:44:7:
   | 
44 | class Tag <: Evaluator & ToString {
   |       ^^^ 
   | 

error[0m: ambiguous use of 'Tag'
  ==> src\nodes_element.cj:76:29:
   | 
76 |     public open func tag(): Tag {
   |                             ^^^ 
   | 
note[0m: found candidate
  ==> src\parser_tag.cj:14:7:
   | 
14 | class Tag <: KCloneable & ToString {
   |       ^^^ 
   | 
note[0m: found candidate
   ==> src\parser_token.cj:111:16:
    | 
111 | abstract class Tag <: Token & ToString {
    |                ^^^ 
    | 
note[0m: found candidate
  ==> src\select_evaluator.cj:44:7:
   | 
44 | class Tag <: Evaluator & ToString {
   |       ^^^ 
   | 

error[0m: ambiguous use of 'Tag'
  ==> src\nodes_element.cj:79:31:
   | 
79 |     public open func tag(tag: Tag): Element {
   |                               ^^^ 
   | 
note[0m: found candidate
  ==> src\parser_tag.cj:14:7:
   | 
14 | class Tag <: KCloneable & ToString {
   |       ^^^ 
   | 
note[0m: found candidate
   ==> src\parser_token.cj:111:16:
    | 
111 | abstract class Tag <: Token & ToString {
    |                ^^^ 
    | 
note[0m: found candidate
  ==> src\select_evaluator.cj:44:7:
   | 
44 | class Tag <: Evaluator & ToString {
   |       ^^^ 
   | 

error[0m: ambiguous use of 'Attribute'
   ==> src\nodes_element.cj:106:48:
    | 
106 |     public open func attribute(key: ?String): ?Attribute {
    |                                                ^^^^^^^^^ 
    | 
note[0m: found candidate
  ==> src\nodes_attribute.cj:16:12:
   | 
16 | open class Attribute <: Map.Entry & KCloneable & ToString {
   |            ^^^^^^^^^ 
   | 
note[0m: found candidate
   ==> src\select_evaluator.cj:118:7:
    | 
118 | class Attribute <: Evaluator & ToString {
    |       ^^^^^^^^^ 
    | 

error[0m: undeclared type name 'Dataset'
   ==> src\nodes_element.cj:113:44:
    | 
113 |     public open func dataset(): Attributes.Dataset {
    |                                            ^ 
    | 

error[0m: undeclared type name 'Sequence'
   ==> src\nodes_element.cj:193:32:
    | 
193 |     public open func stream(): Sequence<Element> {
    |                                ^ 
    | 

error[0m: undeclared type name 'KClass'
   ==> src\nodes_element.cj:196:50:
    | 
196 |     public open func filterNodes<reified>(clazz: KClass<T>): ArrayList<T> where reified <: Object {
    |                                                  ^ 
    | 

error[0m: undeclared type name 'T'
   ==> src\nodes_element.cj:196:57:
    | 
196 |     public open func filterNodes<reified>(clazz: KClass<T>): ArrayList<T> where reified <: Object {
    |                                                         ^ 
    | 

error[0m: undeclared type name 'T'
   ==> src\nodes_element.cj:196:72:
    | 
196 |     public open func filterNodes<reified>(clazz: KClass<T>): ArrayList<T> where reified <: Object {
    |                                                                        ^ 
    | 

error[0m: undeclared type name 'Sequence'
   ==> src\nodes_element.cj:211:54:
    | 
211 |     public open func selectStream(cssQuery: String): Sequence<Element> {
    |                                                      ^ 
    | 

error[0m: undeclared type name 'KClass'
   ==> src\nodes_element.cj:233:67:
    | 
233 |     public open func selectNodes<T>(evaluator: Evaluator, `type`: KClass<T>): Nodes<T> where T <: Node {
    |                                                                   ^ 
    | 

error[0m: undeclared type name 'KClass'
   ==> src\nodes_element.cj:236:63:
    | 
236 |     public open func selectNodes<T>(cssQuery: String, `type`: KClass<T>): Nodes<T> where T <: Node {
    |                                                               ^ 
    | 

error[0m: undeclared type name 'KClass'
   ==> src\nodes_element.cj:240:67:
    | 
240 |     public open func selectFirstNode<T>(cssQuery: String, `type`: KClass<T>): ?T where T <: Node {
    |                                                                   ^ 
    | 

error[0m: undeclared type name 'KClass'
   ==> src\nodes_element.cj:243:71:
    | 
243 |     public open func selectFirstNode<T>(evaluator: Evaluator, `type`: KClass<T>): ?T where T <: Node {
    |                                                                       ^ 
    | 

error[0m: undeclared type name 'KClass'
   ==> src\nodes_element.cj:246:67:
    | 
246 |     public open func expectFirstNode<T>(cssQuery: String, `type`: KClass<T>): T where T <: Node {
    |                                                                   ^ 
    | 

error[0m: undeclared type name 'StringJoiner'
   ==> src\nodes_element.cj:409:40:
    | 
409 |         let escapedClasses: StringUtil.StringJoiner = StringUtil.StringJoiner(".")
    |                                        ^ 
    | 

error[0m: undeclared type name 'Regex'
   ==> src\nodes_element.cj:542:78:
    | 
542 |     public open func getElementsByAttributeValueMatching(key: String, regex: Regex): Elements {
    |                                                                              ^ 
    | 

error[0m: undeclared type name 'Regex'
   ==> src\nodes_element.cj:546:22:
    | 
546 |         let pattern: Regex = try {
    |                      ^ 
    | 

error[0m: undeclared type name 'Regex'
   ==> src\nodes_element.cj:568:53:
    | 
568 |     public open func getElementsMatchingText(regex: Regex): Elements {
    |                                                     ^ 
    | 

error[0m: undeclared type name 'Regex'
   ==> src\nodes_element.cj:572:22:
    | 
572 |         let pattern: Regex = try {
    |                      ^ 
    | 

error[0m: undeclared type name 'Regex'
   ==> src\nodes_element.cj:579:56:
    | 
579 |     public open func getElementsMatchingOwnText(regex: Regex): Elements {
    |                                                        ^ 
    | 

error[0m: undeclared type name 'Regex'
   ==> src\nodes_element.cj:583:22:
    | 
583 |         let pattern: Regex = try {
    |                      ^ 
    | 

error[0m: ambiguous use of 'Comment'
   ==> src\nodes_element.cj:641:33:
    | 
641 |                 case childNode: Comment => sb.append(childNode.getData())
    |                                 ^^^^^^^ 
    | 
note[0m: found candidate
 ==> src\nodes_comment.cj:5:7:
  | 
5 | class Comment <: LeafNode {
  |       ^^^^^^^ 
  | 
note[0m: found candidate
   ==> src\parser_token.cj:314:7:
    | 
314 | class Comment <: Token & ToString {
    |       ^^^^^^^ 
    | 

error[0m: undeclared type name 'OutputSettings'
   ==> src\nodes_element.cj:740:83:
    | 
740 |     public open override func outerHtmlHead(accum: QuietAppendable, out: Document.OutputSettings) {
    |                                                                                   ^ 
    | 

error[0m: undeclared type name 'OutputSettings'
   ==> src\nodes_element.cj:757:83:
    | 
757 |     public open override func outerHtmlTail(accum: QuietAppendable, out: Document.OutputSettings) {
    |                                                                                   ^ 
    | 

error[0m: undeclared type name 'OutputSettings'
   ==> src\nodes_element.cj:762:51:
    | 
762 |     public open func safeTagName(syntax: Document.OutputSettings.Syntax): ?String {
    |                                                   ^ 
    | 

error[0m: undeclared type name 'Syntax'
   ==> src\nodes_element.cj:762:66:
    | 
762 |     public open func safeTagName(syntax: Document.OutputSettings.Syntax): ?String {
    |                                                                  ^ 
    | 

error[0m: undeclared type name 'Appendable'
   ==> src\nodes_element.cj:779:68:
    | 
779 |     public open override func html<T>(appendable: T): T where T <: Appendable {
    |                                                                    ^ 
    | 

error[0m: undeclared type name 'Regex'
   ==> src\nodes_element.cj:870:31:
    | 
870 |     static func ClassSplit(): Regex {
    |                               ^ 
    | 

error[0m: undeclared type name 'Sequence'
   ==> src\nodes_element.cj:895:48:
    | 
895 |     public static func wholeTextOf(nodeStream: Sequence<Node>): String {
    |                                                ^ 
    | 

error[0m: undeclared type name 'MutableIterator'
   ==> src\nodes_element.cj:961:43:
    | 
961 |     public open override func iterator(): MutableIterator<Node> {
    |                                           ^ 
    | 

error[0m: undeclared type name 'MutableListIterator'
    ==> src\nodes_element.cj:1044:47:
     | 
1044 |     public open override func listIterator(): MutableListIterator<Node> {
     |                                               ^ 
     | 

error[0m: undeclared type name 'MutableListIterator'
    ==> src\nodes_element.cj:1047:59:
     | 
1047 |     public open override func listIterator(index: Int64): MutableListIterator<Node> {
     |                                                           ^ 
     | 

error[0m: undeclared type name 'CharsetEncoder'
  ==> src\nodes_entities.cj:21:42:
   | 
21 |         this.LocalEncoder = ThreadLocal<?CharsetEncoder>({ => None })
   |                                          ^ 
   | 

error[0m: undeclared type name 'CharsetEncoder'
  ==> src\nodes_entities.cj:37:36:
   | 
37 |     let LocalEncoder: ThreadLocal<?CharsetEncoder>
   |                                    ^ 
   | 

error[0m: undeclared type name 'Charset'
  ==> src\nodes_entities.cj:38:37:
   | 
38 |     static func encoderFor(charset: Charset): CharsetEncoder {
   |                                     ^ 
   | 

error[0m: undeclared type name 'CharsetEncoder'
  ==> src\nodes_entities.cj:38:47:
   | 
38 |     static func encoderFor(charset: Charset): CharsetEncoder {
   |                                               ^ 
   | 

error[0m: undeclared type name 'IntArray'
  ==> src\nodes_entities.cj:65:61:
   | 
65 |     static func codepointsForName(name: String, codepoints: IntArray): Int64 {
   |                                                             ^ 
   | 

error[0m: undeclared type name 'Charset'
  ==> src\nodes_entities.cj:94:78:
   | 
94 |     static func escapeString(data: ?String, escapeMode: EscapeMode, charset: Charset): String {
   |                                                                              ^ 
   | 

error[0m: undeclared type name 'Charset'
   ==> src\nodes_entities.cj:105:91:
    | 
105 |     static func doEscape(data: String, accum: QuietAppendable, mode: EscapeMode, charset: Charset, options: Int64) {
    |                                                                                           ^ 
    | 

error[0m: undeclared type name 'CharsetEncoder'
   ==> src\nodes_entities.cj:107:23:
    | 
107 |         let fallback: CharsetEncoder = encoderFor(charset)
    |                       ^ 
    | 

error[0m: undeclared type name 'CharsetEncoder'
   ==> src\nodes_entities.cj:148:153:
    | 
148 |     static func appendEscaped(codePoint: CodePoint, accum: QuietAppendable, options: Int64, escapeMode: EscapeMode, coreCharset: CoreCharset, fallback: CharsetEncoder) {
    |                                                                                                                                                         ^ 
    | 

error[0m: undeclared type name 'CharsetEncoder'
   ==> src\nodes_entities.cj:222:68:
    | 
222 |     static func canEncode(charset: CoreCharset, c: Rune, fallback: CharsetEncoder): Bool {
    |                                                                    ^ 
    | 

error[0m: ambiguous use of 'Tag'
 ==> src\nodes_form_element.cj:6:15:
  | 
6 |     init(tag: Tag, baseUri: ?String, attributes: ?Attributes) {
  |               ^^^ 
  | 
note[0m: found candidate
  ==> src\parser_tag.cj:14:7:
   | 
14 | class Tag <: KCloneable & ToString {
   |       ^^^ 
   | 
note[0m: found candidate
   ==> src\parser_token.cj:111:16:
    | 
111 | abstract class Tag <: Token & ToString {
    |                ^^^ 
    | 
note[0m: found candidate
  ==> src\select_evaluator.cj:44:7:
   | 
44 | class Tag <: Evaluator & ToString {
   |       ^^^ 
   | 

error[0m: undeclared type name 'OutputSettings'
  ==> src\nodes_leaf_node.cj:90:83:
   | 
90 |     public open override func outerHtmlTail(accum: QuietAppendable, out: Document.OutputSettings) {}
   |                                                                                   ^ 
   | 

error[0m: undeclared type name 'MutableIterator'
  ==> src\nodes_node.cj:92:21:
   | 
92 |             let it: MutableIterator<Attribute> = attributes().iterator()
   |                     ^ 
   | 

error[0m: ambiguous use of 'Attribute'
  ==> src\nodes_node.cj:92:37:
   | 
92 |             let it: MutableIterator<Attribute> = attributes().iterator()
   |                                     ^^^^^^^^^ 
   | 
note[0m: found candidate
  ==> src\nodes_attribute.cj:16:12:
   | 
16 | open class Attribute <: Map.Entry & KCloneable & ToString {
   |            ^^^^^^^^^ 
   | 
note[0m: found candidate
   ==> src\select_evaluator.cj:118:7:
    | 
118 | class Attribute <: Evaluator & ToString {
    |       ^^^^^^^^^ 
    | 

error[0m: undeclared type name 'Sequence'
   ==> src\nodes_node.cj:437:36:
    | 
437 |     public open func nodeStream(): Sequence<Node> {
    |                                    ^ 
    | 

error[0m: undeclared type name 'KClass'
   ==> src\nodes_node.cj:440:44:
    | 
440 |     public open func nodeStream<T>(`type`: KClass<T>): Sequence<T> where T <: Node {
    |                                            ^ 
    | 

error[0m: undeclared type name 'Sequence'
   ==> src\nodes_node.cj:440:56:
    | 
440 |     public open func nodeStream<T>(`type`: KClass<T>): Sequence<T> where T <: Node {
    |                                                        ^ 
    | 

error[0m: undeclared type name 'Appendable'
   ==> src\nodes_node.cj:448:39:
    | 
448 |     public open func outerHtml(accum: Appendable): Unit {
    |                                       ^ 
    | 

error[0m: undeclared type name 'OutputSettings'
   ==> src\nodes_node.cj:455:69:
    | 
455 |     public func outerHtmlHead(accum: QuietAppendable, out: Document.OutputSettings): Unit
    |                                                                     ^ 
    | 

error[0m: undeclared type name 'OutputSettings'
   ==> src\nodes_node.cj:456:69:
    | 
456 |     public func outerHtmlTail(accum: QuietAppendable, out: Document.OutputSettings): Unit
    |                                                                     ^ 
    | 

error[0m: undeclared type name 'Appendable'
   ==> src\nodes_node.cj:457:59:
    | 
457 |     public open func html<T>(appendable: T): T where T <: Appendable {
    |                                                           ^ 
    | 

error[0m: undeclared type name 'KClass'
 ==> src\nodes_node_iterator.cj:4:17:
  | 
4 |     let `type`: KClass<T>
  |                 ^ 
  | 

error[0m: undeclared type name 'KClass'
 ==> src\nodes_node_iterator.cj:5:31:
  | 
5 |     init(start: Node, `type`: KClass<T>) {
  |                               ^ 
  | 

error[0m: undeclared type name 'OutputSettings'
 ==> src\nodes_node_utils.cj:6:54:
  | 
6 |     static func outputSettings(node: Node): Document.OutputSettings {
  |                                                      ^ 
  | 

error[0m: undeclared type name 'KClass'
  ==> src\nodes_node_utils.cj:14:48:
   | 
14 |     static func stream<T>(start: Node, `type`: KClass<T>): Sequence<T> where T <: Node {
   |                                                ^ 
   | 

error[0m: undeclared type name 'Sequence'
  ==> src\nodes_node_utils.cj:14:60:
   | 
14 |     static func stream<T>(start: Node, `type`: KClass<T>): Sequence<T> where T <: Node {
   |                                                            ^ 
   | 

error[0m: undeclared type name 'OutputSettings'
 ==> src\nodes_printer.cj:6:28:
  | 
6 |     let settings: Document.OutputSettings
  |                            ^ 
  | 

error[0m: undeclared type name 'OutputSettings'
 ==> src\nodes_printer.cj:7:65:
  | 
7 |     init(root: Node, accum: QuietAppendable, settings: Document.OutputSettings) {
  |                                                                 ^ 
  | 

error[0m: undeclared type name 'OutputSettings'
  ==> src\nodes_printer.cj:55:65:
   | 
55 |     init(root: Node, accum: QuietAppendable, settings: Document.OutputSettings) {
   |                                                                 ^ 
   | 

error[0m: undeclared type name 'OutputSettings'
   ==> src\nodes_printer.cj:209:65:
    | 
209 |     init(root: Node, accum: QuietAppendable, settings: Document.OutputSettings) {
    |                                                                 ^ 
    | 

error[0m: ambiguous use of 'Tag'
 ==> src\nodes_pseudo_text_element.cj:4:15:
  | 
4 |     init(tag: Tag, baseUri: ?String, attributes: ?Attributes) {
  |               ^^^ 
  | 
note[0m: found candidate
  ==> src\parser_tag.cj:14:7:
   | 
14 | class Tag <: KCloneable & ToString {
   |       ^^^ 
   | 
note[0m: found candidate
   ==> src\parser_token.cj:111:16:
    | 
111 | abstract class Tag <: Token & ToString {
    |                ^^^ 
    | 
note[0m: found candidate
  ==> src\select_evaluator.cj:44:7:
   | 
44 | class Tag <: Evaluator & ToString {
   |       ^^^ 
   | 

error[0m: undeclared type name 'OutputSettings'
 ==> src\nodes_pseudo_text_element.cj:7:78:
  | 
7 |     public override func outerHtmlHead(accum: QuietAppendable, out: Document.OutputSettings) {}
  |                                                                              ^ 
  | 

error[0m: undeclared type name 'OutputSettings'
 ==> src\nodes_pseudo_text_element.cj:8:78:
  | 
8 |     public override func outerHtmlTail(accum: QuietAppendable, out: Document.OutputSettings) {}
  |                                                                              ^ 
  | 

error[0m: ambiguous use of 'Tag'
 ==> src\nodes_tag_set.cj:6:47:
  | 
6 |     let tags: HashMap<String, HashMap<String, Tag>> = HashMap()
  |                                               ^^^ 
  | 
note[0m: found candidate
  ==> src\parser_tag.cj:14:7:
   | 
14 | class Tag <: KCloneable & ToString {
   |       ^^^ 
   | 
note[0m: found candidate
   ==> src\parser_token.cj:111:16:
    | 
111 | abstract class Tag <: Token & ToString {
    |                ^^^ 
    | 
note[0m: found candidate
  ==> src\select_evaluator.cj:44:7:
   | 
44 | class Tag <: Evaluator & ToString {
   |       ^^^ 
   | 

error[0m: ambiguous use of 'Tag'
 ==> src\nodes_tag_set.cj:8:34:
  | 
8 |     var customizers: ?ArrayList<(Tag) -> Unit> = None
  |                                  ^^^ 
  | 
note[0m: found candidate
  ==> src\parser_tag.cj:14:7:
   | 
14 | class Tag <: KCloneable & ToString {
   |       ^^^ 
   | 
note[0m: found candidate
   ==> src\parser_token.cj:111:16:
    | 
111 | abstract class Tag <: Token & ToString {
    |                ^^^ 
    | 
note[0m: found candidate
  ==> src\select_evaluator.cj:44:7:
   | 
44 | class Tag <: Evaluator & ToString {
   |       ^^^ 
   | 

error[0m: ambiguous use of 'Tag'
 ==> src\nodes_tag_set.cj:9:55:
  | 
9 |     init(original: ?TagSet, customizers!: ?ArrayList<(Tag) -> Unit> = None) {
  |                                                       ^^^ 
  | 
note[0m: found candidate
  ==> src\parser_tag.cj:14:7:
   | 
14 | class Tag <: KCloneable & ToString {
   |       ^^^ 
   | 
note[0m: found candidate
   ==> src\parser_token.cj:111:16:
    | 
111 | abstract class Tag <: Token & ToString {
    |                ^^^ 
    | 
note[0m: found candidate
  ==> src\select_evaluator.cj:44:7:
   | 
44 | class Tag <: Evaluator & ToString {
   |       ^^^ 
   | 

error[0m: ambiguous use of 'Tag'
  ==> src\nodes_tag_set.cj:22:41:
   | 
22 |             let nsTags: HashMap<String, Tag> = HashMap([namespaceEntry.value.size])
   |                                         ^^^ 
   | 
note[0m: found candidate
  ==> src\parser_tag.cj:14:7:
   | 
14 | class Tag <: KCloneable & ToString {
   |       ^^^ 
   | 
note[0m: found candidate
   ==> src\parser_token.cj:111:16:
    | 
111 | abstract class Tag <: Token & ToString {
    |                ^^^ 
    | 
note[0m: found candidate
  ==> src\select_evaluator.cj:44:7:
   | 
44 | class Tag <: Evaluator & ToString {
   |       ^^^ 
   | 

error[0m: ambiguous use of 'Tag'
  ==> src\nodes_tag_set.cj:29:19:
   | 
29 |     func add(tag: Tag): TagSet {
   |                   ^^^ 
   | 
note[0m: found candidate
  ==> src\parser_tag.cj:14:7:
   | 
14 | class Tag <: KCloneable & ToString {
   |       ^^^ 
   | 
note[0m: found candidate
   ==> src\parser_token.cj:111:16:
    | 
111 | abstract class Tag <: Token & ToString {
    |                ^^^ 
    | 
note[0m: found candidate
  ==> src\select_evaluator.cj:44:7:
   | 
44 | class Tag <: Evaluator & ToString {
   |       ^^^ 
   | 

error[0m: ambiguous use of 'Tag'
  ==> src\nodes_tag_set.cj:34:21:
   | 
34 |     func doAdd(tag: Tag) {
   |                     ^^^ 
   | 
note[0m: found candidate
  ==> src\parser_tag.cj:14:7:
   | 
14 | class Tag <: KCloneable & ToString {
   |       ^^^ 
   | 
note[0m: found candidate
   ==> src\parser_token.cj:111:16:
    | 
111 | abstract class Tag <: Token & ToString {
    |                ^^^ 
    | 
note[0m: found candidate
  ==> src\select_evaluator.cj:44:7:
   | 
44 | class Tag <: Evaluator & ToString {
   |       ^^^ 
   | 

error[0m: ambiguous use of 'Tag'
  ==> src\nodes_tag_set.cj:47:52:
   | 
47 |     func get(tagName: String, namespace: String): ?Tag {
   |                                                    ^^^ 
   | 
note[0m: found candidate
  ==> src\parser_tag.cj:14:7:
   | 
14 | class Tag <: KCloneable & ToString {
   |       ^^^ 
   | 
note[0m: found candidate
   ==> src\parser_token.cj:111:16:
    | 
111 | abstract class Tag <: Token & ToString {
    |                ^^^ 
    | 
note[0m: found candidate
  ==> src\select_evaluator.cj:44:7:
   | 
44 | class Tag <: Evaluator & ToString {
   |       ^^^ 
   | 

error[0m: ambiguous use of 'Tag'
  ==> src\nodes_tag_set.cj:60:104:
   | 
60 |     func valueOf(tagName: String, normalNameParam: ?String, namespace: String, preserveTagCase: Bool): Tag {
   |                                                                                                        ^^^ 
   | 
note[0m: found candidate
  ==> src\parser_tag.cj:14:7:
   | 
14 | class Tag <: KCloneable & ToString {
   |       ^^^ 
   | 
note[0m: found candidate
   ==> src\parser_token.cj:111:16:
    | 
111 | abstract class Tag <: Token & ToString {
    |                ^^^ 
    | 
note[0m: found candidate
  ==> src\select_evaluator.cj:44:7:
   | 
44 | class Tag <: Evaluator & ToString {
   |       ^^^ 
   | 

error[0m: ambiguous use of 'Tag'
  ==> src\nodes_tag_set.cj:90:110:
   | 
90 |     func valueOf(tagName: String, namespace: String, settings!: ParseSettings = ParseSettings.preserveCase): Tag {
   |                                                                                                              ^^^ 
   | 
note[0m: found candidate
  ==> src\parser_tag.cj:14:7:
   | 
14 | class Tag <: KCloneable & ToString {
   |       ^^^ 
   | 
note[0m: found candidate
   ==> src\parser_token.cj:111:16:
    | 
111 | abstract class Tag <: Token & ToString {
    |                ^^^ 
    | 
note[0m: found candidate
  ==> src\select_evaluator.cj:44:7:
   | 
44 | class Tag <: Evaluator & ToString {
   |       ^^^ 
   | 

error[0m: ambiguous use of 'Tag'
  ==> src\nodes_tag_set.cj:93:32:
   | 
93 |     func onNewTag(customizer: (Tag) -> Unit): TagSet {
   |                                ^^^ 
   | 
note[0m: found candidate
  ==> src\parser_tag.cj:14:7:
   | 
14 | class Tag <: KCloneable & ToString {
   |       ^^^ 
   | 
note[0m: found candidate
   ==> src\parser_token.cj:111:16:
    | 
111 | abstract class Tag <: Token & ToString {
    |                ^^^ 
    | 
note[0m: found candidate
  ==> src\select_evaluator.cj:44:7:
   | 
44 | class Tag <: Evaluator & ToString {
   |       ^^^ 
   | 

error[0m: ambiguous use of 'Tag'
   ==> src\nodes_tag_set.cj:109:78:
    | 
109 |     func setupTags(namespace: String, tagNames: Array<String>, tagModifier: (Tag) -> Unit): TagSet {
    |                                                                              ^^^ 
    | 
note[0m: found candidate
  ==> src\parser_tag.cj:14:7:
   | 
14 | class Tag <: KCloneable & ToString {
   |       ^^^ 
   | 
note[0m: found candidate
   ==> src\parser_token.cj:111:16:
    | 
111 | abstract class Tag <: Token & ToString {
    |                ^^^ 
    | 
note[0m: found candidate
  ==> src\select_evaluator.cj:44:7:
   | 
44 | class Tag <: Evaluator & ToString {
   |       ^^^ 
   | 

error[0m: ambiguous use of 'Tag'
   ==> src\nodes_tag_set.cj:127:60:
    | 
127 |     static func copyCustomizers(base: TagSet): ?ArrayList<(Tag) -> Unit> {
    |                                                            ^^^ 
    | 
note[0m: found candidate
  ==> src\parser_tag.cj:14:7:
   | 
14 | class Tag <: KCloneable & ToString {
   |       ^^^ 
   | 
note[0m: found candidate
   ==> src\parser_token.cj:111:16:
    | 
111 | abstract class Tag <: Token & ToString {
    |                ^^^ 
    | 
note[0m: found candidate
  ==> src\select_evaluator.cj:44:7:
   | 
44 | class Tag <: Evaluator & ToString {
   |       ^^^ 
   | 

error[0m: undeclared type name 'OutputSettings'
  ==> src\nodes_text_node.cj:48:83:
   | 
48 |     public open override func outerHtmlHead(accum: QuietAppendable, out: Document.OutputSettings) {
   |                                                                                   ^ 
   | 

error[0m: undeclared type name 'OutputSettings'
  ==> src\nodes_xml_declaration.cj:20:68:
   | 
20 |     func getWholeDeclaration(accum: QuietAppendable, out: Document.OutputSettings) {
   |                                                                    ^ 
   | 

error[0m: undeclared type name 'OutputSettings'
  ==> src\nodes_xml_declaration.cj:35:78:
   | 
35 |     public override func outerHtmlHead(accum: QuietAppendable, out: Document.OutputSettings) {
   |                                                                              ^ 
   | 

error[0m: undeclared type name 'OutputSettings'
  ==> src\nodes_xml_declaration.cj:48:78:
   | 
48 |     public override func outerHtmlTail(accum: QuietAppendable, out: Document.OutputSettings) {}
   |                                                                              ^ 
   | 

error[0m: undeclared type name 'Reader'
 ==> src\parser_character_reader.cj:7:18:
  | 
7 |     var reader: ?Reader = None
  |                  ^ 
  | 

error[0m: undeclared type name 'Reader'
  ==> src\parser_character_reader.cj:17:18:
   | 
17 |     init(reader: Reader) {
   |                  ^ 
   | 

error[0m: undeclared type name 'IOException'
  ==> src\parser_character_reader.cj:32:27:
   | 
32 |         } catch (ignored: IOException) {} finally {
   |                           ^ 
   | 

error[0m: undeclared type name 'IOException'
  ==> src\parser_character_reader.cj:69:25:
   | 
69 |             } catch (e: IOException) {
   |                         ^ 
   | 

error[0m: undeclared type name 'Character'
  ==> src\parser_html_tree_builder.cj:14:50:
   | 
14 |     var pendingTableCharacters: ?ArrayList<Token.Character> = None
   |                                                  ^ 
   | 

error[0m: undeclared type name 'EndTag'
  ==> src\parser_html_tree_builder.cj:15:26:
   | 
15 |     var emptyEnd: ?Token.EndTag = None
   |                          ^ 
   | 

error[0m: undeclared type name 'Reader'
  ==> src\parser_html_tree_builder.cj:25:54:
   | 
25 |     public open override func initialiseParse(input: Reader, baseUri: String, parser: Parser) {
   |                                                      ^ 
   | 

error[0m: undeclared type name 'StartTag'
   ==> src\parser_html_tree_builder.cj:162:55:
    | 
162 |     public open func createElementFor(startTag: Token.StartTag, namespace: String, forcePreserveCase: Bool): Element {
    |                                                       ^ 
    | 

error[0m: ambiguous use of 'Tag'
   ==> src\parser_html_tree_builder.cj:173:18:
    | 
173 |         let tag: Tag = tagFor(startTag.name(), startTag.normalName, namespace, if (forcePreserveCase) {
    |                  ^^^ 
    | 
note[0m: found candidate
  ==> src\parser_tag.cj:14:7:
   | 
14 | class Tag <: KCloneable & ToString {
   |       ^^^ 
   | 
note[0m: found candidate
   ==> src\parser_token.cj:111:16:
    | 
111 | abstract class Tag <: Token & ToString {
    |                ^^^ 
    | 
note[0m: found candidate
  ==> src\select_evaluator.cj:44:7:
   | 
44 | class Tag <: Evaluator & ToString {
   |       ^^^ 
   | 

error[0m: undeclared type name 'StartTag'
   ==> src\parser_html_tree_builder.cj:184:55:
    | 
184 |     public open func insertElementFor(startTag: Token.StartTag): Element {
    |                                                       ^ 
    | 

error[0m: ambiguous use of 'Tag'
   ==> src\parser_html_tree_builder.cj:188:22:
    | 
188 |             let tag: Tag = el.tag()
    |                      ^^^ 
    | 
note[0m: found candidate
  ==> src\parser_tag.cj:14:7:
   | 
14 | class Tag <: KCloneable & ToString {
   |       ^^^ 
   | 
note[0m: found candidate
   ==> src\parser_token.cj:111:16:
    | 
111 | abstract class Tag <: Token & ToString {
    |                ^^^ 
    | 
note[0m: found candidate
  ==> src\select_evaluator.cj:44:7:
   | 
44 | class Tag <: Evaluator & ToString {
   |       ^^^ 
   | 

error[0m: undeclared type name 'StartTag'
   ==> src\parser_html_tree_builder.cj:202:62:
    | 
202 |     public open func insertForeignElementFor(startTag: Token.StartTag, namespace: String): Element {
    |                                                              ^ 
    | 

error[0m: undeclared type name 'StartTag'
   ==> src\parser_html_tree_builder.cj:211:60:
    | 
211 |     public open func insertEmptyElementFor(startTag: Token.StartTag): Element {
    |                                                            ^ 
    | 

error[0m: undeclared type name 'StartTag'
   ==> src\parser_html_tree_builder.cj:217:56:
    | 
217 |     public open func insertFormElement(startTag: Token.StartTag, onStack: Bool, checkTemplateStack: Bool): FormElement {
    |                                                        ^ 
    | 

error[0m: undeclared type name 'Comment'
   ==> src\parser_html_tree_builder.cj:247:53:
    | 
247 |     public open func insertCommentNode(token: Token.Comment) {
    |                                                     ^ 
    | 

error[0m: undeclared type name 'Character'
   ==> src\parser_html_tree_builder.cj:252:64:
    | 
252 |     public open func insertCharacterNode(characterToken: Token.Character): Unit {
    |                                                                ^ 
    | 

error[0m: undeclared type name 'Character'
   ==> src\parser_html_tree_builder.cj:255:64:
    | 
255 |     public open func insertCharacterNode(characterToken: Token.Character, replace: Bool) {
    |                                                                ^ 
    | 

error[0m: undeclared type name 'Character'
   ==> src\parser_html_tree_builder.cj:260:69:
    | 
260 |     public open func insertCharacterToElement(characterToken: Token.Character, el: Element) {
    |                                                                     ^ 
    | 

error[0m: undeclared type name 'Character'
   ==> src\parser_html_tree_builder.cj:561:68:
    | 
561 |     public open func getPendingTableCharacters(): ?ArrayList<Token.Character> {
    |                                                                    ^ 
    | 

error[0m: undeclared type name 'Character'
   ==> src\parser_html_tree_builder.cj:564:57:
    | 
564 |     public open func addPendingTableCharacters(c: Token.Character) {
    |                                                         ^ 
    | 

error[0m: undeclared type name 'Character'
   ==> src\parser_html_tree_builder.cj:565:25:
    | 
565 |         let copy: Token.Character = Token.Character(c)
    |                         ^ 
    | 

error[0m: undeclared type name 'Reader'
  ==> src\parser_parser.cj:36:29:
   | 
36 |     func parseInput(reader: Reader, baseUri: String): Document {
   |                             ^ 
   | 

error[0m: undeclared type name 'Reader'
  ==> src\parser_parser.cj:42:39:
   | 
42 |     func parseFragmentInput(fragment: Reader, context: ?Element, baseUri: String): ArrayList<Node> {
   |                                       ^ 
   | 

error[0m: undeclared type name 'Reader'
  ==> src\parser_stream_parser.cj:15:23:
   | 
15 |     func parse(input: Reader, baseUri: String): StreamParser {
   |                       ^ 
   | 

error[0m: undeclared type name 'Reader'
  ==> src\parser_stream_parser.cj:25:31:
   | 
25 |     func parseFragment(input: Reader, context: ?Element, baseUri: String): StreamParser {
   |                               ^ 
   | 

error[0m: undeclared type name 'Sequence'
  ==> src\parser_stream_parser.cj:33:20:
   | 
33 |     func stream(): Sequence<Element> {
   |                    ^ 
   | 

error[0m: undeclared type name 'MutableIterator'
  ==> src\parser_stream_parser.cj:36:22:
   | 
36 |     func iterator(): MutableIterator<?Element> {
   |                      ^ 
   | 

error[0m: ambiguous use of 'Tag'
  ==> src\parser_tag.cj:36:33:
   | 
36 |     func name(tagName: String): Tag {
   |                                 ^^^ 
   | 
note[0m: found candidate
  ==> src\parser_tag.cj:14:7:
   | 
14 | class Tag <: KCloneable & ToString {
   |       ^^^ 
   | 
note[0m: found candidate
   ==> src\parser_token.cj:111:16:
    | 
111 | abstract class Tag <: Token & ToString {
    |                ^^^ 
    | 
note[0m: found candidate
  ==> src\select_evaluator.cj:44:7:
   | 
44 | class Tag <: Evaluator & ToString {
   |       ^^^ 
   | 

error[0m: ambiguous use of 'Tag'
  ==> src\parser_tag.cj:78:40:
   | 
78 |     func namespace(namespace: String): Tag {
   |                                        ^^^ 
   | 
note[0m: found candidate
  ==> src\parser_tag.cj:14:7:
   | 
14 | class Tag <: KCloneable & ToString {
   |       ^^^ 
   | 
note[0m: found candidate
   ==> src\parser_token.cj:111:16:
    | 
111 | abstract class Tag <: Token & ToString {
    |                ^^^ 
    | 
note[0m: found candidate
  ==> src\select_evaluator.cj:44:7:
   | 
44 | class Tag <: Evaluator & ToString {
   |       ^^^ 
   | 

error[0m: ambiguous use of 'Tag'
  ==> src\parser_tag.cj:82:30:
   | 
82 |     func set(option: Int64): Tag {
   |                              ^^^ 
   | 
note[0m: found candidate
  ==> src\parser_tag.cj:14:7:
   | 
14 | class Tag <: KCloneable & ToString {
   |       ^^^ 
   | 
note[0m: found candidate
   ==> src\parser_token.cj:111:16:
    | 
111 | abstract class Tag <: Token & ToString {
    |                ^^^ 
    | 
note[0m: found candidate
  ==> src\select_evaluator.cj:44:7:
   | 
44 | class Tag <: Evaluator & ToString {
   |       ^^^ 
   | 

error[0m: ambiguous use of 'Tag'
  ==> src\parser_tag.cj:90:32:
   | 
90 |     func clear(option: Int64): Tag {
   |                                ^^^ 
   | 
note[0m: found candidate
  ==> src\parser_tag.cj:14:7:
   | 
14 | class Tag <: KCloneable & ToString {
   |       ^^^ 
   | 
note[0m: found candidate
   ==> src\parser_token.cj:111:16:
    | 
111 | abstract class Tag <: Token & ToString {
    |                ^^^ 
    | 
note[0m: found candidate
  ==> src\select_evaluator.cj:44:7:
   | 
44 | class Tag <: Evaluator & ToString {
   |       ^^^ 
   | 

error[0m: ambiguous use of 'Tag'
   ==> src\parser_tag.cj:115:35:
    | 
115 |     public override func clone(): Tag {
    |                                   ^^^ 
    | 
note[0m: found candidate
  ==> src\parser_tag.cj:14:7:
   | 
14 | class Tag <: KCloneable & ToString {
   |       ^^^ 
   | 
note[0m: found candidate
   ==> src\parser_token.cj:111:16:
    | 
111 | abstract class Tag <: Token & ToString {
    |                ^^^ 
    | 
note[0m: found candidate
  ==> src\select_evaluator.cj:44:7:
   | 
44 | class Tag <: Evaluator & ToString {
   |       ^^^ 
   | 

error[0m: ambiguous use of 'Tag'
   ==> src\parser_tag.cj:130:141:
    | 
130 |     static func valueOf(tagName: String, namespace!: String = Parser.NamespaceHtml, settings!: ParseSettings = ParseSettings.preserveCase): Tag {
    |                                                                                                                                             ^^^ 
    | 
note[0m: found candidate
  ==> src\parser_tag.cj:14:7:
   | 
14 | class Tag <: KCloneable & ToString {
   |       ^^^ 
   | 
note[0m: found candidate
   ==> src\parser_token.cj:111:16:
    | 
111 | abstract class Tag <: Token & ToString {
    |                ^^^ 
    | 
note[0m: found candidate
  ==> src\select_evaluator.cj:44:7:
   | 
44 | class Tag <: Evaluator & ToString {
   |       ^^^ 
   | 

error[0m: ambiguous use of 'Tag'
   ==> src\parser_tag.cj:133:68:
    | 
133 |     static func valueOf(tagName: String, settings: ParseSettings): Tag {
    |                                                                    ^^^ 
    | 
note[0m: found candidate
  ==> src\parser_tag.cj:14:7:
   | 
14 | class Tag <: KCloneable & ToString {
   |       ^^^ 
   | 
note[0m: found candidate
   ==> src\parser_token.cj:111:16:
    | 
111 | abstract class Tag <: Token & ToString {
    |                ^^^ 
    | 
note[0m: found candidate
  ==> src\select_evaluator.cj:44:7:
   | 
44 | class Tag <: Evaluator & ToString {
   |       ^^^ 
   | 

error[0m: ambiguous use of 'Tag'
   ==> src\parser_tag.cj:146:19:
    | 
146 |         (other as Tag)
    |                   ^^^ 
    | 
note[0m: found candidate
  ==> src\parser_tag.cj:14:7:
   | 
14 | class Tag <: KCloneable & ToString {
   |       ^^^ 
   | 
note[0m: found candidate
   ==> src\parser_token.cj:111:16:
    | 
111 | abstract class Tag <: Token & ToString {
    |                ^^^ 
    | 
note[0m: found candidate
  ==> src\select_evaluator.cj:44:7:
   | 
44 | class Tag <: Evaluator & ToString {
   |       ^^^ 
   | 

error[0m: ambiguous use of 'Comment'
  ==> src\parser_token.cj:53:35:
   | 
53 |     public open func asComment(): Comment {
   |                                   ^^^^^^^ 
   | 
note[0m: found candidate
 ==> src\nodes_comment.cj:5:7:
  | 
5 | class Comment <: LeafNode {
  |       ^^^^^^^ 
  | 
note[0m: found candidate
   ==> src\parser_token.cj:314:7:
    | 
314 | class Comment <: Token & ToString {
    |       ^^^^^^^ 
    | 

error[0m: ambiguous use of 'Comment'
  ==> src\parser_token.cj:54:25:
   | 
54 |         return (this as Comment)
   |                         ^^^^^^^ 
   | 
note[0m: found candidate
 ==> src\nodes_comment.cj:5:7:
  | 
5 | class Comment <: LeafNode {
  |       ^^^^^^^ 
  | 
note[0m: found candidate
   ==> src\parser_token.cj:314:7:
    | 
314 | class Comment <: Token & ToString {
    |       ^^^^^^^ 
    | 

error[0m: ambiguous use of 'Character'
  ==> src\parser_token.cj:62:37:
   | 
62 |     public open func asCharacter(): Character {
   |                                     ^^^^^^^^^ 
   | 
note[0m: found candidate
   ==> src\parser_token.cj:342:12:
    | 
342 | open class Character <: Token & ToString {
    |            ^^^^^^^^^ 
    | 
note[0m: found candidate
 ==> src\ported_character.cj:5:7:
  | 
5 | class Character {
  |       ^^^^^^^^^ 
  | 

error[0m: ambiguous use of 'Character'
  ==> src\parser_token.cj:63:25:
   | 
63 |         return (this as Character)
   |                         ^^^^^^^^^ 
   | 
note[0m: found candidate
   ==> src\parser_token.cj:342:12:
    | 
342 | open class Character <: Token & ToString {
    |            ^^^^^^^^^ 
    | 
note[0m: found candidate
 ==> src\ported_character.cj:5:7:
  | 
5 | class Character {
  |       ^^^^^^^^^ 
  | 

error[0m: ambiguous use of 'Tag'
   ==> src\parser_token.cj:129:40:
    | 
129 |     public open override func reset(): Tag {
    |                                        ^^^ 
    | 
note[0m: found candidate
  ==> src\parser_tag.cj:14:7:
   | 
14 | class Tag <: KCloneable & ToString {
   |       ^^^ 
   | 
note[0m: found candidate
   ==> src\parser_token.cj:111:16:
    | 
111 | abstract class Tag <: Token & ToString {
    |                ^^^ 
    | 
note[0m: found candidate
  ==> src\select_evaluator.cj:44:7:
   | 
44 | class Tag <: Evaluator & ToString {
   |       ^^^ 
   | 

error[0m: undeclared type name 'AttributeRange'
   ==> src\parser_token.cj:187:30:
    | 
187 |             let range: Range.AttributeRange = Range.AttributeRange(Range(Range.Position(attrNameStart, r.lineNumber(attrNameStart), r.columnNumber(attrNameStart)), Range.Position(attrNameEnd, r.lineNumber(attrNameEnd), r.columnNumber(attrNameEnd))), Range(Range.Position(attrValStart, r.lineNumber(attrValStart), r.columnNumber(attrValStart)), Range.Position(attrValEnd, r.lineNumber(attrValEnd), r.columnNumber(attrValEnd))))
    |                              ^ 
    | 

error[0m: ambiguous use of 'Tag'
   ==> src\parser_token.cj:213:42:
    | 
213 |     public open func name(name: String): Tag {
    |                                          ^^^ 
    | 
note[0m: found candidate
  ==> src\parser_tag.cj:14:7:
   | 
14 | class Tag <: KCloneable & ToString {
   |       ^^^ 
   | 
note[0m: found candidate
   ==> src\parser_token.cj:111:16:
    | 
111 | abstract class Tag <: Token & ToString {
    |                ^^^ 
    | 
note[0m: found candidate
  ==> src\select_evaluator.cj:44:7:
   | 
44 | class Tag <: Evaluator & ToString {
   |       ^^^ 
   | 

error[0m: undeclared type name 'IntArray'
   ==> src\parser_token.cj:243:61:
    | 
243 |     public open func appendAttributeValue(appendCodepoints: IntArray, startPos: Int64, endPos: Int64) {
    |                                                             ^ 
    | 

error[0m: ambiguous use of 'Tag'
   ==> src\parser_token.cj:280:40:
    | 
280 |     public open override func reset(): Tag {
    |                                        ^^^ 
    | 
note[0m: found candidate
  ==> src\parser_tag.cj:14:7:
   | 
14 | class Tag <: KCloneable & ToString {
   |       ^^^ 
   | 
note[0m: found candidate
   ==> src\parser_token.cj:111:16:
    | 
111 | abstract class Tag <: Token & ToString {
    |                ^^^ 
    | 
note[0m: found candidate
  ==> src\select_evaluator.cj:44:7:
   | 
44 | class Tag <: Evaluator & ToString {
   |       ^^^ 
   | 

error[0m: ambiguous use of 'Comment'
   ==> src\parser_token.cj:329:46:
    | 
329 |     public open func append(append: String): Comment {
    |                                              ^^^^^^^ 
    | 
note[0m: found candidate
 ==> src\nodes_comment.cj:5:7:
  | 
5 | class Comment <: LeafNode {
  |       ^^^^^^^ 
  | 
note[0m: found candidate
   ==> src\parser_token.cj:314:7:
    | 
314 | class Comment <: Token & ToString {
    |       ^^^^^^^ 
    | 

error[0m: ambiguous use of 'Comment'
   ==> src\parser_token.cj:333:44:
    | 
333 |     public open func append(append: Rune): Comment {
    |                                            ^^^^^^^ 
    | 
note[0m: found candidate
 ==> src\nodes_comment.cj:5:7:
  | 
5 | class Comment <: LeafNode {
  |       ^^^^^^^ 
  | 
note[0m: found candidate
   ==> src\parser_token.cj:314:7:
    | 
314 | class Comment <: Token & ToString {
    |       ^^^^^^^ 
    | 

error[0m: ambiguous use of 'Character'
   ==> src\parser_token.cj:347:18:
    | 
347 |     init(source: Character) {
    |                  ^^^^^^^^^ 
    | 
note[0m: found candidate
   ==> src\parser_token.cj:342:12:
    | 
342 | open class Character <: Token & ToString {
    |            ^^^^^^^^^ 
    | 
note[0m: found candidate
 ==> src\ported_character.cj:5:7:
  | 
5 | class Character {
  |       ^^^^^^^^^ 
  | 

error[0m: ambiguous use of 'Character'
   ==> src\parser_token.cj:358:41:
    | 
358 |     public open func data(str: String): Character {
    |                                         ^^^^^^^^^ 
    | 
note[0m: found candidate
   ==> src\parser_token.cj:342:12:
    | 
342 | open class Character <: Token & ToString {
    |            ^^^^^^^^^ 
    | 
note[0m: found candidate
 ==> src\ported_character.cj:5:7:
  | 
5 | class Character {
  |       ^^^^^^^^^ 
  | 

error[0m: ambiguous use of 'Character'
   ==> src\parser_token.cj:362:43:
    | 
362 |     public open func append(str: String): Character {
    |                                           ^^^^^^^^^ 
    | 
note[0m: found candidate
   ==> src\parser_token.cj:342:12:
    | 
342 | open class Character <: Token & ToString {
    |            ^^^^^^^^^ 
    | 
note[0m: found candidate
 ==> src\ported_character.cj:5:7:
  | 
5 | class Character {
  |       ^^^^^^^^^ 
  | 

error[0m: undeclared type name 'OutputSettings'
  ==> src\parser_tokeniser.cj:24:26:
   | 
24 |     let syntax: Document.OutputSettings.Syntax
   |                          ^ 
   | 

error[0m: undeclared type name 'Syntax'
  ==> src\parser_tokeniser.cj:24:41:
   | 
24 |     let syntax: Document.OutputSettings.Syntax
   |                                         ^ 
   | 

error[0m: undeclared type name 'Tag'
  ==> src\parser_tokeniser.cj:27:27:
   | 
27 |     var tagPending: Token.Tag = startPending
   |                           ^ 
   | 

error[0m: undeclared type name 'Doctype'
  ==> src\parser_tokeniser.cj:29:31:
   | 
29 |     let doctypePending: Token.Doctype = Token.Doctype()
   |                               ^ 
   | 

error[0m: undeclared type name 'Comment'
  ==> src\parser_tokeniser.cj:30:31:
   | 
30 |     let commentPending: Token.Comment = Token.Comment()
   |                               ^ 
   | 

error[0m: undeclared type name 'XmlDecl'
  ==> src\parser_tokeniser.cj:31:31:
   | 
31 |     let xmlDeclPending: Token.XmlDecl
   |                               ^ 
   | 

error[0m: undeclared type name 'StartTag'
  ==> src\parser_tokeniser.cj:58:48:
   | 
58 |                 let startTag = (token as Token.StartTag)
   |                                                ^ 
   | 

error[0m: undeclared type name 'EndTag'
  ==> src\parser_tokeniser.cj:62:46:
   | 
62 |                 let endTag = (token as Token.EndTag)
   |                                              ^ 
   | 

error[0m: undeclared type name 'IntArray'
  ==> src\parser_tokeniser.cj:78:27:
   | 
78 |     func emit(codepoints: IntArray): Unit {
   |                           ^ 
   | 

error[0m: undeclared type name 'IntArray'
  ==> src\parser_tokeniser.cj:91:92:
   | 
91 |     func consumeCharacterReference(additionalAllowedCharacter: ?Rune, inAttribute: Bool): ?IntArray {
   |                                                                                            ^ 
   | 

error[0m: undeclared type name 'Tag'
   ==> src\parser_tokeniser.cj:177:47:
    | 
177 |     func createTagPending(start: Bool): Token.Tag {
    |                                               ^ 
    | 

error[0m: undeclared type name 'XmlDecl'
   ==> src\parser_tokeniser.cj:185:59:
    | 
185 |     func createXmlDeclPending(isDeclaration: Bool): Token.XmlDecl {
    |                                                           ^ 
    | 

error[0m: undeclared type name 'XmlDecl'
   ==> src\parser_tokeniser.cj:186:25:
    | 
186 |         let decl: Token.XmlDecl = xmlDeclPending.reset()
    |                         ^ 
    | 

error[0m: undeclared type name 'IntArray'
   ==> src\parser_tokeniser.cj:270:38:
    | 
270 |     static func win1252Extensions(): IntArray {
    |                                      ^ 
    | 

error[0m: undeclared type name 'StartTag'
  ==> src\parser_tree_builder.cj:16:22:
   | 
16 |     var start: Token.StartTag
   |                      ^ 
   | 

error[0m: undeclared type name 'EndTag'
  ==> src\parser_tree_builder.cj:17:20:
   | 
17 |     var end: Token.EndTag
   |                    ^ 
   | 

error[0m: undeclared type name 'Reader'
  ==> src\parser_tree_builder.cj:23:45:
   | 
23 |     public open func initialiseParse(input: Reader, baseUri: String, parser: Parser) {
   |                                             ^ 
   | 

error[0m: undeclared type name 'Reader'
  ==> src\parser_tree_builder.cj:51:35:
   | 
51 |     public open func parse(input: Reader, baseUri: String, parser: Parser): Document {
   |                                   ^ 
   | 

error[0m: undeclared type name 'Reader'
  ==> src\parser_tree_builder.cj:56:51:
   | 
56 |     public open func parseFragment(inputFragment: Reader, context: ?Element, baseUri: String, parser: Parser): ArrayList<Node> {
   |                                                   ^ 
   | 

error[0m: ambiguous use of 'Tag'
   ==> src\parser_tree_builder.cj:174:111:
    | 
174 |     public open func tagFor(tagName: String, normalName: String, namespace: String, settings: ParseSettings): Tag {
    |                                                                                                               ^^^ 
    | 
note[0m: found candidate
  ==> src\parser_tag.cj:14:7:
   | 
14 | class Tag <: KCloneable & ToString {
   |       ^^^ 
   | 
note[0m: found candidate
   ==> src\parser_token.cj:111:16:
    | 
111 | abstract class Tag <: Token & ToString {
    |                ^^^ 
    | 
note[0m: found candidate
  ==> src\select_evaluator.cj:44:7:
   | 
44 | class Tag <: Evaluator & ToString {
   |       ^^^ 
   | 

error[0m: undeclared type name 'Tag'
   ==> src\parser_tree_builder.cj:177:42:
    | 
177 |     public open func tagFor(token: Token.Tag): Tag {
    |                                          ^ 
    | 

error[0m: ambiguous use of 'Tag'
   ==> src\parser_tree_builder.cj:177:48:
    | 
177 |     public open func tagFor(token: Token.Tag): Tag {
    |                                                ^^^ 
    | 
note[0m: found candidate
  ==> src\parser_tag.cj:14:7:
   | 
14 | class Tag <: KCloneable & ToString {
   |       ^^^ 
   | 
note[0m: found candidate
   ==> src\parser_token.cj:111:16:
    | 
111 | abstract class Tag <: Token & ToString {
    |                ^^^ 
    | 
note[0m: found candidate
  ==> src\select_evaluator.cj:44:7:
   | 
44 | class Tag <: Evaluator & ToString {
   |       ^^^ 
   | 

error[0m: undeclared type name 'Position'
   ==> src\parser_tree_builder.cj:220:34:
    | 
220 |         let startPosition: Range.Position = Range.Position(startPos, reader.lineNumber(startPos), reader.columnNumber(startPos))
    |                                  ^ 
    | 

error[0m: undeclared type name 'Position'
   ==> src\parser_tree_builder.cj:221:32:
    | 
221 |         let endPosition: Range.Position = Range.Position(endPos, reader.lineNumber(endPos), reader.columnNumber(endPos))
    |                                ^ 
    | 

error[0m: undeclared type name 'Reader'
  ==> src\parser_xml_tree_builder.cj:21:54:
   | 
21 |     public open override func initialiseParse(input: Reader, baseUri: String, parser: Parser) {
   |                                                      ^ 
   | 

error[0m: undeclared type name 'Reader'
  ==> src\parser_xml_tree_builder.cj:54:35:
   | 
54 |     public open func parse(input: Reader, baseUri!: ?String): Document {
   |                                   ^ 
   | 

error[0m: undeclared type name 'StartTag'
  ==> src\parser_xml_tree_builder.cj:85:55:
   | 
85 |     public open func insertElementFor(startTag: Token.StartTag) {
   |                                                       ^ 
   | 

error[0m: undeclared type name 'Comment'
   ==> src\parser_xml_tree_builder.cj:120:59:
    | 
120 |     public open func insertCommentFor(commentToken: Token.Comment) {
    |                                                           ^ 
    | 

error[0m: undeclared type name 'Character'
   ==> src\parser_xml_tree_builder.cj:124:54:
    | 
124 |     public open func insertCharacterFor(token: Token.Character) {
    |                                                      ^ 
    | 

error[0m: undeclared type name 'Doctype'
   ==> src\parser_xml_tree_builder.cj:135:52:
    | 
135 |     public open func insertDoctypeFor(token: Token.Doctype) {
    |                                                    ^ 
    | 

error[0m: undeclared type name 'XmlDecl'
   ==> src\parser_xml_tree_builder.cj:140:59:
    | 
140 |     public open func insertXmlDeclarationFor(token: Token.XmlDecl) {
    |                                                           ^ 
    | 

error[0m: undeclared type name 'EndTag'
   ==> src\parser_xml_tree_builder.cj:151:52:
    | 
151 |     public open func popStackToClose(endTag: Token.EndTag) {
    |                                                    ^ 
    | 

error[0m: undeclared type name 'T'
  ==> src\ported_character.cj:95:8:
   | 
95 | extend T<T> {
   |        ^ 
   | 

error[0m: undeclared type name 'T'
  ==> src\ported_character.cj:95:10:
   | 
95 | extend T<T> {
   |          ^ 
   | 

error[0m: undeclared type name 'T'
  ==> src\ported_character.cj:96:45:
   | 
96 |     func appendCodePoint(codePoint: Int64): T {
   |                                             ^ 
   | 

error[0m: undeclared type name 'IntArray'
 ==> src\ported_core_extensions.cj:5:8:
  | 
5 | extend IntArray {
  |        ^ 
  | 

error[0m: undeclared type name 'E'
  ==> src\ported_core_extensions.cj:19:18:
   | 
19 | extend ArrayList<E> {
   |                  ^ 
   | 

error[0m: undeclared type name 'Regex'
 ==> src\ported_core_functions.cj:3:39:
  | 
3 | func jsSupportedRegex(regex: String): Regex {
  |                                       ^ 
  | 

error[0m: undeclared type name 'MutableIterator'
 ==> src\ported_custom_mutable_map_iterator.cj:4:19:
  | 
4 |     let iterator: MutableIterator<T>
  |                   ^ 
  | 

error[0m: undeclared type name 'MutableIterator'
 ==> src\ported_custom_mutable_map_iterator.cj:5:20:
  | 
5 |     init(iterator: MutableIterator<T>) {
  |                    ^ 
  | 

error[0m: undeclared type name 'MutableMap'
  ==> src\ported_identity_hash_map.cj:20:26:
   | 
20 |     let entries: HashSet<MutableMap.MutableEntry<K, V>>
   |                          ^ 
   | 

error[0m: undeclared type name 'MutableEntry'
  ==> src\ported_identity_hash_map.cj:20:37:
   | 
20 |     let entries: HashSet<MutableMap.MutableEntry<K, V>>
   |                                     ^ 
   | 

error[0m: undeclared type name 'MutableCollection'
  ==> src\ported_identity_hash_map.cj:22:17:
   | 
22 |     let values: MutableCollection<V>
   |                 ^ 
   | 

error[0m: undeclared type name 'MutableMap'
  ==> src\ported_identity_hash_map.cj:54:19:
   | 
54 |     let original: MutableMap.MutableEntry<IdentityWrapper<K>, V>
   |                   ^ 
   | 

error[0m: undeclared type name 'MutableEntry'
  ==> src\ported_identity_hash_map.cj:54:30:
   | 
54 |     let original: MutableMap.MutableEntry<IdentityWrapper<K>, V>
   |                              ^ 
   | 

error[0m: undeclared type name 'MutableMap'
  ==> src\ported_identity_hash_map.cj:55:20:
   | 
55 |     init(original: MutableMap.MutableEntry<IdentityWrapper<K>, V>) {
   |                    ^ 
   | 

error[0m: undeclared type name 'MutableEntry'
  ==> src\ported_identity_hash_map.cj:55:31:
   | 
55 |     init(original: MutableMap.MutableEntry<IdentityWrapper<K>, V>) {
   |                               ^ 
   | 

error[0m: undeclared type name 'T'
 ==> src\ported_ksoup_ext.cj:3:14:
  | 
3 | extend Array<T> {
  |              ^ 
  | 

error[0m: undeclared type name 'T'
 ==> src\ported_ksoup_ext.cj:4:32:
  | 
4 |     func binarySearch(element: T): Int64 {
  |                                ^ 
  | 

error[0m: undeclared type name 'IntArray'
  ==> src\ported_ksoup_ext.cj:23:8:
   | 
23 | extend IntArray {
   |        ^ 
   | 

error[0m: undeclared type name 'T'
  ==> src\ported_ksoup_ext.cj:42:14:
   | 
42 | extend Array<T> {
   |              ^ 
   | 

error[0m: undeclared type name 'T'
  ==> src\ported_ksoup_ext.cj:43:38:
   | 
43 |     func binarySearchBy(comparison: (T) -> Int64): Int64 {
   |                                      ^ 
   | 

error[0m: undeclared type name 'Companion'
 ==> src\ported_string.cj:3:15:
  | 
3 | extend String.Companion {
  |               ^ 
  | 

error[0m: undeclared type name 'MutableIterator'
  ==> src\safety_safelist.cj:81:21:
   | 
81 |             let it: MutableIterator<Map.Entry<TagName, HashSet<AttributeKey>>> = this.attributes.entries.iterator()
   |                     ^ 
   | 

error[0m: undeclared type name 'Entry'
  ==> src\safety_safelist.cj:81:41:
   | 
81 |             let it: MutableIterator<Map.Entry<TagName, HashSet<AttributeKey>>> = this.attributes.entries.iterator()
   |                                         ^ 
   | 

error[0m: ambiguous use of 'Attribute'
   ==> src\safety_safelist.cj:168:74:
    | 
168 |     public open func isSafeAttribute(tagName: String, el: Element, attr: Attribute): Bool {
    |                                                                          ^^^^^^^^^ 
    | 
note[0m: found candidate
  ==> src\nodes_attribute.cj:16:12:
   | 
16 | open class Attribute <: Map.Entry & KCloneable & ToString {
   |            ^^^^^^^^^ 
   | 
note[0m: found candidate
   ==> src\select_evaluator.cj:118:7:
    | 
118 | class Attribute <: Evaluator & ToString {
    |       ^^^^^^^^^ 
    | 

error[0m: ambiguous use of 'Attribute'
   ==> src\safety_safelist.cj:191:59:
    | 
191 |     public open func testValidProtocol(el: Element, attr: Attribute, protocols: HashSet<Protocol>): Bool {
    |                                                           ^^^^^^^^^ 
    | 
note[0m: found candidate
  ==> src\nodes_attribute.cj:16:12:
   | 
16 | open class Attribute <: Map.Entry & KCloneable & ToString {
   |            ^^^^^^^^^ 
   | 
note[0m: found candidate
   ==> src\select_evaluator.cj:118:7:
    | 
118 | class Attribute <: Evaluator & ToString {
    |       ^^^^^^^^^ 
    | 

error[0m: undeclared type name 'Sequence'
 ==> src\select_collector.cj:9:23:
  | 
9 |         let sequence: Sequence<Element> = if (eval.wantsNodes()) {
  |                       ^ 
  | 

error[0m: undeclared type name 'Sequence'
  ==> src\select_collector.cj:18:62:
   | 
18 |     static func stream(evaluator: Evaluator, root: Element): Sequence<Element> {
   |                                                              ^ 
   | 

error[0m: undeclared type name 'KClass'
  ==> src\select_collector.cj:22:77:
   | 
22 |     static func streamNodes<T>(evaluator: Evaluator, root: Element, `type`: KClass<T>): Sequence<T> where T <: Node {
   |                                                                             ^ 
   | 

error[0m: undeclared type name 'Sequence'
  ==> src\select_collector.cj:22:89:
   | 
22 |     static func streamNodes<T>(evaluator: Evaluator, root: Element, `type`: KClass<T>): Sequence<T> where T <: Node {
   |                                                                                         ^ 
   | 

error[0m: undeclared type name 'KClass'
  ==> src\select_collector.cj:31:74:
   | 
31 |     static func findFirstNode<T>(eval: Evaluator, root: Element, `type`: KClass<T>): ?T where T <: Node {
   |                                                                          ^ 
   | 

error[0m: undeclared type name 'KClass'
  ==> src\select_collector.cj:36:78:
   | 
36 |     static func collectNodes<T>(evaluator: Evaluator, root: Element, `type`: KClass<T>): Nodes<T> where T <: Node {
   |                                                                              ^ 
   | 

error[0m: undeclared type name 'LinkedHashSet'
   ==> src\select_elements.cj:244:20:
    | 
244 |         let combo: LinkedHashSet<Element> = linkedSetOf()
    |                    ^ 
    | 

error[0m: ambiguous use of 'Comment'
   ==> src\select_elements.cj:273:32:
    | 
273 |     func comments(): ArrayList<Comment> {
    |                                ^^^^^^^ 
    | 
note[0m: found candidate
 ==> src\nodes_comment.cj:5:7:
  | 
5 | class Comment <: LeafNode {
  |       ^^^^^^^ 
  | 
note[0m: found candidate
   ==> src\parser_token.cj:314:7:
    | 
314 | class Comment <: Token & ToString {
    |       ^^^^^^^ 
    | 

error[0m: undeclared type name 'KClass'
   ==> src\select_elements.cj:282:38:
    | 
282 |     func childNodesOfType<T>(tClass: KClass<T>): ArrayList<T> where T <: Node {
    |                                      ^ 
    | 

error[0m: undeclared type name 'com'
   ==> src\select_evaluator.cj:140:31:
    | 
140 |         let values: ArrayList<com.fleeksoft.ksoup.nodes.Attribute> = element.attributes().asList()
    |                               ^ 
    | 

error[0m: undeclared type name 'fleeksoft'
   ==> src\select_evaluator.cj:140:35:
    | 
140 |         let values: ArrayList<com.fleeksoft.ksoup.nodes.Attribute> = element.attributes().asList()
    |                                   ^ 
    | 

error[0m: undeclared type name 'ksoup'
   ==> src\select_evaluator.cj:140:45:
    | 
140 |         let values: ArrayList<com.fleeksoft.ksoup.nodes.Attribute> = element.attributes().asList()
    |                                             ^ 
    | 

error[0m: undeclared type name 'nodes'
   ==> src\select_evaluator.cj:140:51:
    | 
140 |         let values: ArrayList<com.fleeksoft.ksoup.nodes.Attribute> = element.attributes().asList()
    |                                                   ^ 
    | 

error[0m: undeclared type name 'Attribute'
   ==> src\select_evaluator.cj:140:57:
    | 
140 |         let values: ArrayList<com.fleeksoft.ksoup.nodes.Attribute> = element.attributes().asList()
    |                                                         ^ 
    | 

error[0m: undeclared type name 'Regex'
   ==> src\select_evaluator.cj:232:16:
    | 
232 |     var regex: Regex
    |                ^ 
    | 

error[0m: undeclared type name 'Regex'
   ==> src\select_evaluator.cj:233:31:
    | 
233 |     init(key: ?String, regex: Regex) {
    |                               ^ 
    | 

error[0m: ambiguous use of 'Comment'
   ==> src\select_evaluator.cj:526:33:
    | 
526 |             } else if (!(((n is Comment) || (n is XmlDeclaration)) || (n is DocumentType))) {
    |                                 ^^^^^^^ 
    | 
note[0m: found candidate
 ==> src\nodes_comment.cj:5:7:
  | 
5 | class Comment <: LeafNode {
  |       ^^^^^^^ 
  | 
note[0m: found candidate
   ==> src\parser_token.cj:314:7:
    | 
314 | class Comment <: Token & ToString {
    |       ^^^^^^^ 
    | 

error[0m: undeclared type name 'Regex'
   ==> src\select_evaluator.cj:617:18:
    | 
617 |     let pattern: Regex
    |                  ^ 
    | 

error[0m: undeclared type name 'Regex'
   ==> src\select_evaluator.cj:618:19:
    | 
618 |     init(pattern: Regex) {
    |                   ^ 
    | 

error[0m: undeclared type name 'Regex'
   ==> src\select_evaluator.cj:633:18:
    | 
633 |     let pattern: Regex
    |                  ^ 
    | 

error[0m: undeclared type name 'Regex'
   ==> src\select_evaluator.cj:634:19:
    | 
634 |     init(pattern: Regex) {
    |                   ^ 
    | 

error[0m: undeclared type name 'Regex'
   ==> src\select_evaluator.cj:649:18:
    | 
649 |     let pattern: Regex
    |                  ^ 
    | 

error[0m: undeclared type name 'Regex'
   ==> src\select_evaluator.cj:650:19:
    | 
650 |     init(pattern: Regex) {
    |                   ^ 
    | 

error[0m: undeclared type name 'Regex'
   ==> src\select_evaluator.cj:665:18:
    | 
665 |     let pattern: Regex
    |                  ^ 
    | 

error[0m: undeclared type name 'Regex'
   ==> src\select_evaluator.cj:666:19:
    | 
666 |     init(pattern: Regex) {
    |                   ^ 
    | 

error[0m: undeclared type name 'kotlin'
  ==> src\select_node_evaluator.cj:17:17:
   | 
17 |     let `type`: kotlin.reflect.KClass<Node>
   |                 ^ 
   | 

error[0m: undeclared type name 'reflect'
  ==> src\select_node_evaluator.cj:17:24:
   | 
17 |     let `type`: kotlin.reflect.KClass<Node>
   |                        ^ 
   | 

error[0m: undeclared type name 'KClass'
  ==> src\select_node_evaluator.cj:17:32:
   | 
17 |     let `type`: kotlin.reflect.KClass<Node>
   |                                ^ 
   | 

error[0m: undeclared type name 'kotlin'
  ==> src\select_node_evaluator.cj:19:18:
   | 
19 |     init(`type`: kotlin.reflect.KClass<Node>, selector: String) {
   |                  ^ 
   | 

error[0m: undeclared type name 'reflect'
  ==> src\select_node_evaluator.cj:19:25:
   | 
19 |     init(`type`: kotlin.reflect.KClass<Node>, selector: String) {
   |                         ^ 
   | 

error[0m: undeclared type name 'KClass'
  ==> src\select_node_evaluator.cj:19:33:
   | 
19 |     init(`type`: kotlin.reflect.KClass<Node>, selector: String) {
   |                                 ^ 
   | 

error[0m: undeclared type name 'Regex'
  ==> src\select_node_evaluator.cj:63:18:
   | 
63 |     let pattern: Regex
   |                  ^ 
   | 

error[0m: undeclared type name 'Regex'
  ==> src\select_node_evaluator.cj:64:19:
   | 
64 |     init(pattern: Regex) {
   |                   ^ 
   | 

error[0m: undeclared type name 'FilterResult'
 ==> src\select_node_filter.cj:4:42:
  | 
4 |     func head(node: Node, depth: Int64): FilterResult
  |                                          ^ 
  | 

error[0m: undeclared type name 'FilterResult'
 ==> src\select_node_filter.cj:5:43:
  | 
5 |     func tail(node: ?Node, depth: Int64): FilterResult
  |                                           ^ 
  | 

error[0m: undeclared type name 'FilterResult'
  ==> src\select_node_traversor.cj:71:57:
   | 
71 |     static func filter(filter: NodeFilter, root: Node): FilterResult {
   |                                                         ^ 
   | 

error[0m: undeclared type name 'FilterResult'
  ==> src\select_node_traversor.cj:75:25:
   | 
75 |             var result: FilterResult = filter.head(node, depth)
   |                         ^ 
   | 

error[0m: undeclared type name 'MutableIterator'
  ==> src\select_nodes.cj:45:43:
   | 
45 |     public open override func iterator(): MutableIterator<T> {
   |                                           ^ 
   | 

error[0m: undeclared type name '__ArrayLiteral'
   ==> src\select_query_parser.cj:370:35:
    | 
370 |     static func AttributeEvals(): __ArrayLiteral<String> {
    |                                   ^ 
    | 

error[0m: undeclared type name 'Or'
   ==> src\select_query_parser.cj:392:41:
    | 
392 |         if ((left is CombiningEvaluator.Or)) {
    |                                         ^ 
    | 

error[0m: undeclared type name 'And'
   ==> src\select_query_parser.cj:402:41:
    | 
402 |         if ((left is CombiningEvaluator.And)) {
    |                                         ^ 
    | 

error[0m: undeclared type name 'Regex'
   ==> src\select_query_parser.cj:408:34:
    | 
408 |     static func NthStepOffset(): Regex {
    |                                  ^ 
    | 

error[0m: undeclared type name 'Regex'
   ==> src\select_query_parser.cj:411:30:
    | 
411 |     static func NthOffset(): Regex {
    |                              ^ 
    | 

error[0m: undeclared type name 'Sequence'
  ==> src\select_selector.cj:15:61:
   | 
15 |     static func selectStream(query: String, root: Element): Sequence<Element> {
   |                                                             ^ 
   | 

error[0m: undeclared type name 'Sequence'
  ==> src\select_selector.cj:19:68:
   | 
19 |     static func selectStream(evaluator: Evaluator, root: Element): Sequence<Element> {
   |                                                                    ^ 
   | 

warning[0m: the current member should not have 'open' modifier because it is in a non-inheritable class
  ==> src\internal_quiet_appendable.cj:21:5:
   | 
21 |     public open func quiet(action: Action): BaseAppendable {
   |     ^ 
   | 
   # note: this warning can be suppressed by setting the compiler option `-Woff unused`

warning[0m: the current member should not have 'open' modifier because it is in a non-inheritable class
  ==> src\internal_quiet_appendable.cj:29:5:
   | 
29 |     public open override func append(csq: ?String): BaseAppendable {
   |     ^ 
   | 
   # note: this warning can be suppressed by setting the compiler option `-Woff unused`

warning[0m: the current member should not have 'open' modifier because it is in a non-inheritable class
  ==> src\internal_quiet_appendable.cj:32:5:
   | 
32 |     public open override func append(c: Rune): BaseAppendable {
   |     ^ 
   | 
   # note: this warning can be suppressed by setting the compiler option `-Woff unused`

warning[0m: the current member should not have 'open' modifier because it is in a non-inheritable class
  ==> src\internal_quiet_appendable.cj:35:5:
   | 
35 |     public open override func append(chars: Array<Rune>, offset: Int64, len: Int64): QuietAppendable {
   |     ^ 
   | 
   # note: this warning can be suppressed by setting the compiler option `-Woff unused`

warning[0m: the current member should not have 'open' modifier because it is in a non-inheritable class
  ==> src\internal_quiet_appendable.cj:49:5:
   | 
49 |     public open override func append(csq: ?String): StringBuilderAppendable {
   |     ^ 
   | 
   # note: this warning can be suppressed by setting the compiler option `-Woff unused`

warning[0m: the current member should not have 'open' modifier because it is in a non-inheritable class
  ==> src\internal_quiet_appendable.cj:53:5:
   | 
53 |     public open override func append(c: Rune): StringBuilderAppendable {
   |     ^ 
   | 
   # note: this warning can be suppressed by setting the compiler option `-Woff unused`

warning[0m: the current member should not have 'open' modifier because it is in a non-inheritable class
  ==> src\internal_quiet_appendable.cj:57:5:
   | 
57 |     public open override func append(chars: Array<Rune>, offset: Int64, len: Int64): QuietAppendable {
   |     ^ 
   | 
   # note: this warning can be suppressed by setting the compiler option `-Woff unused`

warning[0m: the current member should not have 'open' modifier because it is in a non-inheritable class
  ==> src\internal_quiet_appendable.cj:61:5:
   | 
61 |     public open override func toString(): String {
   |     ^ 
   | 
   # note: this warning can be suppressed by setting the compiler option `-Woff unused`

error[0m: function 'get' can not be abstract
 ==> src\internal_weak_reference.cj:6:5:
  | 
6 |     public func get(): ?T
  |     ^ 
  | 

warning[0m: the current member should not have 'open' modifier because it is in a non-inheritable class
   ==> src\nodes_element.cj:935:5:
    | 
935 |     public open override func head(node: Node, depth: Int64) {
    |     ^ 
    | 
    # note: this warning can be suppressed by setting the compiler option `-Woff unused`

warning[0m: the current member should not have 'open' modifier because it is in a non-inheritable class
   ==> src\nodes_element.cj:944:5:
    | 
944 |     public open override func tail(node: Node, depth: Int64) {
    |     ^ 
    | 
    # note: this warning can be suppressed by setting the compiler option `-Woff unused`

warning[0m: the current member should not have 'open' modifier because it is in a non-inheritable class
   ==> src\nodes_element.cj:961:5:
    | 
961 |     public open override func iterator(): MutableIterator<Node> {
    |     ^ 
    | 
    # note: this warning can be suppressed by setting the compiler option `-Woff unused`

warning[0m: the current member should not have 'open' modifier because it is in a non-inheritable class
   ==> src\nodes_element.cj:964:5:
    | 
964 |     public open override func add(node: Node): Bool {
    |     ^ 
    | 
    # note: this warning can be suppressed by setting the compiler option `-Woff unused`

warning[0m: the current member should not have 'open' modifier because it is in a non-inheritable class
   ==> src\nodes_element.cj:968:5:
    | 
968 |     public open override func remove(element: Node): Bool {
    |     ^ 
    | 
    # note: this warning can be suppressed by setting the compiler option `-Woff unused`

warning[0m: the current member should not have 'open' modifier because it is in a non-inheritable class
   ==> src\nodes_element.cj:975:5:
    | 
975 |     public open override func addAll(elements: ArrayList<Node>): Bool {
    |     ^ 
    | 
    # note: this warning can be suppressed by setting the compiler option `-Woff unused`

warning[0m: the current member should not have 'open' modifier because it is in a non-inheritable class
   ==> src\nodes_element.cj:982:5:
    | 
982 |     public open override func addAll(index: Int64, elements: ArrayList<Node>): Bool {
    |     ^ 
    | 
    # note: this warning can be suppressed by setting the compiler option `-Woff unused`

warning[0m: the current member should not have 'open' modifier because it is in a non-inheritable class
   ==> src\nodes_element.cj:989:5:
    | 
989 |     public open override func removeAll(elements: ArrayList<Node>): Bool {
    |     ^ 
    | 
    # note: this warning can be suppressed by setting the compiler option `-Woff unused`

warning[0m: the current member should not have 'open' modifier because it is in a non-inheritable class
   ==> src\nodes_element.cj:996:5:
    | 
996 |     public open override func retainAll(elements: ArrayList<Node>): Bool {
    |     ^ 
    | 
    # note: this warning can be suppressed by setting the compiler option `-Woff unused`

warning[0m: the current member should not have 'open' modifier because it is in a non-inheritable class
    ==> src\nodes_element.cj:1004:5:
     | 
1004 |     public open override func isEmpty(): Bool {
     |     ^ 
     | 
     # note: this warning can be suppressed by setting the compiler option `-Woff unused`

warning[0m: the current member should not have 'open' modifier because it is in a non-inheritable class
    ==> src\nodes_element.cj:1007:5:
     | 
1007 |     public open override func contains(element: Node): Bool {
     |     ^ 
     | 
     # note: this warning can be suppressed by setting the compiler option `-Woff unused`

warning[0m: the current member should not have 'open' modifier because it is in a non-inheritable class
    ==> src\nodes_element.cj:1010:5:
     | 
1010 |     public open override func containsAll(elements: ArrayList<Node>): Bool {
     |     ^ 
     | 
     # note: this warning can be suppressed by setting the compiler option `-Woff unused`

warning[0m: the current member should not have 'open' modifier because it is in a non-inheritable class
    ==> src\nodes_element.cj:1013:5:
     | 
1013 |     public open override func get(index: Int64): Node {
     |     ^ 
     | 
     # note: this warning can be suppressed by setting the compiler option `-Woff unused`

warning[0m: the current member should not have 'open' modifier because it is in a non-inheritable class
    ==> src\nodes_element.cj:1016:5:
     | 
1016 |     public open override func indexOf(element: Node): Int64 {
     |     ^ 
     | 
     # note: this warning can be suppressed by setting the compiler option `-Woff unused`

warning[0m: the current member should not have 'open' modifier because it is in a non-inheritable class
    ==> src\nodes_element.cj:1019:5:
     | 
1019 |     public open override func lastIndexOf(element: Node): Int64 {
     |     ^ 
     | 
     # note: this warning can be suppressed by setting the compiler option `-Woff unused`

warning[0m: the current member should not have 'open' modifier because it is in a non-inheritable class
    ==> src\nodes_element.cj:1022:5:
     | 
1022 |     public open func modCount(): Int64 {
     |     ^ 
     | 
     # note: this warning can be suppressed by setting the compiler option `-Woff unused`

warning[0m: the current member should not have 'open' modifier because it is in a non-inheritable class
    ==> src\nodes_element.cj:1025:5:
     | 
1025 |     public open func incrementMod() {
     |     ^ 
     | 
     # note: this warning can be suppressed by setting the compiler option `-Woff unused`

warning[0m: the current member should not have 'open' modifier because it is in a non-inheritable class
    ==> src\nodes_element.cj:1028:5:
     | 
1028 |     public open override func clear() {
     |     ^ 
     | 
     # note: this warning can be suppressed by setting the compiler option `-Woff unused`

warning[0m: the current member should not have 'open' modifier because it is in a non-inheritable class
    ==> src\nodes_element.cj:1032:5:
     | 
1032 |     public open override func set(index: Int64, element: Node): Node {
     |     ^ 
     | 
     # note: this warning can be suppressed by setting the compiler option `-Woff unused`

warning[0m: the current member should not have 'open' modifier because it is in a non-inheritable class
    ==> src\nodes_element.cj:1036:5:
     | 
1036 |     public open override func add(index: Int64, element: Node) {
     |     ^ 
     | 
     # note: this warning can be suppressed by setting the compiler option `-Woff unused`

warning[0m: the current member should not have 'open' modifier because it is in a non-inheritable class
    ==> src\nodes_element.cj:1040:5:
     | 
1040 |     public open override func removeAt(index: Int64): Node {
     |     ^ 
     | 
     # note: this warning can be suppressed by setting the compiler option `-Woff unused`

warning[0m: the current member should not have 'open' modifier because it is in a non-inheritable class
    ==> src\nodes_element.cj:1044:5:
     | 
1044 |     public open override func listIterator(): MutableListIterator<Node> {
     |     ^ 
     | 
     # note: this warning can be suppressed by setting the compiler option `-Woff unused`

warning[0m: the current member should not have 'open' modifier because it is in a non-inheritable class
    ==> src\nodes_element.cj:1047:5:
     | 
1047 |     public open override func listIterator(index: Int64): MutableListIterator<Node> {
     |     ^ 
     | 
     # note: this warning can be suppressed by setting the compiler option `-Woff unused`

warning[0m: the current member should not have 'open' modifier because it is in a non-inheritable class
    ==> src\nodes_element.cj:1050:5:
     | 
1050 |     public open override func subList(fromIndex: Int64, toIndex: Int64): ArrayList<Node> {
     |     ^ 
     | 
     # note: this warning can be suppressed by setting the compiler option `-Woff unused`

warning[0m: the current member should not have 'open' modifier because it is in a non-inheritable class
  ==> src\parser_token.cj:88:5:
   | 
88 |     public open override func reset(): Token {
   |     ^ 
   | 
   # note: this warning can be suppressed by setting the compiler option `-Woff unused`

warning[0m: the current member should not have 'open' modifier because it is in a non-inheritable class
  ==> src\parser_token.cj:97:5:
   | 
97 |     public open func getName(): String {
   |     ^ 
   | 
   # note: this warning can be suppressed by setting the compiler option `-Woff unused`

warning[0m: the current member should not have 'open' modifier because it is in a non-inheritable class
   ==> src\parser_token.cj:100:5:
    | 
100 |     public open func getPublicIdentifier(): String {
    |     ^ 
    | 
    # note: this warning can be suppressed by setting the compiler option `-Woff unused`

warning[0m: the current member should not have 'open' modifier because it is in a non-inheritable class
   ==> src\parser_token.cj:103:5:
    | 
103 |     public open func getSystemIdentifier(): String {
    |     ^ 
    | 
    # note: this warning can be suppressed by setting the compiler option `-Woff unused`

warning[0m: the current member should not have 'open' modifier because it is in a non-inheritable class
   ==> src\parser_token.cj:106:5:
    | 
106 |     public open override func toString(): String {
    |     ^ 
    | 
    # note: this warning can be suppressed by setting the compiler option `-Woff unused`

warning[0m: the current member should not have 'open' modifier because it is in a non-inheritable class
   ==> src\parser_token.cj:280:5:
    | 
280 |     public open override func reset(): Tag {
    |     ^ 
    | 
    # note: this warning can be suppressed by setting the compiler option `-Woff unused`

warning[0m: the current member should not have 'open' modifier because it is in a non-inheritable class
   ==> src\parser_token.cj:285:5:
    | 
285 |     public open func nameAttr(name: String, attributes: ?Attributes): StartTag {
    |     ^ 
    | 
    # note: this warning can be suppressed by setting the compiler option `-Woff unused`

warning[0m: the current member should not have 'open' modifier because it is in a non-inheritable class
   ==> src\parser_token.cj:291:5:
    | 
291 |     public open override func toString(): String {
    |     ^ 
    | 
    # note: this warning can be suppressed by setting the compiler option `-Woff unused`

warning[0m: the current member should not have 'open' modifier because it is in a non-inheritable class
   ==> src\parser_token.cj:309:5:
    | 
309 |     public open override func toString(): String {
    |     ^ 
    | 
    # note: this warning can be suppressed by setting the compiler option `-Woff unused`

warning[0m: the current member should not have 'open' modifier because it is in a non-inheritable class
   ==> src\parser_token.cj:320:5:
    | 
320 |     public open override func reset(): Token {
    |     ^ 
    | 
    # note: this warning can be suppressed by setting the compiler option `-Woff unused`

warning[0m: the current member should not have 'open' modifier because it is in a non-inheritable class
   ==> src\parser_token.cj:326:5:
    | 
326 |     public open func getData(): String {
    |     ^ 
    | 
    # note: this warning can be suppressed by setting the compiler option `-Woff unused`

warning[0m: the current member should not have 'open' modifier because it is in a non-inheritable class
   ==> src\parser_token.cj:329:5:
    | 
329 |     public open func append(append: String): Comment {
    |     ^ 
    | 
    # note: this warning can be suppressed by setting the compiler option `-Woff unused`

warning[0m: the current member should not have 'open' modifier because it is in a non-inheritable class
   ==> src\parser_token.cj:333:5:
    | 
333 |     public open func append(append: Rune): Comment {
    |     ^ 
    | 
    # note: this warning can be suppressed by setting the compiler option `-Woff unused`

warning[0m: the current member should not have 'open' modifier because it is in a non-inheritable class
   ==> src\parser_token.cj:337:5:
    | 
337 |     public open override func toString(): String {
    |     ^ 
    | 
    # note: this warning can be suppressed by setting the compiler option `-Woff unused`

warning[0m: the current member should not have 'open' modifier because it is in a non-inheritable class
   ==> src\parser_token.cj:393:5:
    | 
393 |     public open override func toString(): String {
    |     ^ 
    | 
    # note: this warning can be suppressed by setting the compiler option `-Woff unused`

warning[0m: the current member should not have 'open' modifier because it is in a non-inheritable class
   ==> src\parser_token.cj:403:5:
    | 
403 |     public open override func reset(): XmlDecl {
    |     ^ 
    | 
    # note: this warning can be suppressed by setting the compiler option `-Woff unused`

warning[0m: the current member should not have 'open' modifier because it is in a non-inheritable class
   ==> src\parser_token.cj:408:5:
    | 
408 |     public open override func toString(): String {
    |     ^ 
    | 
    # note: this warning can be suppressed by setting the compiler option `-Woff unused`

warning[0m: the current member should not have 'open' modifier because it is in a non-inheritable class
   ==> src\parser_token.cj:431:5:
    | 
431 |     public open override func reset(): Token {
    |     ^ 
    | 
    # note: this warning can be suppressed by setting the compiler option `-Woff unused`

warning[0m: the current member should not have 'open' modifier because it is in a non-inheritable class
   ==> src\parser_token.cj:435:5:
    | 
435 |     public open override func toString(): String {
    |     ^ 
    | 
    # note: this warning can be suppressed by setting the compiler option `-Woff unused`

warning[0m: the current member should not have 'open' modifier because it is in a non-inheritable class
  ==> src\select_combining_evaluator.cj:58:5:
   | 
58 |     public open override func matches(root: Element, element: Element): Bool {
   |     ^ 
   | 
   # note: this warning can be suppressed by setting the compiler option `-Woff unused`

warning[0m: the current member should not have 'open' modifier because it is in a non-inheritable class
  ==> src\select_combining_evaluator.cj:67:5:
   | 
67 |     public open override func matches(root: Element, leafNode: LeafNode): Bool {
   |     ^ 
   | 
   # note: this warning can be suppressed by setting the compiler option `-Woff unused`

warning[0m: the current member should not have 'open' modifier because it is in a non-inheritable class
  ==> src\select_combining_evaluator.cj:76:5:
   | 
76 |     public open override func toString(): String {
   |     ^ 
   | 
   # note: this warning can be suppressed by setting the compiler option `-Woff unused`

warning[0m: the current member should not have 'open' modifier because it is in a non-inheritable class
  ==> src\select_combining_evaluator.cj:97:5:
   | 
97 |     public open override func matches(root: Element, element: Element): Bool {
   |     ^ 
   | 
   # note: this warning can be suppressed by setting the compiler option `-Woff unused`

warning[0m: the current member should not have 'open' modifier because it is in a non-inheritable class
   ==> src\select_combining_evaluator.cj:106:5:
    | 
106 |     public open override func matches(root: Element, leafNode: LeafNode): Bool {
    |     ^ 
    | 
    # note: this warning can be suppressed by setting the compiler option `-Woff unused`

warning[0m: the current member should not have 'open' modifier because it is in a non-inheritable class
   ==> src\select_combining_evaluator.cj:115:5:
    | 
115 |     public open override func toString(): String {
    |     ^ 
    | 
    # note: this warning can be suppressed by setting the compiler option `-Woff unused`

warning[0m: the current member should not have 'open' modifier because it is in a non-inheritable class
  ==> src\select_evaluator.cj:49:5:
   | 
49 |     public open override func matches(root: Element, element: Element): Bool {
   |     ^ 
   | 
   # note: this warning can be suppressed by setting the compiler option `-Woff unused`

warning[0m: the current member should not have 'open' modifier because it is in a non-inheritable class
  ==> src\select_evaluator.cj:52:5:
   | 
52 |     public open override func cost(): Int64 {
   |     ^ 
   | 
   # note: this warning can be suppressed by setting the compiler option `-Woff unused`

warning[0m: the current member should not have 'open' modifier because it is in a non-inheritable class
  ==> src\select_evaluator.cj:55:5:
   | 
55 |     public open override func toString(): String {
   |     ^ 
   | 
   # note: this warning can be suppressed by setting the compiler option `-Woff unused`

warning[0m: the current member should not have 'open' modifier because it is in a non-inheritable class
  ==> src\select_evaluator.cj:65:5:
   | 
65 |     public open override func matches(root: Element, element: Element): Bool {
   |     ^ 
   | 
   # note: this warning can be suppressed by setting the compiler option `-Woff unused`

warning[0m: the current member should not have 'open' modifier because it is in a non-inheritable class
  ==> src\select_evaluator.cj:68:5:
   | 
68 |     public open override func toString(): String {
   |     ^ 
   | 
   # note: this warning can be suppressed by setting the compiler option `-Woff unused`

warning[0m: the current member should not have 'open' modifier because it is in a non-inheritable class
  ==> src\select_evaluator.cj:78:5:
   | 
78 |     public open override func matches(root: Element, element: Element): Bool {
   |     ^ 
   | 
   # note: this warning can be suppressed by setting the compiler option `-Woff unused`

warning[0m: the current member should not have 'open' modifier because it is in a non-inheritable class
  ==> src\select_evaluator.cj:81:5:
   | 
81 |     public open override func toString(): String {
   |     ^ 
   | 
   # note: this warning can be suppressed by setting the compiler option `-Woff unused`

warning[0m: the current member should not have 'open' modifier because it is in a non-inheritable class
  ==> src\select_evaluator.cj:91:5:
   | 
91 |     public open override func matches(root: Element, element: Element): Bool {
   |     ^ 
   | 
   # note: this warning can be suppressed by setting the compiler option `-Woff unused`

warning[0m: the current member should not have 'open' modifier because it is in a non-inheritable class
  ==> src\select_evaluator.cj:94:5:
   | 
94 |     public open override func cost(): Int64 {
   |     ^ 
   | 
   # note: this warning can be suppressed by setting the compiler option `-Woff unused`

warning[0m: the current member should not have 'open' modifier because it is in a non-inheritable class
  ==> src\select_evaluator.cj:97:5:
   | 
97 |     public open override func toString(): String {
   |     ^ 
   | 
   # note: this warning can be suppressed by setting the compiler option `-Woff unused`

warning[0m: the current member should not have 'open' modifier because it is in a non-inheritable class
   ==> src\select_evaluator.cj:107:5:
    | 
107 |     public open override func matches(root: Element, element: Element): Bool {
    |     ^ 
    | 
    # note: this warning can be suppressed by setting the compiler option `-Woff unused`

warning[0m: the current member should not have 'open' modifier because it is in a non-inheritable class
   ==> src\select_evaluator.cj:110:5:
    | 
110 |     public open override func cost(): Int64 {
    |     ^ 
    | 
    # note: this warning can be suppressed by setting the compiler option `-Woff unused`

warning[0m: the current member should not have 'open' modifier because it is in a non-inheritable class
   ==> src\select_evaluator.cj:113:5:
    | 
113 |     public open override func toString(): String {
    |     ^ 
    | 
    # note: this warning can be suppressed by setting the compiler option `-Woff unused`

warning[0m: the current member should not have 'open' modifier because it is in a non-inheritable class
   ==> src\select_evaluator.cj:123:5:
    | 
123 |     public open override func matches(root: Element, element: Element): Bool {
    |     ^ 
    | 
    # note: this warning can be suppressed by setting the compiler option `-Woff unused`

warning[0m: the current member should not have 'open' modifier because it is in a non-inheritable class
   ==> src\select_evaluator.cj:126:5:
    | 
126 |     public open override func cost(): Int64 {
    |     ^ 
    | 
    # note: this warning can be suppressed by setting the compiler option `-Woff unused`

warning[0m: the current member should not have 'open' modifier because it is in a non-inheritable class
   ==> src\select_evaluator.cj:129:5:
    | 
129 |     public open override func toString(): String {
    |     ^ 
    | 
    # note: this warning can be suppressed by setting the compiler option `-Woff unused`

warning[0m: the current member should not have 'open' modifier because it is in a non-inheritable class
   ==> src\select_evaluator.cj:139:5:
    | 
139 |     public open override func matches(root: Element, element: Element): Bool {
    |     ^ 
    | 
    # note: this warning can be suppressed by setting the compiler option `-Woff unused`

warning[0m: the current member should not have 'open' modifier because it is in a non-inheritable class
   ==> src\select_evaluator.cj:148:5:
    | 
148 |     public open override func cost(): Int64 {
    |     ^ 
    | 
    # note: this warning can be suppressed by setting the compiler option `-Woff unused`

warning[0m: the current member should not have 'open' modifier because it is in a non-inheritable class
   ==> src\select_evaluator.cj:151:5:
    | 
151 |     public open override func toString(): String {
    |     ^ 
    | 
    # note: this warning can be suppressed by setting the compiler option `-Woff unused`

warning[0m: the current member should not have 'open' modifier because it is in a non-inheritable class
   ==> src\select_evaluator.cj:160:5:
    | 
160 |     public open override func matches(root: Element, element: Element): Bool {
    |     ^ 
    | 
    # note: this warning can be suppressed by setting the compiler option `-Woff unused`

warning[0m: the current member should not have 'open' modifier because it is in a non-inheritable class
   ==> src\select_evaluator.cj:163:5:
    | 
163 |     public open override func cost(): Int64 {
    |     ^ 
    | 
    # note: this warning can be suppressed by setting the compiler option `-Woff unused`

warning[0m: the current member should not have 'open' modifier because it is in a non-inheritable class
   ==> src\select_evaluator.cj:166:5:
    | 
166 |     public open override func toString(): String {
    |     ^ 
    | 
    # note: this warning can be suppressed by setting the compiler option `-Woff unused`

warning[0m: the current member should not have 'open' modifier because it is in a non-inheritable class
   ==> src\select_evaluator.cj:175:5:
    | 
175 |     public open override func matches(root: Element, element: Element): Bool {
    |     ^ 
    | 
    # note: this warning can be suppressed by setting the compiler option `-Woff unused`

warning[0m: the current member should not have 'open' modifier because it is in a non-inheritable class
   ==> src\select_evaluator.cj:178:5:
    | 
178 |     public open override func cost(): Int64 {
    |     ^ 
    | 
    # note: this warning can be suppressed by setting the compiler option `-Woff unused`

warning[0m: the current member should not have 'open' modifier because it is in a non-inheritable class
   ==> src\select_evaluator.cj:181:5:
    | 
181 |     public open override func toString(): String {
    |     ^ 
    | 
    # note: this warning can be suppressed by setting the compiler option `-Woff unused`

warning[0m: the current member should not have 'open' modifier because it is in a non-inheritable class
   ==> src\select_evaluator.cj:190:5:
    | 
190 |     public open override func matches(root: Element, element: Element): Bool {
    |     ^ 
    | 
    # note: this warning can be suppressed by setting the compiler option `-Woff unused`

warning[0m: the current member should not have 'open' modifier because it is in a non-inheritable class
   ==> src\select_evaluator.cj:193:5:
    | 
193 |     public open override func cost(): Int64 {
    |     ^ 
    | 
    # note: this warning can be suppressed by setting the compiler option `-Woff unused`

warning[0m: the current member should not have 'open' modifier because it is in a non-inheritable class
   ==> src\select_evaluator.cj:196:5:
    | 
196 |     public open override func toString(): String {
    |     ^ 
    | 
    # note: this warning can be suppressed by setting the compiler option `-Woff unused`

warning[0m: the current member should not have 'open' modifier because it is in a non-inheritable class
   ==> src\select_evaluator.cj:205:5:
    | 
205 |     public open override func matches(root: Element, element: Element): Bool {
    |     ^ 
    | 
    # note: this warning can be suppressed by setting the compiler option `-Woff unused`

warning[0m: the current member should not have 'open' modifier because it is in a non-inheritable class
   ==> src\select_evaluator.cj:208:5:
    | 
208 |     public open override func cost(): Int64 {
    |     ^ 
    | 
    # note: this warning can be suppressed by setting the compiler option `-Woff unused`

warning[0m: the current member should not have 'open' modifier because it is in a non-inheritable class
   ==> src\select_evaluator.cj:211:5:
    | 
211 |     public open override func toString(): String {
    |     ^ 
    | 
    # note: this warning can be suppressed by setting the compiler option `-Woff unused`

warning[0m: the current member should not have 'open' modifier because it is in a non-inheritable class
   ==> src\select_evaluator.cj:220:5:
    | 
220 |     public open override func matches(root: Element, element: Element): Bool {
    |     ^ 
    | 
    # note: this warning can be suppressed by setting the compiler option `-Woff unused`

warning[0m: the current member should not have 'open' modifier because it is in a non-inheritable class
   ==> src\select_evaluator.cj:223:5:
    | 
223 |     public open override func cost(): Int64 {
    |     ^ 
    | 
    # note: this warning can be suppressed by setting the compiler option `-Woff unused`

warning[0m: the current member should not have 'open' modifier because it is in a non-inheritable class
   ==> src\select_evaluator.cj:226:5:
    | 
226 |     public open override func toString(): String {
    |     ^ 
    | 
    # note: this warning can be suppressed by setting the compiler option `-Woff unused`

warning[0m: the current member should not have 'open' modifier because it is in a non-inheritable class
   ==> src\select_evaluator.cj:238:5:
    | 
238 |     public open override func matches(root: Element, element: Element): Bool {
    |     ^ 
    | 
    # note: this warning can be suppressed by setting the compiler option `-Woff unused`

warning[0m: the current member should not have 'open' modifier because it is in a non-inheritable class
   ==> src\select_evaluator.cj:241:5:
    | 
241 |     public open override func cost(): Int64 {
    |     ^ 
    | 
    # note: this warning can be suppressed by setting the compiler option `-Woff unused`

warning[0m: the current member should not have 'open' modifier because it is in a non-inheritable class
   ==> src\select_evaluator.cj:244:5:
    | 
244 |     public open override func toString(): String {
    |     ^ 
    | 
    # note: this warning can be suppressed by setting the compiler option `-Woff unused`

warning[0m: the current member should not have 'open' modifier because it is in a non-inheritable class
   ==> src\select_evaluator.cj:266:5:
    | 
266 |     public open override func matches(root: Element, element: Element): Bool {
    |     ^ 
    | 
    # note: this warning can be suppressed by setting the compiler option `-Woff unused`

warning[0m: the current member should not have 'open' modifier because it is in a non-inheritable class
   ==> src\select_evaluator.cj:269:5:
    | 
269 |     public open override func cost(): Int64 {
    |     ^ 
    | 
    # note: this warning can be suppressed by setting the compiler option `-Woff unused`

warning[0m: the current member should not have 'open' modifier because it is in a non-inheritable class
   ==> src\select_evaluator.cj:272:5:
    | 
272 |     public open override func toString(): String {
    |     ^ 
    | 
    # note: this warning can be suppressed by setting the compiler option `-Woff unused`

warning[0m: the current member should not have 'open' modifier because it is in a non-inheritable class
   ==> src\select_evaluator.cj:281:5:
    | 
281 |     public open override func matches(root: Element, element: Element): Bool {
    |     ^ 
    | 
    # note: this warning can be suppressed by setting the compiler option `-Woff unused`

warning[0m: the current member should not have 'open' modifier because it is in a non-inheritable class
   ==> src\select_evaluator.cj:284:5:
    | 
284 |     public open override func toString(): String {
    |     ^ 
    | 
    # note: this warning can be suppressed by setting the compiler option `-Woff unused`

warning[0m: the current member should not have 'open' modifier because it is in a non-inheritable class
   ==> src\select_evaluator.cj:293:5:
    | 
293 |     public open override func matches(root: Element, element: Element): Bool {
    |     ^ 
    | 
    # note: this warning can be suppressed by setting the compiler option `-Woff unused`

warning[0m: the current member should not have 'open' modifier because it is in a non-inheritable class
   ==> src\select_evaluator.cj:296:5:
    | 
296 |     public open override func toString(): String {
    |     ^ 
    | 
    # note: this warning can be suppressed by setting the compiler option `-Woff unused`

warning[0m: the current member should not have 'open' modifier because it is in a non-inheritable class
   ==> src\select_evaluator.cj:305:5:
    | 
305 |     public open override func matches(root: Element, element: Element): Bool {
    |     ^ 
    | 
    # note: this warning can be suppressed by setting the compiler option `-Woff unused`

warning[0m: the current member should not have 'open' modifier because it is in a non-inheritable class
   ==> src\select_evaluator.cj:308:5:
    | 
308 |     public open override func toString(): String {
    |     ^ 
    | 
    # note: this warning can be suppressed by setting the compiler option `-Woff unused`

warning[0m: the current member should not have 'open' modifier because it is in a non-inheritable class
   ==> src\select_evaluator.cj:314:5:
    | 
314 |     public open override func matches(root: Element, element: Element): Bool {
    |     ^ 
    | 
    # note: this warning can be suppressed by setting the compiler option `-Woff unused`

warning[0m: the current member should not have 'open' modifier because it is in a non-inheritable class
   ==> src\select_evaluator.cj:318:5:
    | 
318 |     public open override func toString(): String {
    |     ^ 
    | 
    # note: this warning can be suppressed by setting the compiler option `-Woff unused`

warning[0m: the current member should not have 'open' modifier because it is in a non-inheritable class
   ==> src\select_evaluator.cj:327:5:
    | 
327 |     public open override func toString(): String {
    |     ^ 
    | 
    # note: this warning can be suppressed by setting the compiler option `-Woff unused`

warning[0m: the current member should not have 'open' modifier because it is in a non-inheritable class
   ==> src\select_evaluator.cj:336:5:
    | 
336 |     public open override func toString(): String {
    |     ^ 
    | 
    # note: this warning can be suppressed by setting the compiler option `-Woff unused`

warning[0m: the current member should not have 'open' modifier because it is in a non-inheritable class
   ==> src\select_evaluator.cj:387:5:
    | 
387 |     public open override func calculatePosition(root: Element, element: Element): Int64 {
    |     ^ 
    | 
    # note: this warning can be suppressed by setting the compiler option `-Woff unused`

warning[0m: the current member should not have 'open' modifier because it is in a non-inheritable class
   ==> src\select_evaluator.cj:390:5:
    | 
390 |     public open override func getPseudoClass(): String {
    |     ^ 
    | 
    # note: this warning can be suppressed by setting the compiler option `-Woff unused`

warning[0m: the current member should not have 'open' modifier because it is in a non-inheritable class
   ==> src\select_evaluator.cj:399:5:
    | 
399 |     public open override func calculatePosition(root: Element, element: Element): Int64 {
    |     ^ 
    | 
    # note: this warning can be suppressed by setting the compiler option `-Woff unused`

warning[0m: the current member should not have 'open' modifier because it is in a non-inheritable class
   ==> src\select_evaluator.cj:405:5:
    | 
405 |     public open override func getPseudoClass(): String {
    |     ^ 
    | 
    # note: this warning can be suppressed by setting the compiler option `-Woff unused`

warning[0m: the current member should not have 'open' modifier because it is in a non-inheritable class
   ==> src\select_evaluator.cj:458:5:
    | 
458 |     public open override func matches(root: Element, element: Element): Bool {
    |     ^ 
    | 
    # note: this warning can be suppressed by setting the compiler option `-Woff unused`

warning[0m: the current member should not have 'open' modifier because it is in a non-inheritable class
   ==> src\select_evaluator.cj:462:5:
    | 
462 |     public open override func toString(): String {
    |     ^ 
    | 
    # note: this warning can be suppressed by setting the compiler option `-Woff unused`

warning[0m: the current member should not have 'open' modifier because it is in a non-inheritable class
   ==> src\select_evaluator.cj:468:5:
    | 
468 |     public open override func matches(root: Element, element: Element): Bool {
    |     ^ 
    | 
    # note: this warning can be suppressed by setting the compiler option `-Woff unused`

warning[0m: the current member should not have 'open' modifier because it is in a non-inheritable class
   ==> src\select_evaluator.cj:476:5:
    | 
476 |     public open override func cost(): Int64 {
    |     ^ 
    | 
    # note: this warning can be suppressed by setting the compiler option `-Woff unused`

warning[0m: the current member should not have 'open' modifier because it is in a non-inheritable class
   ==> src\select_evaluator.cj:479:5:
    | 
479 |     public open override func toString(): String {
    |     ^ 
    | 
    # note: this warning can be suppressed by setting the compiler option `-Woff unused`

warning[0m: the current member should not have 'open' modifier because it is in a non-inheritable class
   ==> src\select_evaluator.cj:485:5:
    | 
485 |     public open override func matches(root: Element, element: Element): Bool {
    |     ^ 
    | 
    # note: this warning can be suppressed by setting the compiler option `-Woff unused`

warning[0m: the current member should not have 'open' modifier because it is in a non-inheritable class
   ==> src\select_evaluator.cj:489:5:
    | 
489 |     public open override func toString(): String {
    |     ^ 
    | 
    # note: this warning can be suppressed by setting the compiler option `-Woff unused`

warning[0m: the current member should not have 'open' modifier because it is in a non-inheritable class
   ==> src\select_evaluator.cj:495:5:
    | 
495 |     public open override func matches(root: Element, element: Element): Bool {
    |     ^ 
    | 
    # note: this warning can be suppressed by setting the compiler option `-Woff unused`

warning[0m: the current member should not have 'open' modifier because it is in a non-inheritable class
   ==> src\select_evaluator.cj:513:5:
    | 
513 |     public open override func toString(): String {
    |     ^ 
    | 
    # note: this warning can be suppressed by setting the compiler option `-Woff unused`

warning[0m: the current member should not have 'open' modifier because it is in a non-inheritable class
   ==> src\select_evaluator.cj:519:5:
    | 
519 |     public open override func matches(root: Element, element: Element): Bool {
    |     ^ 
    | 
    # note: this warning can be suppressed by setting the compiler option `-Woff unused`

warning[0m: the current member should not have 'open' modifier because it is in a non-inheritable class
   ==> src\select_evaluator.cj:533:5:
    | 
533 |     public open override func toString(): String {
    |     ^ 
    | 
    # note: this warning can be suppressed by setting the compiler option `-Woff unused`

warning[0m: the current member should not have 'open' modifier because it is in a non-inheritable class
   ==> src\select_evaluator.cj:550:5:
    | 
550 |     public open override func matches(root: Element, element: Element): Bool {
    |     ^ 
    | 
    # note: this warning can be suppressed by setting the compiler option `-Woff unused`

warning[0m: the current member should not have 'open' modifier because it is in a non-inheritable class
   ==> src\select_evaluator.cj:553:5:
    | 
553 |     public open override func cost(): Int64 {
    |     ^ 
    | 
    # note: this warning can be suppressed by setting the compiler option `-Woff unused`

warning[0m: the current member should not have 'open' modifier because it is in a non-inheritable class
   ==> src\select_evaluator.cj:556:5:
    | 
556 |     public open override func toString(): String {
    |     ^ 
    | 
    # note: this warning can be suppressed by setting the compiler option `-Woff unused`

warning[0m: the current member should not have 'open' modifier because it is in a non-inheritable class
   ==> src\select_evaluator.cj:566:5:
    | 
566 |     public open override func matches(root: Element, element: Element): Bool {
    |     ^ 
    | 
    # note: this warning can be suppressed by setting the compiler option `-Woff unused`

warning[0m: the current member should not have 'open' modifier because it is in a non-inheritable class
   ==> src\select_evaluator.cj:569:5:
    | 
569 |     public open override func cost(): Int64 {
    |     ^ 
    | 
    # note: this warning can be suppressed by setting the compiler option `-Woff unused`

warning[0m: the current member should not have 'open' modifier because it is in a non-inheritable class
   ==> src\select_evaluator.cj:572:5:
    | 
572 |     public open override func toString(): String {
    |     ^ 
    | 
    # note: this warning can be suppressed by setting the compiler option `-Woff unused`

warning[0m: the current member should not have 'open' modifier because it is in a non-inheritable class
   ==> src\select_evaluator.cj:582:5:
    | 
582 |     public open override func matches(root: Element, element: Element): Bool {
    |     ^ 
    | 
    # note: this warning can be suppressed by setting the compiler option `-Woff unused`

warning[0m: the current member should not have 'open' modifier because it is in a non-inheritable class
   ==> src\select_evaluator.cj:585:5:
    | 
585 |     public open override func toString(): String {
    |     ^ 
    | 
    # note: this warning can be suppressed by setting the compiler option `-Woff unused`

warning[0m: the current member should not have 'open' modifier because it is in a non-inheritable class
   ==> src\select_evaluator.cj:595:5:
    | 
595 |     public open override func matches(root: Element, element: Element): Bool {
    |     ^ 
    | 
    # note: this warning can be suppressed by setting the compiler option `-Woff unused`

warning[0m: the current member should not have 'open' modifier because it is in a non-inheritable class
   ==> src\select_evaluator.cj:598:5:
    | 
598 |     public open override func toString(): String {
    |     ^ 
    | 
    # note: this warning can be suppressed by setting the compiler option `-Woff unused`

warning[0m: the current member should not have 'open' modifier because it is in a non-inheritable class
   ==> src\select_evaluator.cj:608:5:
    | 
608 |     public open override func matches(root: Element, element: Element): Bool {
    |     ^ 
    | 
    # note: this warning can be suppressed by setting the compiler option `-Woff unused`

warning[0m: the current member should not have 'open' modifier because it is in a non-inheritable class
   ==> src\select_evaluator.cj:611:5:
    | 
611 |     public open override func toString(): String {
    |     ^ 
    | 
    # note: this warning can be suppressed by setting the compiler option `-Woff unused`

warning[0m: the current member should not have 'open' modifier because it is in a non-inheritable class
   ==> src\select_evaluator.cj:621:5:
    | 
621 |     public open override func matches(root: Element, element: Element): Bool {
    |     ^ 
    | 
    # note: this warning can be suppressed by setting the compiler option `-Woff unused`

warning[0m: the current member should not have 'open' modifier because it is in a non-inheritable class
   ==> src\select_evaluator.cj:624:5:
    | 
624 |     public open override func cost(): Int64 {
    |     ^ 
    | 
    # note: this warning can be suppressed by setting the compiler option `-Woff unused`

warning[0m: the current member should not have 'open' modifier because it is in a non-inheritable class
   ==> src\select_evaluator.cj:627:5:
    | 
627 |     public open override func toString(): String {
    |     ^ 
    | 
    # note: this warning can be suppressed by setting the compiler option `-Woff unused`

warning[0m: the current member should not have 'open' modifier because it is in a non-inheritable class
   ==> src\select_evaluator.cj:637:5:
    | 
637 |     public open override func matches(root: Element, element: Element): Bool {
    |     ^ 
    | 
    # note: this warning can be suppressed by setting the compiler option `-Woff unused`

warning[0m: the current member should not have 'open' modifier because it is in a non-inheritable class
   ==> src\select_evaluator.cj:640:5:
    | 
640 |     public open override func cost(): Int64 {
    |     ^ 
    | 
    # note: this warning can be suppressed by setting the compiler option `-Woff unused`

warning[0m: the current member should not have 'open' modifier because it is in a non-inheritable class
   ==> src\select_evaluator.cj:643:5:
    | 
643 |     public open override func toString(): String {
    |     ^ 
    | 
    # note: this warning can be suppressed by setting the compiler option `-Woff unused`

warning[0m: the current member should not have 'open' modifier because it is in a non-inheritable class
   ==> src\select_evaluator.cj:653:5:
    | 
653 |     public open override func matches(root: Element, element: Element): Bool {
    |     ^ 
    | 
    # note: this warning can be suppressed by setting the compiler option `-Woff unused`

warning[0m: the current member should not have 'open' modifier because it is in a non-inheritable class
   ==> src\select_evaluator.cj:656:5:
    | 
656 |     public open override func cost(): Int64 {
    |     ^ 
    | 
    # note: this warning can be suppressed by setting the compiler option `-Woff unused`

warning[0m: the current member should not have 'open' modifier because it is in a non-inheritable class
   ==> src\select_evaluator.cj:659:5:
    | 
659 |     public open override func toString(): String {
    |     ^ 
    | 
    # note: this warning can be suppressed by setting the compiler option `-Woff unused`

warning[0m: the current member should not have 'open' modifier because it is in a non-inheritable class
   ==> src\select_evaluator.cj:669:5:
    | 
669 |     public open override func matches(root: Element, element: Element): Bool {
    |     ^ 
    | 
    # note: this warning can be suppressed by setting the compiler option `-Woff unused`

warning[0m: the current member should not have 'open' modifier because it is in a non-inheritable class
   ==> src\select_evaluator.cj:672:5:
    | 
672 |     public open override func cost(): Int64 {
    |     ^ 
    | 
    # note: this warning can be suppressed by setting the compiler option `-Woff unused`

warning[0m: the current member should not have 'open' modifier because it is in a non-inheritable class
   ==> src\select_evaluator.cj:675:5:
    | 
675 |     public open override func toString(): String {
    |     ^ 
    | 
    # note: this warning can be suppressed by setting the compiler option `-Woff unused`

warning[0m: the current member should not have 'open' modifier because it is in a non-inheritable class
   ==> src\select_evaluator.cj:688:5:
    | 
688 |     public open override func matches(root: Element, element: Element): Bool {
    |     ^ 
    | 
    # note: this warning can be suppressed by setting the compiler option `-Woff unused`

warning[0m: the current member should not have 'open' modifier because it is in a non-inheritable class
   ==> src\select_evaluator.cj:700:5:
    | 
700 |     public open override func cost(): Int64 {
    |     ^ 
    | 
    # note: this warning can be suppressed by setting the compiler option `-Woff unused`

warning[0m: the current member should not have 'open' modifier because it is in a non-inheritable class
   ==> src\select_evaluator.cj:703:5:
    | 
703 |     public open override func toString(): String {
    |     ^ 
    | 
    # note: this warning can be suppressed by setting the compiler option `-Woff unused`

warning[0m: the current member should not have 'open' modifier because it is in a non-inheritable class
  ==> src\select_node_evaluator.cj:23:5:
   | 
23 |     public open override func evaluateMatch(node: Node): Bool {
   |     ^ 
   | 
   # note: this warning can be suppressed by setting the compiler option `-Woff unused`

warning[0m: the current member should not have 'open' modifier because it is in a non-inheritable class
  ==> src\select_node_evaluator.cj:26:5:
   | 
26 |     public open override func cost(): Int64 {
   |     ^ 
   | 
   # note: this warning can be suppressed by setting the compiler option `-Woff unused`

warning[0m: the current member should not have 'open' modifier because it is in a non-inheritable class
  ==> src\select_node_evaluator.cj:29:5:
   | 
29 |     public open override func toString(): String {
   |     ^ 
   | 
   # note: this warning can be suppressed by setting the compiler option `-Woff unused`

warning[0m: the current member should not have 'open' modifier because it is in a non-inheritable class
  ==> src\select_node_evaluator.cj:39:5:
   | 
39 |     public open override func evaluateMatch(node: Node): Bool {
   |     ^ 
   | 
   # note: this warning can be suppressed by setting the compiler option `-Woff unused`

warning[0m: the current member should not have 'open' modifier because it is in a non-inheritable class
  ==> src\select_node_evaluator.cj:42:5:
   | 
42 |     public open override func cost(): Int64 {
   |     ^ 
   | 
   # note: this warning can be suppressed by setting the compiler option `-Woff unused`

warning[0m: the current member should not have 'open' modifier because it is in a non-inheritable class
  ==> src\select_node_evaluator.cj:45:5:
   | 
45 |     public open override func toString(): String {
   |     ^ 
   | 
   # note: this warning can be suppressed by setting the compiler option `-Woff unused`

warning[0m: the current member should not have 'open' modifier because it is in a non-inheritable class
  ==> src\select_node_evaluator.cj:51:5:
   | 
51 |     public open override func evaluateMatch(node: Node): Bool {
   |     ^ 
   | 
   # note: this warning can be suppressed by setting the compiler option `-Woff unused`

warning[0m: the current member should not have 'open' modifier because it is in a non-inheritable class
  ==> src\select_node_evaluator.cj:54:5:
   | 
54 |     public open override func cost(): Int64 {
   |     ^ 
   | 
   # note: this warning can be suppressed by setting the compiler option `-Woff unused`

warning[0m: the current member should not have 'open' modifier because it is in a non-inheritable class
  ==> src\select_node_evaluator.cj:57:5:
   | 
57 |     public open override func toString(): String {
   |     ^ 
   | 
   # note: this warning can be suppressed by setting the compiler option `-Woff unused`

warning[0m: the current member should not have 'open' modifier because it is in a non-inheritable class
  ==> src\select_node_evaluator.cj:67:5:
   | 
67 |     public open override func evaluateMatch(node: Node): Bool {
   |     ^ 
   | 
   # note: this warning can be suppressed by setting the compiler option `-Woff unused`

warning[0m: the current member should not have 'open' modifier because it is in a non-inheritable class
  ==> src\select_node_evaluator.cj:70:5:
   | 
70 |     public open override func cost(): Int64 {
   |     ^ 
   | 
   # note: this warning can be suppressed by setting the compiler option `-Woff unused`

warning[0m: the current member should not have 'open' modifier because it is in a non-inheritable class
  ==> src\select_node_evaluator.cj:73:5:
   | 
73 |     public open override func toString(): String {
   |     ^ 
   | 
   # note: this warning can be suppressed by setting the compiler option `-Woff unused`

warning[0m: the current member should not have 'open' modifier because it is in a non-inheritable class
  ==> src\select_structural_evaluator.cj:35:5:
   | 
35 |     public open override func matches(root: Element, element: Element): Bool {
   |     ^ 
   | 
   # note: this warning can be suppressed by setting the compiler option `-Woff unused`

warning[0m: the current member should not have 'open' modifier because it is in a non-inheritable class
  ==> src\select_structural_evaluator.cj:38:5:
   | 
38 |     public open override func cost(): Int64 {
   |     ^ 
   | 
   # note: this warning can be suppressed by setting the compiler option `-Woff unused`

warning[0m: the current member should not have 'open' modifier because it is in a non-inheritable class
  ==> src\select_structural_evaluator.cj:41:5:
   | 
41 |     public open override func toString(): String {
   |     ^ 
   | 
   # note: this warning can be suppressed by setting the compiler option `-Woff unused`

warning[0m: the current member should not have 'open' modifier because it is in a non-inheritable class
  ==> src\select_structural_evaluator.cj:55:5:
   | 
55 |     public open override func matches(root: Element, element: Element): Bool {
   |     ^ 
   | 
   # note: this warning can be suppressed by setting the compiler option `-Woff unused`

warning[0m: the current member should not have 'open' modifier because it is in a non-inheritable class
  ==> src\select_structural_evaluator.cj:82:5:
   | 
82 |     public open override func evaluateMatch(root: Element, node: Node): Bool {
   |     ^ 
   | 
   # note: this warning can be suppressed by setting the compiler option `-Woff unused`

warning[0m: the current member should not have 'open' modifier because it is in a non-inheritable class
  ==> src\select_structural_evaluator.cj:85:5:
   | 
85 |     public open func evalWantsSiblings(eval: Evaluator): Bool {
   |     ^ 
   | 
   # note: this warning can be suppressed by setting the compiler option `-Woff unused`

warning[0m: the current member should not have 'open' modifier because it is in a non-inheritable class
  ==> src\select_structural_evaluator.cj:95:5:
   | 
95 |     public open override func cost(): Int64 {
   |     ^ 
   | 
   # note: this warning can be suppressed by setting the compiler option `-Woff unused`

warning[0m: the current member should not have 'open' modifier because it is in a non-inheritable class
  ==> src\select_structural_evaluator.cj:98:5:
   | 
98 |     public open override func toString(): String {
   |     ^ 
   | 
   # note: this warning can be suppressed by setting the compiler option `-Woff unused`

warning[0m: the current member should not have 'open' modifier because it is in a non-inheritable class
   ==> src\select_structural_evaluator.cj:107:5:
    | 
107 |     public open override func evaluateMatch(root: Element, node: Node): Bool {
    |     ^ 
    | 
    # note: this warning can be suppressed by setting the compiler option `-Woff unused`

warning[0m: the current member should not have 'open' modifier because it is in a non-inheritable class
   ==> src\select_structural_evaluator.cj:110:5:
    | 
110 |     public open override func cost(): Int64 {
    |     ^ 
    | 
    # note: this warning can be suppressed by setting the compiler option `-Woff unused`

warning[0m: the current member should not have 'open' modifier because it is in a non-inheritable class
   ==> src\select_structural_evaluator.cj:113:5:
    | 
113 |     public open override func toString(): String {
    |     ^ 
    | 
    # note: this warning can be suppressed by setting the compiler option `-Woff unused`

warning[0m: the current member should not have 'open' modifier because it is in a non-inheritable class
   ==> src\select_structural_evaluator.cj:122:5:
    | 
122 |     public open override func evaluateMatch(root: Element, node: Node): Bool {
    |     ^ 
    | 
    # note: this warning can be suppressed by setting the compiler option `-Woff unused`

warning[0m: the current member should not have 'open' modifier because it is in a non-inheritable class
   ==> src\select_structural_evaluator.cj:125:5:
    | 
125 |     public open override func cost(): Int64 {
    |     ^ 
    | 
    # note: this warning can be suppressed by setting the compiler option `-Woff unused`

warning[0m: the current member should not have 'open' modifier because it is in a non-inheritable class
   ==> src\select_structural_evaluator.cj:128:5:
    | 
128 |     public open override func toString(): String {
    |     ^ 
    | 
    # note: this warning can be suppressed by setting the compiler option `-Woff unused`

warning[0m: the current member should not have 'open' modifier because it is in a non-inheritable class
   ==> src\select_structural_evaluator.cj:137:5:
    | 
137 |     public open override func evaluateMatch(root: Element, node: Node): Bool {
    |     ^ 
    | 
    # note: this warning can be suppressed by setting the compiler option `-Woff unused`

warning[0m: the current member should not have 'open' modifier because it is in a non-inheritable class
   ==> src\select_structural_evaluator.cj:153:5:
    | 
153 |     public open override func cost(): Int64 {
    |     ^ 
    | 
    # note: this warning can be suppressed by setting the compiler option `-Woff unused`

warning[0m: the current member should not have 'open' modifier because it is in a non-inheritable class
   ==> src\select_structural_evaluator.cj:156:5:
    | 
156 |     public open override func toString(): String {
    |     ^ 
    | 
    # note: this warning can be suppressed by setting the compiler option `-Woff unused`

warning[0m: the current member should not have 'open' modifier because it is in a non-inheritable class
   ==> src\select_structural_evaluator.cj:169:5:
    | 
169 |     public open func add(evaluator: Evaluator) {
    |     ^ 
    | 
    # note: this warning can be suppressed by setting the compiler option `-Woff unused`

warning[0m: the current member should not have 'open' modifier because it is in a non-inheritable class
   ==> src\select_structural_evaluator.cj:174:5:
    | 
174 |     public open override func evaluateMatch(root: Element, node: Node): Bool {
    |     ^ 
    | 
    # note: this warning can be suppressed by setting the compiler option `-Woff unused`

warning[0m: the current member should not have 'open' modifier because it is in a non-inheritable class
   ==> src\select_structural_evaluator.cj:191:5:
    | 
191 |     public open override func cost(): Int64 {
    |     ^ 
    | 
    # note: this warning can be suppressed by setting the compiler option `-Woff unused`

warning[0m: the current member should not have 'open' modifier because it is in a non-inheritable class
   ==> src\select_structural_evaluator.cj:194:5:
    | 
194 |     public open override func reset() {
    |     ^ 
    | 
    # note: this warning can be suppressed by setting the compiler option `-Woff unused`

warning[0m: the current member should not have 'open' modifier because it is in a non-inheritable class
   ==> src\select_structural_evaluator.cj:200:5:
    | 
200 |     public open override func toString(): String {
    |     ^ 
    | 
    # note: this warning can be suppressed by setting the compiler option `-Woff unused`

warning[0m: the current member should not have 'open' modifier because it is in a non-inheritable class
   ==> src\select_structural_evaluator.cj:209:5:
    | 
209 |     public open override func evaluateMatch(root: Element, node: Node): Bool {
    |     ^ 
    | 
    # note: this warning can be suppressed by setting the compiler option `-Woff unused`

warning[0m: the current member should not have 'open' modifier because it is in a non-inheritable class
   ==> src\select_structural_evaluator.cj:225:5:
    | 
225 |     public open override func cost(): Int64 {
    |     ^ 
    | 
    # note: this warning can be suppressed by setting the compiler option `-Woff unused`

warning[0m: the current member should not have 'open' modifier because it is in a non-inheritable class
   ==> src\select_structural_evaluator.cj:228:5:
    | 
228 |     public open override func toString(): String {
    |     ^ 
    | 
    # note: this warning can be suppressed by setting the compiler option `-Woff unused`

warning[0m: the current member should not have 'open' modifier because it is in a non-inheritable class
   ==> src\select_structural_evaluator.cj:237:5:
    | 
237 |     public open override func evaluateMatch(root: Element, node: Node): Bool {
    |     ^ 
    | 
    # note: this warning can be suppressed by setting the compiler option `-Woff unused`

warning[0m: the current member should not have 'open' modifier because it is in a non-inheritable class
   ==> src\select_structural_evaluator.cj:248:5:
    | 
248 |     public open override func cost(): Int64 {
    |     ^ 
    | 
    # note: this warning can be suppressed by setting the compiler option `-Woff unused`

warning[0m: the current member should not have 'open' modifier because it is in a non-inheritable class
   ==> src\select_structural_evaluator.cj:251:5:
    | 
251 |     public open override func toString(): String {
    |     ^ 
    | 
    # note: this warning can be suppressed by setting the compiler option `-Woff unused`

error[0m: class 'Attribute' can only inherit a class or implement interfaces
  ==> src\nodes_attribute.cj:16:25:
   | 
16 | open class Attribute <: Map.Entry & KCloneable & ToString {
   |                         ^ 
   | 

error[0m: class 'StartTag' can only inherit a class or implement interfaces
   ==> src\parser_token.cj:276:19:
    | 
276 | class StartTag <: Tag & ToString {
    |                   ^ 
    | 

error[0m: class 'EndTag' can only inherit a class or implement interfaces
   ==> src\parser_token.cj:305:17:
    | 
305 | class EndTag <: Tag & ToString {
    |                 ^ 
    | 

error[0m: class 'CData' can only inherit a class or implement interfaces
   ==> src\parser_token.cj:389:16:
    | 
389 | class CData <: Character & ToString {
    |                ^ 
    | 

error[0m: class 'XmlDecl' can only inherit a class or implement interfaces
   ==> src\parser_token.cj:398:18:
    | 
398 | class XmlDecl <: Tag & ToString {
    |                  ^ 
    | 

error[0m: super class 'IllegalStateException' is not inheritable
  ==> src\select_selector.cj:75:33:
   | 
75 | class SelectorParseException <: IllegalStateException {
   |                                 ^ 
   | 

error[0m: function '__k2cjRuneSlice' has overload conflicts
 ==> src\select_query_parser.cj:5:6:
  | 
5 | func __k2cjRuneSlice(input: String, start: Int64, end: Int64): String {
  |      ^^^^^^^^^^^^^^^ 
  | 
note[0m: conflict with the declaration
 ==> src\select_evaluator.cj:5:6:
  | 
5 | func __k2cjRuneSlice(input: String, start: Int64, end: Int64): String {
  |      ^^^^^^^^^^^^^^^ 
  | 
note[0m: conflict with the declaration
 ==> src\parser_xml_tree_builder.cj:5:6:
  | 
5 | func __k2cjRuneSlice(input: String, start: Int64, end: Int64): String {
  |      ^^^^^^^^^^^^^^^ 
  | 
note[0m: conflict with the declaration
 ==> src\parser_tag.cj:3:6:
  | 
3 | func __k2cjRuneSlice(input: String, start: Int64, end: Int64): String {
  |      ^^^^^^^^^^^^^^^ 
  | 
note[0m: conflict with the declaration
 ==> src\nodes_text_node.cj:3:6:
  | 
3 | func __k2cjRuneSlice(input: String, start: Int64, end: Int64): String {
  |      ^^^^^^^^^^^^^^^ 
  | 
note[0m: conflict with the declaration
 ==> src\nodes_node.cj:5:6:
  | 
5 | func __k2cjRuneSlice(input: String, start: Int64, end: Int64): String {
  |      ^^^^^^^^^^^^^^^ 
  | 
note[0m: conflict with the declaration
 ==> src\nodes_attribute.cj:5:6:
  | 
5 | func __k2cjRuneSlice(input: String, start: Int64, end: Int64): String {
  |      ^^^^^^^^^^^^^^^ 
  | 
note[0m: conflict with the declaration
 ==> src\internal_urlutil.cj:5:6:
  | 
5 | func __k2cjRuneSlice(input: String, start: Int64, end: Int64): String {
  |      ^^^^^^^^^^^^^^^ 
  | 

error[0m: overloaded functions 'html' cannot mix static and non-static
   ==> src\nodes_attribute.cj:149:24:
    | 
149 |     public static func html(key: String, value: ?String, accum: QuietAppendable, out: Document.OutputSettings) {
    |                        ^^^^ 
    | 
note[0m: non-static function is here
   ==> src\nodes_attribute.cj:113:22:
    | 
113 |     public open func html(accum: QuietAppendable, out: Document.OutputSettings): Unit {
    |                      ^^^^ 
    | 

error[0m: constructor 'init' has overload conflicts
  ==> src\select_elements.cj:13:5:
   | 
13 |     init(elements: ArrayList<Element>) {
   |     ^^^^ 
   | 
note[0m: conflict with the declaration
 ==> src\select_elements.cj:6:5:
  | 
6 |     init(delegateList!: ArrayList<Element> = ArrayList()) {
  |     ^^^^ 
  | 

error[0m: constructor 'init' has overload conflicts
  ==> src\select_nodes.cj:39:5:
   | 
39 |     init(nodes: ArrayList<T>) {
   |     ^^^^ 
   | 
note[0m: conflict with the declaration
 ==> src\select_nodes.cj:7:5:
  | 
7 |     init(delegateList!: ArrayList<T> = ArrayList()) {
  |     ^^^^ 
  | 

error[0m: overloaded functions 'isDataAttribute' cannot mix static and non-static
   ==> src\nodes_attribute.cj:227:24:
    | 
227 |     public static func isDataAttribute(key: String): Bool {
    |                        ^^^^^^^^^^^^^^^ 
    | 
note[0m: non-static function is here
   ==> src\nodes_attribute.cj:140:22:
    | 
140 |     public open func isDataAttribute(): Bool {
    |                      ^^^^^^^^^^^^^^^ 
    | 

error[0m: overloaded functions 'isKnownTag' cannot mix static and non-static
   ==> src\parser_tag.cj:136:17:
    | 
136 |     static func isKnownTag(tagName: String): Bool {
    |                 ^^^^^^^^^^ 
    | 
note[0m: non-static function is here
   ==> src\parser_tag.cj:106:10:
    | 
106 |     func isKnownTag(): Bool {
    |          ^^^^^^^^^^ 
    | 

error[0m: overloaded functions 'onStack' cannot mix static and non-static
   ==> src\parser_html_tree_builder.cj:810:24:
    | 
810 |     public static func onStack(queue: ArrayList<?Element>, element: Element): Bool {
    |                        ^^^^^^^ 
    | 
note[0m: non-static function is here
   ==> src\parser_html_tree_builder.cj:276:22:
    | 
276 |     public open func onStack(elName: ?String): Bool {
    |                      ^^^^^^^ 
    | 

error[0m: overloaded functions 'parse' cannot mix static and non-static
   ==> src\select_query_parser.cj:373:17:
    | 
373 |     static func parse(query: String): Evaluator {
    |                 ^^^^^ 
    | 
note[0m: non-static function is here
  ==> src\select_query_parser.cj:26:10:
   | 
26 |     func parse(): Evaluator {
   |          ^^^^^ 
   | 

error[0m: overloaded functions 'rangeEquals' cannot mix static and non-static
   ==> src\parser_character_reader.cj:505:17:
    | 
505 |     static func rangeEquals(charBuf: ?Array<Rune>, start: Int64, count: Int64, cached: String): Bool {
    |                 ^^^^^^^^^^^ 
    | 
note[0m: non-static function is here
   ==> src\parser_character_reader.cj:462:10:
    | 
462 |     func rangeEquals(start: Int64, count: Int64, cached: String): Bool {
    |          ^^^^^^^^^^^ 
    | 

error[0m: overloaded functions 'reset' cannot mix static and non-static
  ==> src\parser_token.cj:74:24:
   | 
74 |     public static func reset(sb: ?StringBuilder) {
   |                        ^^^^^ 
   | 
note[0m: non-static function is here
  ==> src\parser_token.cj:15:22:
   | 
15 |     public open func reset(): Token {
   |                      ^^^^^ 
   | 

error[0m: 'break' or 'continue' must be used inside a loop
   ==> src\parser_html_tree_builder.cj:466:17:
    | 
466 |                 break
    |                 ^ 
    | 

error[0m: 'break' or 'continue' must be used inside a loop
   ==> src\parser_html_tree_builder.cj:462:21:
    | 
462 |                     break
    |                     ^ 
    | 

error[0m: 'break' or 'continue' must be used inside a loop
   ==> src\parser_html_tree_builder.cj:454:21:
    | 
454 |                     break
    |                     ^ 
    | 

error[0m: 'break' or 'continue' must be used inside a loop
   ==> src\parser_html_tree_builder.cj:451:21:
    | 
451 |                     break
    |                     ^ 
    | 

error[0m: 'break' or 'continue' must be used inside a loop
   ==> src\parser_html_tree_builder.cj:447:25:
    | 
447 |                         break
    |                         ^ 
    | 

error[0m: 'break' or 'continue' must be used inside a loop
   ==> src\parser_html_tree_builder.cj:443:21:
    | 
443 |                     break
    |                     ^ 
    | 

error[0m: 'break' or 'continue' must be used inside a loop
   ==> src\parser_html_tree_builder.cj:438:21:
    | 
438 |                     break
    |                     ^ 
    | 

error[0m: 'break' or 'continue' must be used inside a loop
   ==> src\parser_html_tree_builder.cj:435:21:
    | 
435 |                     break
    |                     ^ 
    | 

error[0m: 'break' or 'continue' must be used inside a loop
   ==> src\parser_html_tree_builder.cj:432:21:
    | 
432 |                     break
    |                     ^ 
    | 

error[0m: 'break' or 'continue' must be used inside a loop
   ==> src\parser_html_tree_builder.cj:429:21:
    | 
429 |                     break
    |                     ^ 
    | 

error[0m: 'break' or 'continue' must be used inside a loop
   ==> src\parser_html_tree_builder.cj:426:21:
    | 
426 |                     break
    |                     ^ 
    | 

error[0m: 'break' or 'continue' must be used inside a loop
   ==> src\parser_html_tree_builder.cj:422:25:
    | 
422 |                         break
    |                         ^ 
    | 

error[0m: 'break' or 'continue' must be used inside a loop
   ==> src\parser_html_tree_builder.cj:418:21:
    | 
418 |                     break
    |                     ^ 
    | 

error[0m: 'break' or 'continue' must be used inside a loop
   ==> src\parser_html_tree_builder.cj:413:17:
    | 
413 |                 continue
    |                 ^ 
    | 

error[0m: extra argument given for parameter list '()' in call
 ==> src\exception_serialization_exception.cj:9:14:
  | 
9 |         super(message)
  |              ^^^^^^^^^ expected 0 arguments, found 1
  | 
note[0m: found candidate
  ==> (package std.core)object.cj:14:18:

error[0m: extra argument given for parameter list '()' in call
  ==> src\exception_serialization_exception.cj:12:14:
   | 
12 |         super(cause)
   |              ^^^^^^^ expected 0 arguments, found 1
   | 
note[0m: found candidate
  ==> (package std.core)object.cj:14:18:

error[0m: extra arguments given for parameter list '()' in call
  ==> src\exception_serialization_exception.cj:16:14:
   | 
16 |         super(message, cause)
   |              ^^^^^^^^^^^^^^^^ expected 0 arguments, found 2
   | 
note[0m: found candidate
  ==> (package std.core)object.cj:14:18:

error[0m: undeclared identifier 'IOException'
  ==> src\exception_unchecked_ioexception.cj:10:15:
   | 
10 |         super(IOException(message).toString())
   |               ^ 
   | 

error[0m: mismatched types
 ==> src\exception_validation_exception.cj:5:15:
  | 
5 |         super(msg)
  |               ^^^ expected 'Struct-String', found 'Enum-Option<Struct-String>'
  | 

error[0m: 'isNullOrEmpty' is not a member of struct 'String'
  ==> src\helper_validate.cj:35:33:
   | 
35 |         if (string.getOrThrow().isNullOrEmpty()) {
   |                                 ^^^^^^^^^^^^^ 
   | 

error[0m: 'isNullOrEmpty' is not a member of struct 'String'
  ==> src\helper_validate.cj:40:33:
   | 
40 |         if (string.getOrThrow().isNullOrEmpty()) {
   |                                 ^^^^^^^^^^^^^ 
   | 

error[0m: 'isNullOrEmpty' is not a member of struct 'String'
  ==> src\helper_validate.cj:45:33:
   | 
45 |         if (string.getOrThrow().isNullOrEmpty()) {
   |                                 ^^^^^^^^^^^^^ 
   | 

error[0m: mismatched types
  ==> src\helper_validate.cj:50:37:
   | 
50 |         throw IllegalStateException(msg)
   |                                     ^^^ expected 'Struct-String', found 'Enum-Option<Struct-String>'
   | 

error[0m: extra argument given for parameter list '()' in call
  ==> src\internal_normalizer.cj:10:42:
   | 
10 |         return lowerCase(input).trimAscii({ it => it <= r' ' })
   |                                          ^^^^^^^^^^^^^^^^^^^^^^ expected 0 arguments, found 1
   | 
note[0m: found candidate
   ==> (package std.core)string.cj:670:17:

error[0m: 'OutputSettings' is not a member of class 'Document'
  ==> src\internal_normalizer.cj:20:56:
   | 
20 |         return Attribute.getValidKey(tagname, Document.OutputSettings.Syntax.xml)
   |                                                        ^^^^^^^^^^^^^^ 
   | 

error[0m: no matching constructor for call 'BaseAppendable'
  ==> src\internal_quiet_appendable.cj:11:13:
   | 
11 |             BaseAppendable(a)
   |             ^ 
   | 

error[0m: 'appendRange' is not a member of class 'StringBuilder'
  ==> src\internal_quiet_appendable.cj:58:12:
   | 
58 |         sb.appendRange(chars, offset, offset + len)
   |            ^^^^^^^^^^^ 
   | 

error[0m: undeclared identifier 'ArrayDeque'
 ==> src\internal_soft_pool.cj:8:73:
  | 
8 |     let threadLocalStack: ThreadLocal<ArrayDeque<T>> = ThreadLocal({ => ArrayDeque() })
  |                                                                         ^ 
  | 

error[0m: generic type should be used with type argument
  ==> src\internal_soft_pool.cj:18:26:
   | 
18 |         if (stack.size < SoftPool.MaxIdle) {
   |                          ^ 
   | 

error[0m: 'hasNext' is not a member of class 'Iterator<Class-Object>'
  ==> src\internal_string_util.cj:19:22:
   | 
19 |         if (!strings.hasNext()) {
   |                      ^^^^^^^ 
   | 

error[0m: 'toString' is not a member of enum 'Option<Class-Object>'
  ==> src\internal_string_util.cj:22:36:
   | 
22 |         let start = strings.next().toString()
   |                                    ^^^^^^^^ 
   | 

error[0m: 'hasNext' is not a member of class 'Iterator<Class-Object>'
  ==> src\internal_string_util.cj:23:22:
   | 
23 |         if (!strings.hasNext()) {
   |                      ^^^^^^^ 
   | 

error[0m: 'hasNext' is not a member of class 'Iterator<Class-Object>'
  ==> src\internal_string_util.cj:28:24:
   | 
28 |         while (strings.hasNext()) {
   |                        ^^^^^^^ 
   | 

error[0m: undeclared identifier 'require'
  ==> src\internal_string_util.cj:34:9:
   | 
34 |         require(width >= 0, { => "width must be >= 0" })
   |         ^ 
   | 

error[0m: undeclared identifier 'require'
  ==> src\internal_string_util.cj:35:9:
   | 
35 |         require(maxPaddingWidth >= -1)
   |         ^ 
   | 

error[0m: 'isNullOrEmpty' is not a member of struct 'String'
  ==> src\internal_string_util.cj:48:33:
   | 
48 |         if (string.getOrThrow().isNullOrEmpty()) {
   |                                 ^^^^^^^^^^^^^ 
   | 

error[0m: 'isNullOrEmpty' is not a member of struct 'String'
  ==> src\internal_string_util.cj:60:40:
   | 
60 |         return if (string.getOrThrow().isNullOrEmpty()) {
   |                                        ^^^^^^^^^^^^^ 
   | 

error[0m: invalid subscript operator [] on type 'Enum-Option<Struct-String>' with index type 'Int64'
  ==> src\internal_string_util.cj:63:13:
   | 
63 |             string[0] == r'\n'
   |             ^^^^^^^^^ 
   | 
   # note: you may want to implement 'operator func [](index0: Int64)' for type 'Enum-Option<Struct-String>'

error[0m: 'isNullOrEmpty' is not a member of struct 'String'
  ==> src\internal_string_util.cj:67:33:
   | 
67 |         if (string.getOrThrow().isNullOrEmpty()) {
   |                                 ^^^^^^^^^^^^^ 
   | 

error[0m: invalid subscript operator [] on type 'Enum-Option<Struct-String>' with index type 'Int64'
  ==> src\internal_string_util.cj:72:26:
   | 
72 |             if (!isDigit(string[i])) {
   |                          ^^^^^^^^^ 
   | 
   # note: you may want to implement 'operator func [](index0: Int64)' for type 'Enum-Option<Struct-String>'

error[0m: 'appendCodePoint' is not a member of class 'StringBuilder'
   ==> src\internal_string_util.cj:108:23:
    | 
108 |                 accum.appendCodePoint(c.value)
    |                       ^^^^^^^^^^^^^^^ 
    | 

error[0m: 'binarySearch' is not a member of struct 'Array<Struct-String>'
   ==> src\internal_string_util.cj:125:25:
    | 
125 |         return haystack.binarySearch(needle) >= 0
    |                         ^^^^^^^^^^^^ 
    | 

error[0m: 'toRuneArray' is not a member of class 'StringBuilder'
   ==> src\internal_string_util.cj:157:16:
    | 
157 |         if (sb.toRuneArray().size <= StringUtil.INSTANCE.MaxBuilderSize) {
    |                ^^^^^^^^^^^ 
    | 

error[0m: 'deleteRange' is not a member of class 'StringBuilder'
   ==> src\internal_string_util.cj:158:16:
    | 
158 |             sb.deleteRange(0, sb.toRuneArray().size)
    |                ^^^^^^^^^^^ 
    | 

error[0m: undeclared identifier 'borrowBuilder'
   ==> src\internal_string_util.cj:178:30:
    | 
178 |     var sb: ?StringBuilder = borrowBuilder()
    |                              ^ 
    | 

error[0m: mismatched types
   ==> src\internal_string_util.cj:184:32:
    | 
184 |         sb.getOrThrow().append(stringy)
    |                                ^^^^^^^ expected 'Rune', found 'Enum-Option<Class-Object>'
    | 

error[0m: mismatched types
   ==> src\internal_string_util.cj:189:32:
    | 
189 |         sb.getOrThrow().append(stringy)
    |                                ^^^^^^^ expected 'Rune', found 'Enum-Option<Class-Object>'
    | 

error[0m: undeclared identifier 'releaseBuilder'
   ==> src\internal_string_util.cj:194:13:
    | 
194 |             releaseBuilder(it)
    |             ^ 
    | 

error[0m: parameters of this lambda expression must have type annotations
  ==> src\internal_unbaser.cj:20:96:
   | 
20 |     let dict = { => collectArrayList(Unbaser.ALPHABET()[selector].iterator().enumerate().map({ _p => ({ index, c => (c, index) })(_p[0], _p[1]) }))?.toMap() }()
   |                                                                                                ^^ 
   | 

error[0m: 'toIntOrNull' is not a member of struct 'String'
  ==> src\internal_unbaser.cj:23:19:
   | 
23 |             value.toIntOrNull(base) ?? 0
   |                   ^^^^^^^^^^^ 
   | 

error[0m: mismatched types
  ==> src\internal_unbaser.cj:29:51:
   | 
29 |                 returnVal += Int64((Float64.parse(base).pow(i) * (dict?.get(cipher) ?? 0)))
   |                                                   ^^^^ expected 'Struct-String', found 'Int64'
   | 

error[0m: invalid binary operator '<' on type 'Enum-Option<Int64>' and 'Enum-Option<Int64>'
  ==> src\internal_urlutil.cj:48:32:
   | 
48 |             (if (relQueryIndex < relFragmentIndex) { relQueryIndex } else { relFragmentIndex })
   |                                ^ 
   | 
   # note: you may want to implement 'operator func <(right: Enum-Option<Int64>)' for type 'Enum-Option<Int64>'

error[0m: generic type should be used with type argument
  ==> src\internal_urlutil.cj:59:13:
   | 
59 |             None
   |             ^ 
   | 

error[0m: enum pattern is not matched
  ==> src\internal_urlutil.cj:61:38:
   | 
61 |         let normalizedPath = if (let Some(it) <- normalizePath(resolvedPath, addRoot: !(baseUrl.authority.isEmpty()))) {
   |                                      ^ 
   | 

error[0m: enum pattern is not matched
  ==> src\internal_urlutil.cj:62:21:
   | 
62 |             if (let Some(queryOrFragmentValue) <- queryOrFragment) {
   |                     ^ 
   | 

error[0m: undeclared identifier 'queryOrFragmentValue'
  ==> src\internal_urlutil.cj:63:39:
   | 
63 |                 let queryOrFragment = queryOrFragmentValue
   |                                       ^ 
   | 

error[0m: undeclared identifier 'it'
  ==> src\internal_urlutil.cj:64:17:
   | 
64 |                 it + queryOrFragment
   |                 ^ 
   | 

error[0m: undeclared identifier 'it'
  ==> src\internal_urlutil.cj:66:17:
   | 
66 |                 it
   |                 ^ 
   | 

error[0m: cannot convert a character literal to type 'UInt8'
  ==> src\internal_urlutil.cj:80:63:
   | 
80 |             __k2cjRuneSlice(basePath, 0, basePath.lastIndexOf(r'/') + 1)
   |                                                               ^ 
   | 

error[0m: ambiguous match for function call '__k2cjRuneSlice'
   ==> src\internal_urlutil.cj:110:13:
    | 
110 |             __k2cjRuneSlice(path, 0, queryIndex)
    |             ^ 
    | 
note[0m: found candidate
 ==> src\internal_urlutil.cj:5:6:
  | 
5 | func __k2cjRuneSlice(input: String, start: Int64, end: Int64): String {
  |      ^ 
  | 
note[0m: found candidate
 ==> src\nodes_attribute.cj:5:6:
  | 
5 | func __k2cjRuneSlice(input: String, start: Int64, end: Int64): String {
  |      ^ 
  | 
note[0m: found candidate
 ==> src\nodes_node.cj:5:6:
  | 
5 | func __k2cjRuneSlice(input: String, start: Int64, end: Int64): String {
  |      ^ 
  | 
note[0m: found candidate
 ==> src\nodes_text_node.cj:3:6:
  | 
3 | func __k2cjRuneSlice(input: String, start: Int64, end: Int64): String {
  |      ^ 
  | 
note[0m: found candidate
 ==> src\parser_tag.cj:3:6:
  | 
3 | func __k2cjRuneSlice(input: String, start: Int64, end: Int64): String {
  |      ^ 
  | 
note[0m: found candidate
 ==> src\parser_xml_tree_builder.cj:5:6:
  | 
5 | func __k2cjRuneSlice(input: String, start: Int64, end: Int64): String {
  |      ^ 
  | 
note[0m: found candidate
 ==> src\select_evaluator.cj:5:6:
  | 
5 | func __k2cjRuneSlice(input: String, start: Int64, end: Int64): String {
  |      ^ 
  | 
note[0m: found candidate
 ==> src\select_query_parser.cj:5:6:
  | 
5 | func __k2cjRuneSlice(input: String, start: Int64, end: Int64): String {
  |      ^ 
  | 

error[0m: ambiguous match for function call '__k2cjRuneSlice'
   ==> src\internal_urlutil.cj:112:13:
    | 
112 |             __k2cjRuneSlice(path, 0, fragmentIndex)
    |             ^ 
    | 
note[0m: found candidate
 ==> src\internal_urlutil.cj:5:6:
  | 
5 | func __k2cjRuneSlice(input: String, start: Int64, end: Int64): String {
  |      ^ 
  | 
note[0m: found candidate
 ==> src\nodes_attribute.cj:5:6:
  | 
5 | func __k2cjRuneSlice(input: String, start: Int64, end: Int64): String {
  |      ^ 
  | 
note[0m: found candidate
 ==> src\nodes_node.cj:5:6:
  | 
5 | func __k2cjRuneSlice(input: String, start: Int64, end: Int64): String {
  |      ^ 
  | 
note[0m: found candidate
 ==> src\nodes_text_node.cj:3:6:
  | 
3 | func __k2cjRuneSlice(input: String, start: Int64, end: Int64): String {
  |      ^ 
  | 
note[0m: found candidate
 ==> src\parser_tag.cj:3:6:
  | 
3 | func __k2cjRuneSlice(input: String, start: Int64, end: Int64): String {
  |      ^ 
  | 
note[0m: found candidate
 ==> src\parser_xml_tree_builder.cj:5:6:
  | 
5 | func __k2cjRuneSlice(input: String, start: Int64, end: Int64): String {
  |      ^ 
  | 
note[0m: found candidate
 ==> src\select_evaluator.cj:5:6:
  | 
5 | func __k2cjRuneSlice(input: String, start: Int64, end: Int64): String {
  |      ^ 
  | 
note[0m: found candidate
 ==> src\select_query_parser.cj:5:6:
  | 
5 | func __k2cjRuneSlice(input: String, start: Int64, end: Int64): String {
  |      ^ 
  | 

error[0m: ambiguous match for function call '__k2cjRuneSlice'
   ==> src\internal_urlutil.cj:130:22:
    | 
130 |             scheme = __k2cjRuneSlice(url, 0, schemeEndIndex)
    |                      ^ 
    | 
note[0m: found candidate
 ==> src\internal_urlutil.cj:5:6:
  | 
5 | func __k2cjRuneSlice(input: String, start: Int64, end: Int64): String {
  |      ^ 
  | 
note[0m: found candidate
 ==> src\nodes_attribute.cj:5:6:
  | 
5 | func __k2cjRuneSlice(input: String, start: Int64, end: Int64): String {
  |      ^ 
  | 
note[0m: found candidate
 ==> src\nodes_node.cj:5:6:
  | 
5 | func __k2cjRuneSlice(input: String, start: Int64, end: Int64): String {
  |      ^ 
  | 
note[0m: found candidate
 ==> src\nodes_text_node.cj:3:6:
  | 
3 | func __k2cjRuneSlice(input: String, start: Int64, end: Int64): String {
  |      ^ 
  | 
note[0m: found candidate
 ==> src\parser_tag.cj:3:6:
  | 
3 | func __k2cjRuneSlice(input: String, start: Int64, end: Int64): String {
  |      ^ 
  | 
note[0m: found candidate
 ==> src\parser_xml_tree_builder.cj:5:6:
  | 
5 | func __k2cjRuneSlice(input: String, start: Int64, end: Int64): String {
  |      ^ 
  | 
note[0m: found candidate
 ==> src\select_evaluator.cj:5:6:
  | 
5 | func __k2cjRuneSlice(input: String, start: Int64, end: Int64): String {
  |      ^ 
  | 
note[0m: found candidate
 ==> src\select_query_parser.cj:5:6:
  | 
5 | func __k2cjRuneSlice(input: String, start: Int64, end: Int64): String {
  |      ^ 
  | 

error[0m: ambiguous match for function call '__k2cjRuneSlice'
   ==> src\internal_urlutil.cj:131:28:
    | 
131 |             remainingUrl = __k2cjRuneSlice(url, (schemeEndIndex + schemeSeparator.toRuneArray().size) + 1, url.toRuneArray().size)
    |                            ^ 
    | 
note[0m: found candidate
 ==> src\internal_urlutil.cj:5:6:
  | 
5 | func __k2cjRuneSlice(input: String, start: Int64, end: Int64): String {
  |      ^ 
  | 
note[0m: found candidate
 ==> src\nodes_attribute.cj:5:6:
  | 
5 | func __k2cjRuneSlice(input: String, start: Int64, end: Int64): String {
  |      ^ 
  | 
note[0m: found candidate
 ==> src\nodes_node.cj:5:6:
  | 
5 | func __k2cjRuneSlice(input: String, start: Int64, end: Int64): String {
  |      ^ 
  | 
note[0m: found candidate
 ==> src\nodes_text_node.cj:3:6:
  | 
3 | func __k2cjRuneSlice(input: String, start: Int64, end: Int64): String {
  |      ^ 
  | 
note[0m: found candidate
 ==> src\parser_tag.cj:3:6:
  | 
3 | func __k2cjRuneSlice(input: String, start: Int64, end: Int64): String {
  |      ^ 
  | 
note[0m: found candidate
 ==> src\parser_xml_tree_builder.cj:5:6:
  | 
5 | func __k2cjRuneSlice(input: String, start: Int64, end: Int64): String {
  |      ^ 
  | 
note[0m: found candidate
 ==> src\select_evaluator.cj:5:6:
  | 
5 | func __k2cjRuneSlice(input: String, start: Int64, end: Int64): String {
  |      ^ 
  | 
note[0m: found candidate
 ==> src\select_query_parser.cj:5:6:
  | 
5 | func __k2cjRuneSlice(input: String, start: Int64, end: Int64): String {
  |      ^ 
  | 

error[0m: undeclared identifier 'takeIf'
   ==> src\internal_urlutil.cj:137:49:
    | 
137 |             (((remainingUrl.indexOf("/") ?? -1).takeIf({ it => it != -1 }) ?? (remainingUrl.indexOf("?") ?? -1).takeIf({ it => it != -1 })) ?? (remainingUrl.indexOf("#") ?? -1).takeIf({ it => it != -1 })) ?? remainingUrl.toRuneArray().size
    |                                                 ^^^^^^ 
    | 

error[0m: generic type should be used with type argument
   ==> src\internal_urlutil.cj:144:13:
    | 
144 |             None
    |             ^ 
    | 

error[0m: generic type should be used with type argument
   ==> src\internal_urlutil.cj:158:13:
    | 
158 |             None
    |             ^ 
    | 

error[0m: generic type should be used with type argument
   ==> src\internal_urlutil.cj:163:13:
    | 
163 |             None
    |             ^ 
    | 

error[0m: undeclared identifier 'ByteArray'
  ==> src\io_source_reader_byte_array.cj:31:25:
   | 
31 |         let byteArray = ByteArray(count)
   |                         ^ 
   | 

error[0m: undeclared identifier 'byteArrayOf'
  ==> src\io_source_reader_byte_array.cj:38:13:
   | 
38 |             byteArrayOf()
   |             ^ 
   | 

error[0m: no matching constructor for call 'SourceReaderByteArray'
 ==> src\io_source_reader_ext.cj:5:16:
  | 
5 |         return SourceReaderByteArray(byteArray)
  |                ^ 
  | 

error[0m: invalid named arguments prefix 'baseUri:', target is not a named parameter
 ==> src\ksoup.cj:7:35:
  | 
7 |         return Parser.parse(html, baseUri: baseUri)
  |                                   ^ 
  | 

error[0m: invalid named arguments prefix 'baseUri:', target is not a named parameter
  ==> src\ksoup.cj:19:51:
   | 
19 |         return Parser.parseBodyFragment(bodyHtml, baseUri: baseUri)
   |                                                   ^ 
   | 

error[0m: generic type should be used with type argument
  ==> src\ksoup.cj:21:150:
   | 
21 |     static func clean(bodyHtml: String, safelist!: Safelist = Safelist.relaxed(), baseUri!: String = "", outputSettings!: ?Document.OutputSettings = None): String {
   |                                                                                                                                                      ^ 
   | 

error[0m: 'DummyUri' is non-static member, cannot access by type name
  ==> src\ksoup.cj:24:19:
   | 
24 |             uri = SharedConstants.DummyUri
   |                   ^ 
   | 

error[0m: enum pattern is not matched
  ==> src\ksoup.cj:29:17:
   | 
29 |         if (let Some(outputSettingsValue) <- outputSettings) {
   |                 ^ 
   | 

error[0m: undeclared identifier 'outputSettingsValue'
  ==> src\ksoup.cj:30:34:
   | 
30 |             let outputSettings = outputSettingsValue
   |                                  ^ 
   | 

error[0m: 'headOrNull' is not a member of class 'Element'
  ==> src\ksoup.cj:40:21:
   | 
40 |             element.headOrNull() ?? element
   |                     ^^^^^^^^^^ 
   | 

error[0m: ambiguous match for function call 'parse'
  ==> src\ksoup.cj:48:41:
   | 
48 |         let head = if (let Some(doc) <- parse(html, baseUri: baseUri)) {
   |                                         ^ 
   | 
note[0m: found candidate
 ==> src\ksoup.cj:6:17:
  | 
6 |     static func parse(html: String, baseUri!: String = ""): Document {
  |                 ^ 
  | 
note[0m: found candidate
 ==> src\ksoup.cj:9:17:
  | 
9 |     static func parse(html: String, parser!: Parser = Parser.htmlParser(), baseUri!: String = ""): Document {
  |                 ^ 
  | 

error[0m: enum pattern is not matched
  ==> src\ksoup.cj:48:28:
   | 
48 |         let head = if (let Some(doc) <- parse(html, baseUri: baseUri)) {
   |                            ^ 
   | 

error[0m: undeclared identifier 'doc'
  ==> src\ksoup.cj:49:13:
   | 
49 |             doc.headOrNull() ?? doc
   |             ^ 
   | 

error[0m: parameters of this lambda expression must have type annotations
  ==> src\ksoup.cj:52:18:
   | 
52 |         return { it =>
   |                  ^^ 
   | 

error[0m: 'startsWith' is not a member of enum 'Option<Struct-String>'
  ==> src\ksoup.cj:76:51:
   | 
76 |         if (((faviconTag.isSome()) && !faviconTag.startsWith("http", true)) && !(baseUri.isEmpty())) {
   |                                                   ^^^^^^^^^^ 
   | 

error[0m: 'startsWith' is not a member of enum 'Option<Struct-String>'
  ==> src\ksoup.cj:80:55:
   | 
80 |         if (((shortcutIcon.isSome()) && !shortcutIcon.startsWith("http", true)) && !(baseUri.isEmpty())) {
   |                                                       ^^^^^^^^^^ 
   | 

error[0m: missing argument prefix 'ogTitle:' or 'ogSiteName:' or 'ogDescription:' or 'ogImage:' or 'ogUrl:' or 'ogType:' or 'ogLocale:' or 'twitterCard:' or 'twitterTitle:' or 'twitterDescription:' or 'twitterImage:' or 'title:' or 'description:' or 'canonical:' or 'htmlTitle:' or 'author:' or 'favicon:' or 'shortcutIcon:' for named parameter
  ==> src\ksoup.cj:83:25:
   | 
83 |         return MetaData(ogTitle, ogSiteName, ogType, ogLocale, ogDescription, ogImage, ogUrl, twitterCard, twitterTitle, twitterDescription, twitterImage, titleTag, descriptionTag, canonicalTag, title, author, faviconTag, shortcutIcon)
   |                         ^^^^^^^ 
   | 

error[0m: generic type should be used with type argument
  ==> src\nodes_attribute.cj:16:37:
   | 
16 | open class Attribute <: Map.Entry & KCloneable & ToString {
   |                                     ^ 
   | 

error[0m: extra argument given for parameter list '()' in call
  ==> src\nodes_attribute.cj:19:30:
   | 
19 |         sKey = sKey.trimAscii({ it => it <= r' ' })
   |                              ^^^^^^^^^^^^^^^^^^^^^^ expected 0 arguments, found 1
   | 
note[0m: found candidate
   ==> (package std.core)string.cj:670:17:

error[0m: no matching function declaration for function call 'notEmpty'
  ==> src\nodes_attribute.cj:20:18:
   | 
20 |         Validate.notEmpty(sKey)
   |                  ^ 
   | 

error[0m: extra argument given for parameter list '()' in call
  ==> src\nodes_attribute.cj:33:39:
   | 
33 |         let trimmedKey = key.trimAscii({ it => it <= r' ' })
   |                                       ^^^^^^^^^^^^^^^^^^^^^^ expected 0 arguments, found 1
   | 
note[0m: found candidate
   ==> (package std.core)string.cj:670:17:

error[0m: no matching function declaration for function call 'notEmpty'
  ==> src\nodes_attribute.cj:34:18:
   | 
34 |         Validate.notEmpty(trimmedKey)
   |                  ^ 
   | 

error[0m: 'getOrThrow' is not a member of class 'Attributes'
  ==> src\nodes_attribute.cj:37:28:
   | 
37 |             let i = parent.getOrThrow().indexOfKey(this.key)
   |                            ^^^^^^^^^^ 
   | 

error[0m: 'getOrThrow' is not a member of class 'Attributes'
  ==> src\nodes_attribute.cj:39:37:
   | 
39 |                 let oldKey = parent.getOrThrow().keys()[i]
   |                                     ^^^^^^^^^^ 
   | 

error[0m: 'getOrThrow' is not a member of class 'Attributes'
  ==> src\nodes_attribute.cj:40:24:
   | 
40 |                 parent.getOrThrow().keys()[i] = trimmedKey
   |                        ^^^^^^^^^^ 
   | 

error[0m: 'getOrThrow' is not a member of class 'Attributes'
  ==> src\nodes_attribute.cj:41:77:
   | 
41 |                 let ranges: ?HashMap<String, Range.AttributeRange> = parent.getOrThrow().getRanges()
   |                                                                             ^^^^^^^^^^ 
   | 

error[0m: enum pattern is not matched
  ==> src\nodes_attribute.cj:42:25:
   | 
42 |                 if (let Some(rangesValue) <- ranges) {
   |                         ^ 
   | 

error[0m: undeclared identifier 'rangesValue'
  ==> src\nodes_attribute.cj:43:34:
   | 
43 |                     let ranges = rangesValue
   |                                  ^ 
   | 

error[0m: enum pattern is not matched
  ==> src\nodes_attribute.cj:45:29:
   | 
45 |                     if (let Some(rangeValue) <- range) {
   |                             ^ 
   | 

error[0m: undeclared identifier 'rangeValue'
  ==> src\nodes_attribute.cj:46:37:
   | 
46 |                         let range = rangeValue
   |                                     ^ 
   | 

error[0m: 'getOrThrow' is not a member of class 'Attributes'
  ==> src\nodes_attribute.cj:62:35:
   | 
62 |             let i: Int64 = parent.getOrThrow().indexOfKey(attributeKey)
   |                                   ^^^^^^^^^^ 
   | 

error[0m: invalid binary operator '!=' on type 'Int64' and '() -> Int64'
  ==> src\nodes_attribute.cj:63:19:
   | 
63 |             if (i != Attributes.NotFound) {
   |                   ^^ 
   | 
   # note: you may want to implement 'operator func !=(right: () -> Int64)' for type 'Int64'

error[0m: 'getOrThrow' is not a member of class 'Attributes'
  ==> src\nodes_attribute.cj:64:33:
   | 
64 |                 oldVal = parent.getOrThrow()[attributeKey]
   |                                 ^^^^^^^^^^ 
   | 

error[0m: 'getOrThrow' is not a member of class 'Attributes'
  ==> src\nodes_attribute.cj:65:24:
   | 
65 |                 parent.getOrThrow().vals[i] = newValue
   |                        ^^^^^^^^^^ 
   | 

error[0m: mismatched types
  ==> src\nodes_attribute.cj:69:40:
   | 
69 |         return Attributes.checkNotNull(oldVal)
   |                                        ^^^^^^ expected 'Enum-Option<Class-Object>', found 'Enum-Option<Struct-String>'
   | 

error[0m: ambiguous match for function call '__k2cjRuneSlice'
  ==> src\nodes_attribute.cj:76:13:
   | 
76 |             __k2cjRuneSlice(key, 0, pos)
   |             ^ 
   | 
note[0m: found candidate
 ==> src\internal_urlutil.cj:5:6:
  | 
5 | func __k2cjRuneSlice(input: String, start: Int64, end: Int64): String {
  |      ^ 
  | 
note[0m: found candidate
 ==> src\nodes_attribute.cj:5:6:
  | 
5 | func __k2cjRuneSlice(input: String, start: Int64, end: Int64): String {
  |      ^ 
  | 
note[0m: found candidate
 ==> src\nodes_node.cj:5:6:
  | 
5 | func __k2cjRuneSlice(input: String, start: Int64, end: Int64): String {
  |      ^ 
  | 
note[0m: found candidate
 ==> src\nodes_text_node.cj:3:6:
  | 
3 | func __k2cjRuneSlice(input: String, start: Int64, end: Int64): String {
  |      ^ 
  | 
note[0m: found candidate
 ==> src\parser_tag.cj:3:6:
  | 
3 | func __k2cjRuneSlice(input: String, start: Int64, end: Int64): String {
  |      ^ 
  | 
note[0m: found candidate
 ==> src\parser_xml_tree_builder.cj:5:6:
  | 
5 | func __k2cjRuneSlice(input: String, start: Int64, end: Int64): String {
  |      ^ 
  | 
note[0m: found candidate
 ==> src\select_evaluator.cj:5:6:
  | 
5 | func __k2cjRuneSlice(input: String, start: Int64, end: Int64): String {
  |      ^ 
  | 
note[0m: found candidate
 ==> src\select_query_parser.cj:5:6:
  | 
5 | func __k2cjRuneSlice(input: String, start: Int64, end: Int64): String {
  |      ^ 
  | 

error[0m: ambiguous match for function call '__k2cjRuneSlice'
  ==> src\nodes_attribute.cj:84:13:
   | 
84 |             __k2cjRuneSlice(key, pos + 1, key.toRuneArray().size)
   |             ^ 
   | 
note[0m: found candidate
 ==> src\internal_urlutil.cj:5:6:
  | 
5 | func __k2cjRuneSlice(input: String, start: Int64, end: Int64): String {
  |      ^ 
  | 
note[0m: found candidate
 ==> src\nodes_attribute.cj:5:6:
  | 
5 | func __k2cjRuneSlice(input: String, start: Int64, end: Int64): String {
  |      ^ 
  | 
note[0m: found candidate
 ==> src\nodes_node.cj:5:6:
  | 
5 | func __k2cjRuneSlice(input: String, start: Int64, end: Int64): String {
  |      ^ 
  | 
note[0m: found candidate
 ==> src\nodes_text_node.cj:3:6:
  | 
3 | func __k2cjRuneSlice(input: String, start: Int64, end: Int64): String {
  |      ^ 
  | 
note[0m: found candidate
 ==> src\parser_tag.cj:3:6:
  | 
3 | func __k2cjRuneSlice(input: String, start: Int64, end: Int64): String {
  |      ^ 
  | 
note[0m: found candidate
 ==> src\parser_xml_tree_builder.cj:5:6:
  | 
5 | func __k2cjRuneSlice(input: String, start: Int64, end: Int64): String {
  |      ^ 
  | 
note[0m: found candidate
 ==> src\select_evaluator.cj:5:6:
  | 
5 | func __k2cjRuneSlice(input: String, start: Int64, end: Int64): String {
  |      ^ 
  | 
note[0m: found candidate
 ==> src\select_query_parser.cj:5:6:
  | 
5 | func __k2cjRuneSlice(input: String, start: Int64, end: Int64): String {
  |      ^ 
  | 

error[0m: cannot use optional chaining
  ==> src\nodes_attribute.cj:90:27:
   | 
90 |             let ns = (if (parent?.userData(SharedConstants.XmlnsAttr + prefix()) is String) { parent?.userData(SharedConstants.XmlnsAttr + prefix()) as String } else { None })
   |                           ^^^^^^^^^^^^^^^^^^^^^^^^^^^^^^^^^^^^^^^^^^^^^^^^^^^^^^ cannot use optional chaining on non-optional value of type 'Class-Attributes'
   | 

error[0m: cannot use optional chaining
  ==> src\nodes_attribute.cj:90:95:
   | 
90 |             let ns = (if (parent?.userData(SharedConstants.XmlnsAttr + prefix()) is String) { parent?.userData(SharedConstants.XmlnsAttr + prefix()) as String } else { None })
   |                                                                                               ^^^^^^^^^^^^^^^^^^^^^^^^^^^^^^^^^^^^^^^^^^^^^^^^^^^^^^ cannot use optional chaining on non-optional value of type 'Class-Attributes'
   | 

error[0m: generic type should be used with type argument
  ==> src\nodes_attribute.cj:90:169:
   | 
90 |             let ns = (if (parent?.userData(SharedConstants.XmlnsAttr + prefix()) is String) { parent?.userData(SharedConstants.XmlnsAttr + prefix()) as String } else { None })
   |                                                                                                                                                                         ^ 
   | 

error[0m: undeclared identifier 'borrowBuilder'
  ==> src\nodes_attribute.cj:97:33:
   | 
97 |         let sb: StringBuilder = borrowBuilder()
   |                                 ^ 
   | 

error[0m: no matching function declaration for function call 'html'
  ==> src\nodes_attribute.cj:98:9:
   | 
98 |         html(QuietAppendable.wrap(sb), Document.OutputSettings())
   |         ^ 
   | 

error[0m: undeclared identifier 'releaseBuilder'
  ==> src\nodes_attribute.cj:99:16:
   | 
99 |         return releaseBuilder(sb)
   |                ^ 
   | 

error[0m: no matching function declaration for function call 'html'
   ==> src\nodes_attribute.cj:102:9:
    | 
102 |         html(key, value, accum, out)
    |         ^ 
    | 

error[0m: no matching function declaration for function call 'html'
   ==> src\nodes_attribute.cj:105:9:
    | 
105 |         html(key, value, QuietAppendable.wrap(accum), out)
    |         ^ 
    | 

error[0m: 'AttributeRange' is not a member of class 'Range'
   ==> src\nodes_attribute.cj:109:26:
    | 
109 |             return Range.AttributeRange.UntrackedAttr
    |                          ^^^^^^^^^^^^^^ 
    | 

error[0m: no matching function declaration for function call 'sourceRange'
   ==> src\nodes_attribute.cj:111:36:
    | 
111 |         return parent.getOrThrow().sourceRange(key)
    |                                    ^ 
    | 

error[0m: no matching function declaration for function call 'html'
   ==> src\nodes_attribute.cj:114:9:
    | 
114 |         html(attributeKey, attributeValue, accum, out)
    |         ^ 
    | 

error[0m: invalid binary operator '==' on type 'This' and 'Enum-Option<Class-Object>'
   ==> src\nodes_attribute.cj:120:18:
    | 
120 |         if (this == other) {
    |                  ^^ 
    | 
    # note: you may want to implement 'operator func ==(right: Enum-Option<Class-Object>)' for type 'This'

error[0m: invalid binary operator '!=' on type 'This' and 'Enum-Option<Class-Object>'
   ==> src\nodes_attribute.cj:123:39:
    | 
123 |         if ((other.isNone()) || (this != other)) {
    |                                       ^^ 
    | 
    # note: you may want to implement 'operator func !=(right: Enum-Option<Class-Object>)' for type 'This'

error[0m: 'contentHashCode' is not a member of struct 'Array<Enum-Option<Struct-String>>'
   ==> src\nodes_attribute.cj:133:47:
    | 
133 |         return [attributeKey, attributeValue].contentHashCode()
    |                                               ^^^^^^^^^^^^^^^ 
    | 

error[0m: 'toAsciiLower' is not a member of enum 'Option<Struct-String>'
   ==> src\nodes_attribute.cj:231:111:
    | 
231 |         return (out.syntax() == Syntax.html) && ((value.isNone()) || ((value.getOrThrow().isEmpty() || (value.toAsciiLower() == key.toAsciiLower())) && isBooleanAttribute(key)))
    |                                                                                                               ^^^^^^^^^^^^ 
    | 

error[0m: 'ForAttribute' is non-static member, cannot access by type name
   ==> src\nodes_attribute.cj:157:73:
    | 
157 |             Entities.escape(accum, Attributes.checkNotNull(value), out, Entities.ForAttribute)
    |                                                                         ^ 
    | 

error[0m: mismatched types
   ==> src\nodes_attribute.cj:157:60:
    | 
157 |             Entities.escape(accum, Attributes.checkNotNull(value), out, Entities.ForAttribute)
    |                                                            ^^^^^ expected 'Enum-Option<Class-Object>', found 'Enum-Option<Struct-String>'
    | 

error[0m: undeclared identifier 'Regex'
   ==> src\nodes_attribute.cj:162:16:
    | 
162 |         return Regex("[^-a-zA-Z0-9_:.]+")
    |                ^ 
    | 

error[0m: undeclared identifier 'Regex'
   ==> src\nodes_attribute.cj:165:16:
    | 
165 |         return Regex("[\\x00-\\x1f\\x7f-\\x9f \"'/=]+")
    |                ^ 
    | 

error[0m: mismatched types
   ==> src\nodes_attribute.cj:191:23:
    | 
191 |             case _ => ()}
    |                       ^^ expected 'Enum-Option<Struct-String>', found 'Unit'
    | 

error[0m: recursive constructor calling detected
  ==> src\nodes_attribute.cj:28:5:
   | 
28 |     init(key: String, value: ?String) {
   |     ^^^^ 
   | 
note[0m: depends on
  ==> src\nodes_attribute.cj:29:9:
   | 
29 |         this(key, value)
   |         ^^^^ 
   | 
note[0m: depends on
  ==> src\nodes_attribute.cj:28:5:
   | 
28 |     init(key: String, value: ?String) {
   |     ^^^^ 
   | 

error[0m: generic type should be used with type argument
 ==> src\nodes_attributes.cj:5:21:
  | 
5 | class Attributes <: Iterable & KCloneable & ToString {
  |                     ^ 
  | 

error[0m: generic type should be used with type argument
 ==> src\nodes_attributes.cj:5:32:
  | 
5 | class Attributes <: Iterable & KCloneable & ToString {
  |                                ^ 
  | 

error[0m: undeclared identifier 'arrayOfNulls'
 ==> src\nodes_attributes.cj:7:32:
  | 
7 |     var keys: Array<?String> = arrayOfNulls(Attributes.InitialCapacity)
  |                                ^ 
  | 

error[0m: undeclared identifier 'arrayOfNulls'
 ==> src\nodes_attributes.cj:8:16:
  | 
8 |     var vals = arrayOfNulls<Object>(Attributes.InitialCapacity)
  |                ^ 
  | 

error[0m: 'copyOf' is not a member of struct 'Array<Enum-Option<Struct-String>>'
  ==> src\nodes_attributes.cj:23:21:
   | 
23 |         keys = keys.copyOf(newCap)
   |                     ^^^^^^ 
   | 

error[0m: invalid binary operator '==' on type 'Struct-String' and 'Enum-Option<Struct-String>'
  ==> src\nodes_attributes.cj:28:21:
   | 
28 |             if (key == keys[i]) {
   |                     ^^ 
   | 
   # note: you may want to implement 'operator func ==(right: Enum-Option<Struct-String>)' for type 'Struct-String'

error[0m: 'toAsciiLower' is not a member of enum 'Option<Struct-String>'
  ==> src\nodes_attributes.cj:36:48:
   | 
36 |             if ((key.toAsciiLower() == keys[i].toAsciiLower())) {
   |                                                ^^^^^^^^^^^^ 
   | 

error[0m: generic type should be used with type argument
  ==> src\nodes_attributes.cj:53:13:
   | 
53 |             None
   |             ^ 
   | 

error[0m: mismatched types
  ==> src\nodes_attributes.cj:55:23:
   | 
55 |             Attribute(key, checkNotNull(vals[i]), this)
   |                       ^^^ expected 'Struct-String', found 'Enum-Option<Struct-String>'
   | 

error[0m: mismatched types
  ==> src\nodes_attributes.cj:67:24:
   | 
67 |         addObject(key, value)
   |                        ^^^^^ expected 'Enum-Option<Class-Object>', found 'Enum-Option<Struct-String>'
   | 

error[0m: mismatched types
  ==> src\nodes_attributes.cj:81:28:
   | 
81 |             addObject(key, value)
   |                            ^^^^^ expected 'Enum-Option<Class-Object>', found 'Enum-Option<Struct-String>'
   | 

error[0m: 'UserDataKey' is non-static member, cannot access by type name
  ==> src\nodes_attributes.cj:87:28:
   | 
87 |         let i = indexOfKey(SharedConstants.UserDataKey)
   |                            ^ 
   | 

error[0m: 'UserDataKey' is non-static member, cannot access by type name
  ==> src\nodes_attributes.cj:90:23:
   | 
90 |             addObject(SharedConstants.UserDataKey, userData)
   |                       ^ 
   | 

error[0m: 'UserDataKey' is non-static member, cannot access by type name
  ==> src\nodes_attributes.cj:97:23:
   | 
97 |         return hasKey(SharedConstants.UserDataKey)
   |                       ^ 
   | 

error[0m: 'put' is not a member of class 'HashMap<Struct-String, Class-Object>'
   ==> src\nodes_attributes.cj:113:22:
    | 
113 |             userData.put(key, value)
    |                      ^^^ 
    | 

error[0m: mismatched types
   ==> src\nodes_attributes.cj:128:28:
    | 
128 |             addObject(key, value)
    |                            ^^^^^ expected 'Enum-Option<Class-Object>', found 'Enum-Option<Struct-String>'
    | 

error[0m: 'copyInto' is not a member of struct 'Array<Enum-Option<Struct-String>>'
   ==> src\nodes_attributes.cj:148:18:
    | 
148 |             keys.copyInto(keys, index, index + 1, (index + 1) + shifted)
    |                  ^^^^^^^^ 
    | 

error[0m: mismatched types
   ==> src\nodes_attributes.cj:158:20:
    | 
158 |             remove(i)
    |                    ^ expected 'Struct-String', found 'Int64'
    | 

error[0m: mismatched types
   ==> src\nodes_attributes.cj:164:20:
    | 
164 |             remove(i)
    |                    ^ expected 'Struct-String', found 'Int64'
    | 

error[0m: mismatched types
   ==> src\nodes_attributes.cj:187:32:
    | 
187 |             if (!isInternalKey(keys[i])) {
    |                                ^^^^^^^ expected 'Struct-String', found 'Enum-Option<Struct-String>'
    | 

error[0m: no matching function for operator '()' function call
   ==> src\nodes_attributes.cj:194:16:
    | 
194 |         return _size() == 0
    |                ^ 
    | 

error[0m: the type Class-Attributes of expression in for-in expression does not implement Iterator
   ==> src\nodes_attributes.cj:203:22:
    | 
203 |         for (attr in incoming) {
    |                      ^ 
    | 

error[0m: no matching function declaration for function call 'put'
   ==> src\nodes_attributes.cj:205:17:
    | 
205 |                 put(attr)
    |                 ^ 
    | 

error[0m: undeclared identifier 'UntrackedAttr'
   ==> src\nodes_attributes.cj:213:20:
    | 
213 |             return UntrackedAttr
    |                    ^ 
    | 

error[0m: 'AttrRangeKey' is non-static member, cannot access by type name
   ==> src\nodes_attributes.cj:220:26:
    | 
220 |         return (userData(SharedConstants.AttrRangeKey) as ?HashMap<String, Range.AttributeRange>)
    |                          ^ 
    | 

error[0m: 'AttrRangeKey' is non-static member, cannot access by type name
   ==> src\nodes_attributes.cj:226:22:
    | 
226 |             userData(SharedConstants.AttrRangeKey, ranges)
    |                      ^ 
    | 

error[0m: undeclared identifier 'object'
   ==> src\nodes_attributes.cj:232:16:
    | 
232 |         return object
    |                ^ 
    | 

error[0m: mismatched types
   ==> src\nodes_attributes.cj:238:31:
    | 
238 |             if (isInternalKey(key)) {
    |                               ^^^ expected 'Struct-String', found 'Enum-Option<Struct-String>'
    | 

error[0m: mismatched types
   ==> src\nodes_attributes.cj:241:34:
    | 
241 |             let attr = Attribute(key, (vals[i] as ?String), this)
    |                                  ^^^ expected 'Struct-String', found 'Enum-Option<Struct-String>'
    | 

error[0m: no matching function declaration for function call 'html'
   ==> src\nodes_attributes.cj:251:9:
    | 
251 |         html(QuietAppendable.wrap(sb), Document.OutputSettings())
    |         ^ 
    | 

error[0m: mismatched types
   ==> src\nodes_attributes.cj:258:31:
    | 
258 |             if (isInternalKey(key)) {
    |                               ^^^ expected 'Struct-String', found 'Enum-Option<Struct-String>'
    | 

error[0m: mismatched types
   ==> src\nodes_attributes.cj:261:51:
    | 
261 |             let validated = Attribute.getValidKey(key, out.syntax())
    |                                                   ^^^ expected 'Struct-String', found 'Enum-Option<Struct-String>'
    | 

error[0m: enum pattern is not matched
   ==> src\nodes_attributes.cj:262:21:
    | 
262 |             if (let Some(validatedValue) <- validated) {
    |                     ^ 
    | 

error[0m: undeclared identifier 'validatedValue'
   ==> src\nodes_attributes.cj:263:33:
    | 
263 |                 let validated = validatedValue
    |                                 ^ 
    | 

error[0m: invalid binary operator '==' on type 'This' and 'Enum-Option<Class-Object>'
   ==> src\nodes_attributes.cj:272:18:
    | 
272 |         if (this == other) {
    |                  ^^ 
    | 
    # note: you may want to implement 'operator func ==(right: Enum-Option<Class-Object>)' for type 'This'

error[0m: invalid binary operator '!=' on type 'This' and 'Enum-Option<Class-Object>'
   ==> src\nodes_attributes.cj:275:39:
    | 
275 |         if ((other.isNone()) || (this != other)) {
    |                                       ^^ 
    | 
    # note: you may want to implement 'operator func !=(right: Enum-Option<Class-Object>)' for type 'This'

error[0m: 'size' is not a member of enum 'Option<Class-Attributes>'
   ==> src\nodes_attributes.cj:279:27:
    | 
279 |         if (_size != that.size) {
    |                           ^^^^ 
    | 

error[0m: 'indexOfKey' is not a member of enum 'Option<Class-Attributes>'
   ==> src\nodes_attributes.cj:284:30:
    | 
284 |             let thatI = that.indexOfKey(key)
    |                              ^^^^^^^^^^ 
    | 

error[0m: 'vals' is not a member of enum 'Option<Class-Attributes>'
   ==> src\nodes_attributes.cj:285:70:
    | 
285 |             if ((thatI == Attributes.NotFound()) || (vals[i] != that.vals[thatI])) {
    |                                                                      ^^^^ 
    | 

error[0m: 'hashCode' is not a member of struct 'Array<Enum-Option<Struct-String>>'
   ==> src\nodes_attributes.cj:293:39:
    | 
293 |         result = (31 * result) + keys.hashCode()
    |                                       ^^^^^^^^ 
    | 

error[0m: 'func' can not be assigned
   ==> src\nodes_attributes.cj:300:9:
    | 
300 |         attributes.size = _size
    |         ^^^^^^^^^^^^^^^ 
    | 

error[0m: 'copyOf' is not a member of struct 'Array<Enum-Option<Struct-String>>'
   ==> src\nodes_attributes.cj:301:32:
    | 
301 |         attributes.keys = keys.copyOf(_size)
    |                                ^^^^^^ 
    | 

error[0m: 'UserDataKey' is non-static member, cannot access by type name
   ==> src\nodes_attributes.cj:303:28:
    | 
303 |         let i = indexOfKey(SharedConstants.UserDataKey)
    |                            ^ 
    | 

error[0m: mismatched types
   ==> src\nodes_attributes.cj:312:32:
    | 
312 |             if (!isInternalKey(key)) {
    |                                ^^^ expected 'Struct-String', found 'Enum-Option<Struct-String>'
    | 

error[0m: 'toAsciiLower' is not a member of enum 'Option<Struct-String>'
   ==> src\nodes_attributes.cj:313:31:
    | 
313 |                 keys[i] = key.toAsciiLower()
    |                               ^^^^^^^^^^^^ 
    | 

error[0m: no matching function for operator '()' function call
   ==> src\nodes_attributes.cj:321:30:
    | 
321 |         let preserve: Bool = settings.preserveAttributeCase()
    |                              ^ 
    | 

error[0m: 'toAsciiLower' is not a member of enum 'Option<Struct-String>'
   ==> src\nodes_attributes.cj:327:76:
    | 
327 |                 if ((preserve && (keyI == keys[j])) || (!preserve && (keyI.toAsciiLower() == keys[j].toAsciiLower()))) {
    |                                                                            ^^^^^^^^^^^^ 
    | 

error[0m: 'toAsciiLower' is not a member of enum 'Option<Struct-String>'
   ==> src\nodes_attributes.cj:327:102:
    | 
327 |                 if ((preserve && (keyI == keys[j])) || (!preserve && (keyI.toAsciiLower() == keys[j].toAsciiLower()))) {
    |                                                                                                      ^^^^^^^^^^^^ 
    | 

error[0m: mismatched types
   ==> src\nodes_attributes.cj:329:28:
    | 
329 |                     remove(j)
    |                            ^ expected 'Struct-String', found 'Int64'
    | 

error[0m: mismatched types
   ==> src\nodes_attributes.cj:348:14:
    | 
348 |             (value as String)
    |              ^^^^^^^^^^^^^^^ expected 'Struct-String', found 'Enum-Option<Struct-String>'
    | 

error[0m: undeclared identifier 'dataKey'
   ==> src\nodes_attributes.cj:371:23:
    | 
371 |         let dataKey = dataKey(key)
    |                       ^ 
    | 

error[0m: generic type should be used with type argument
   ==> src\nodes_attributes.cj:375:13:
    | 
375 |             None
    |             ^ 
    | 

error[0m: undeclared identifier 'dataPrefix'
   ==> src\nodes_attributes.cj:381:26:
    | 
381 |         let dataKey = "${dataPrefix}${key}"
    |                          ^ 
    | 

error[0m: undeclared identifier 'dataPrefix'
   ==> src\nodes_attributes.cj:382:50:
    | 
382 |         return if ((dataKey.toRuneArray().size > dataPrefix.toRuneArray().size) && attributes.hasKey(dataKey)) {
    |                                                  ^ 
    | 

error[0m: undeclared identifier 'dataPrefix'
   ==> src\nodes_attributes.cj:389:30:
    | 
389 |         attributes.remove("${dataPrefix}${key}")
    |                              ^ 
    | 

error[0m: mismatched types
 ==> src\nodes_cdata_node.cj:5:15:
  | 
5 |         super(text)
  |               ^^^^ expected 'Struct-String', found 'Enum-Option<Struct-String>'
  | 

error[0m: mismatched types
  ==> src\nodes_comment.cj:23:25:
   | 
23 |         return Comment((value as String))
   |                         ^^^^^^^^^^^^^^^ expected 'Struct-String', found 'Enum-Option<Struct-String>'
   | 

error[0m: no matching function for operator '()' function call
  ==> src\nodes_data_node.cj:22:20:
   | 
22 |         return if (_isPacked(currentData)) {
   |                    ^ 
   | 

error[0m: undeclared identifier 'Regex'
  ==> src\nodes_data_node.cj:68:30:
   | 
68 |     static let packedRegex = Regex("eval[(]function[(]p,a,c,k,e,[rd][)][{].*?[}][)]{2}", HashSet([RegexOption.IGNORE_CASE, RegexOption.MULTILINE]))
   |                              ^ 
   | 

error[0m: 'OutputSettings' is not a member of class 'Document'
  ==> src\nodes_data_node.cj:47:39:
   | 
47 |         if ((out.syntax() == Document.OutputSettings.Syntax.xml) && !data.contains("<![CDATA[")) {
   |                                       ^^^^^^^^^^^^^^ 
   | 

error[0m: mismatched types
  ==> src\nodes_data_node.cj:60:26:
   | 
60 |         return DataNode((value as String))
   |                          ^^^^^^^^^^^^^^^ expected 'Struct-String', found 'Enum-Option<Struct-String>'
   | 

error[0m: mismatched types
  ==> src\nodes_data_node.cj:63:17:
   | 
63 |         return (super.clone() as DataNode)
   |                 ^^^^^^^^^^^^^^^^^^^^^^^^^ expected 'Class-DataNode', found 'Enum-Option<Class-DataNode>'
   | 

error[0m: undeclared identifier 'Regex'
  ==> src\nodes_data_node.cj:69:37:
   | 
69 |     static let packedExtractRegex = Regex("[}][(]'(.*)', *(\\d+), *(\\d+), *'(.*?)'[.]split[(]'[|]'[)]", HashSet([RegexOption.IGNORE_CASE, RegexOption.MULTILINE]))
   |                                     ^ 
   | 

error[0m: undeclared identifier 'Regex'
  ==> src\nodes_data_node.cj:70:37:
   | 
70 |     static let unpackReplaceRegex = Regex("\\b\\w+\\b", HashSet([RegexOption.IGNORE_CASE, RegexOption.MULTILINE]))
   |                                     ^ 
   | 

error[0m: mismatched types
  ==> src\nodes_document.cj:11:15:
   | 
11 |         super(Tag("#root", namespace), location)
   |               ^^^^^^^^^^^^^^^^^^^^^^^ expected 'Struct-String', found 'Class-Tag'
   | 

error[0m: no matching constructor for call 'OutputSettings'
  ==> src\nodes_document.cj:16:27:
   | 
16 |     var _outputSettings = OutputSettings()
   |                           ^ 
   | 

error[0m: the type Class-NodeList of expression in for-in expression does not implement Iterator
  ==> src\nodes_document.cj:22:22:
   | 
22 |         for (node in childNodes) {
   |                      ^ 
   | 

error[0m: mismatched types
  ==> src\nodes_document.cj:35:24:
   | 
35 |                 return el
   |                        ^^ expected 'Class-Element', found 'Enum-Option<Class-Element>'
   | 

error[0m: missing argument for parameter list '(Struct-String, Struct-String)' in call
  ==> src\nodes_document.cj:39:29:
   | 
39 |         return appendElement("html")
   |                             ^^^^^^^^ expected 2 arguments, found 1
   | 
note[0m: found candidate
   ==> src\nodes_element.cj:316:22:
    | 
316 |     public open func appendElement(tagName: String, namespace!: String): Element {
    |                      ^^^^^^^^^^^^^ 
    | 

error[0m: mismatched types
  ==> src\nodes_document.cj:46:24:
   | 
46 |                 return el
   |                        ^^ expected 'Class-Element', found 'Enum-Option<Class-Element>'
   | 

error[0m: missing argument for parameter list '(Struct-String, Struct-String)' in call
  ==> src\nodes_document.cj:50:35:
   | 
50 |         return html.prependElement("head")
   |                                   ^^^^^^^^ expected 2 arguments, found 1
   | 
note[0m: found candidate
   ==> src\nodes_element.cj:322:22:
    | 
322 |     public open func prependElement(tagName: String, namespace!: String): Element {
    |                      ^^^^^^^^^^^^^^ 
    | 

error[0m: mismatched types
  ==> src\nodes_document.cj:68:24:
   | 
68 |                 return el
   |                        ^^ expected 'Class-Element', found 'Enum-Option<Class-Element>'
   | 

error[0m: missing argument for parameter list '(Struct-String, Struct-String)' in call
  ==> src\nodes_document.cj:72:34:
   | 
72 |         return html.appendElement("body")
   |                                  ^^^^^^^^ expected 2 arguments, found 1
   | 
note[0m: found candidate
   ==> src\nodes_element.cj:316:22:
    | 
316 |     public open func appendElement(tagName: String, namespace!: String): Element {
    |                      ^^^^^^^^^^^^^ 
    | 

error[0m: the type Class-Elements of expression in for-in expression does not implement Iterator
  ==> src\nodes_document.cj:79:20:
   | 
79 |         for (el in els) {
   |                    ^ 
   | 

error[0m: missing argument for parameter list '(Struct-String, Struct-String)' in call
  ==> src\nodes_document.cj:99:43:
   | 
99 |             titleEl = head().appendElement("title")
   |                                           ^^^^^^^^^ expected 2 arguments, found 1
   | 
note[0m: found candidate
   ==> src\nodes_element.cj:316:22:
    | 
316 |     public open func appendElement(tagName: String, namespace!: String): Element {
    |                      ^^^^^^^^^^^^^ 
    | 

error[0m: missing argument prefix 'settings:' for named parameter
   ==> src\nodes_document.cj:104:84:
    | 
104 |         return Element(parser.tagSet().valueOf(tagName, parser.defaultNamespace(), ParseSettings.preserveCase), Element.searchUpForAttribute(this, Element.BaseUriKey))
    |                                                                                    ^^^^^^^^^^^^^^^^^^^^^^^^^^ 
    | 

error[0m: 'outputSettings' is not a member of enum 'Option<Class-Document>'
   ==> src\nodes_document.cj:125:15:
    | 
125 |         clone.outputSettings = this.outputSettings.clone()
    |               ^^^^^^^^^^^^^^ 
    | 

error[0m: 'attributes' is not a member of enum 'Option<Class-Document>'
   ==> src\nodes_document.cj:126:15:
    | 
126 |         clone.attributes = attributes?.clone()
    |               ^^^^^^^^^^ 
    | 

error[0m: mismatched types
   ==> src\nodes_document.cj:127:16:
    | 
127 |         return clone
    |                ^^^^^ expected 'Class-Document', found 'Enum-Option<Class-Document>'
    | 

error[0m: ambiguous use of 'outputSettings'
   ==> src\nodes_document.cj:131:9:
    | 
131 |         clone.outputSettings = _outputSettings
    |         ^^^^^^^^^^^^^^^^^^^^ 
    | 
note[0m: found candidate
   ==> src\nodes_document.cj:175:10:
    | 
175 |     func outputSettings(): OutputSettings {
    |          ^^^^^^^^^^^^^^ 
    | 
note[0m: found candidate
   ==> src\nodes_document.cj:178:10:
    | 
178 |     func outputSettings(outputSettings: OutputSettings): Document {
    |          ^^^^^^^^^^^^^^ 
    | 

error[0m: 'func' can not be assigned
   ==> src\nodes_document.cj:133:9:
    | 
133 |         clone.attributes = attributes
    |         ^^^^^^^^^^^^^^^^ 
    | 

error[0m: mismatched types
   ==> src\nodes_document.cj:134:28:
    | 
134 |         clone.childNodes = childNodes
    |                            ^^^^^^^^^^ expected 'Class-NodeList', found '() -> Class-ArrayList<Class-Node>'
    | 

error[0m: type incompatible in this assignment
   ==> src\nodes_document.cj:134:9:
    | 
134 |         clone.childNodes = childNodes
    |         ^ 
    | 

error[0m: ambiguous use of 'tag'
   ==> src\nodes_document.cj:135:9:
    | 
135 |         clone.tag = tag
    |         ^^^^^^^^^ 
    | 
note[0m: found candidate
  ==> src\nodes_element.cj:76:22:
   | 
76 |     public open func tag(): Tag {
   |                      ^^^ 
   | 
note[0m: found candidate
  ==> src\nodes_element.cj:79:22:
   | 
79 |     public open func tag(tag: Tag): Element {
   |                      ^^^ 
   | 

error[0m: no matching function declaration for function call 'tag'
   ==> src\nodes_document.cj:140:35:
    | 
140 |         let clone = Document(this.tag().namespace(), baseUri(), parser: parser)
    |                                   ^ 
    | 

error[0m: 'name' is not a member of enum 'Option<Class-Node>'
   ==> src\nodes_document.cj:168:47:
    | 
168 |         if ((node is XmlDeclaration) && (node.name() == "xml")) {
    |                                               ^^^^ 
    | 

error[0m: mismatched types
   ==> src\nodes_document.cj:169:20:
    | 
169 |             return node
    |                    ^^^^ expected 'Class-XmlDeclaration', found 'Enum-Option<Class-Node>'
    | 

error[0m: ambiguous use of 'outputSettings'
   ==> src\nodes_document.cj:179:9:
    | 
179 |         this.outputSettings = outputSettings
    |         ^^^^^^^^^^^^^^^^^^^ 
    | 
note[0m: found candidate
   ==> src\nodes_document.cj:175:10:
    | 
175 |     func outputSettings(): OutputSettings {
    |          ^^^^^^^^^^^^^^ 
    | 
note[0m: found candidate
   ==> src\nodes_document.cj:178:10:
    | 
178 |     func outputSettings(outputSettings: OutputSettings): Document {
    |          ^^^^^^^^^^^^^^ 
    | 

error[0m: ambiguous use of 'quirksMode'
   ==> src\nodes_document.cj:186:9:
    | 
186 |         this.quirksMode = quirksMode
    |         ^^^^^^^^^^^^^^^ 
    | 
note[0m: found candidate
   ==> src\nodes_document.cj:182:10:
    | 
182 |     func quirksMode(): QuirksMode {
    |          ^^^^^^^^^^ 
    | 
note[0m: found candidate
   ==> src\nodes_document.cj:185:10:
    | 
185 |     func quirksMode(quirksMode: QuirksMode): Document {
    |          ^^^^^^^^^^ 
    | 

error[0m: missing argument for parameter list '(Struct-String, Struct-String)' in call
   ==> src\nodes_document.cj:195:46:
    | 
195 |         let html: Element = doc.appendElement("html")
    |                                              ^^^^^^^^ expected 2 arguments, found 1
    | 
note[0m: found candidate
   ==> src\nodes_element.cj:316:22:
    | 
316 |     public open func appendElement(tagName: String, namespace!: String): Element {
    |                      ^^^^^^^^^^^^^ 
    | 

error[0m: missing argument for parameter list '(Struct-String, Struct-String)' in call
   ==> src\nodes_document.cj:196:27:
    | 
196 |         html.appendElement("head")
    |                           ^^^^^^^^ expected 2 arguments, found 1
    | 
note[0m: found candidate
   ==> src\nodes_element.cj:316:22:
    | 
316 |     public open func appendElement(tagName: String, namespace!: String): Element {
    |                      ^^^^^^^^^^^^^ 
    | 

error[0m: missing argument for parameter list '(Struct-String, Struct-String)' in call
   ==> src\nodes_document.cj:197:27:
    | 
197 |         html.appendElement("body")
    |                           ^^^^^^^^ expected 2 arguments, found 1
    | 
note[0m: found candidate
   ==> src\nodes_element.cj:316:22:
    | 
316 |     public open func appendElement(tagName: String, namespace!: String): Element {
    |                      ^^^^^^^^^^^^^ 
    | 

error[0m: 'Tag' is not a member of class 'Evaluator'
   ==> src\nodes_document.cj:201:26:
    | 
201 |         return Evaluator.Tag("title")
    |                          ^^^ 
    | 

error[0m: recursive constructor calling detected
  ==> src\nodes_document.cj:18:5:
   | 
18 |     init(baseUri: ?String) {
   |     ^^^^ 
   | 
note[0m: depends on
  ==> src\nodes_document.cj:19:9:
   | 
19 |         this(Parser.NamespaceHtml)
   |         ^^^^ 
   | 
note[0m: depends on
  ==> src\nodes_document.cj:18:5:
   | 
18 |     init(baseUri: ?String) {
   |     ^^^^ 
   | 

error[0m: generic type should be used with type argument
   ==> src\nodes_document.cj:205:25:
    | 
205 | class OutputSettings <: KCloneable {
    |                         ^ 
    | 

error[0m: 'EscapeMode' is not a member of class 'Entities'
   ==> src\nodes_document.cj:213:54:
    | 
213 |     init(escapeMode!: Entities.EscapeMode = Entities.EscapeMode.base, charset!: Charset = Charsets.UTF8, prettyPrint!: Bool = true, outline!: Bool = false, indentAmount!: Int64 = 1, maxPaddingWidth!: Int64 = 30, syntax!: Syntax = Syntax.html) {
    |                                                      ^^^^^^^^^^ 
    | 

error[0m: undeclared identifier 'Charsets'
   ==> src\nodes_document.cj:213:91:
    | 
213 |     init(escapeMode!: Entities.EscapeMode = Entities.EscapeMode.base, charset!: Charset = Charsets.UTF8, prettyPrint!: Bool = true, outline!: Bool = false, indentAmount!: Int64 = 1, maxPaddingWidth!: Int64 = 30, syntax!: Syntax = Syntax.html) {
    |                                                                                           ^ 
    | 

error[0m: no matching function for operator '()' function call
   ==> src\nodes_document.cj:231:9:
    | 
231 |         charset(Charsets.forName(charset))
    |         ^ 
    | 

error[0m: 'copy' is not a member of class 'OutputSettings'
   ==> src\nodes_document.cj:260:21:
    | 
260 |         return this.copy()
    |                     ^^^^ 
    | 

error[0m: generic type should be used with type argument
 ==> src\nodes_element.cj:5:30:
  | 
5 | open class Element <: Node & Iterable {
  |                              ^ 
  | 

error[0m: undeclared identifier 'Synchronizable'
 ==> src\nodes_element.cj:6:16:
  | 
6 |     let lock = Synchronizable()
  |                ^ 
  | 

error[0m: extra argument given for parameter list '(Struct-String, Class-ParseSettings)' in call
  ==> src\nodes_element.cj:12:25:
   | 
12 |         this(Tag.valueOf(tag, namespace, ParseSettings.preserveCase), None)
   |                         ^^^^^^^^^^^^^^^^^^^^^^^^^^^^^^^^^^^^^^^^^^^^ expected 2 arguments, found 3
   | 
note[0m: found candidate
   ==> src\parser_tag.cj:133:17:
    | 
133 |     static func valueOf(tagName: String, settings: ParseSettings): Tag {
    |                 ^^^^^^^ 
    | 

error[0m: 'func' can not be assigned
  ==> src\nodes_element.cj:19:9:
   | 
19 |         this.attributes = attributes
   |         ^^^^^^^^^^^^^^^ 
   | 

error[0m: ambiguous use of 'tag'
  ==> src\nodes_element.cj:20:9:
   | 
20 |         this.tag = tag
   |         ^^^^^^^^ 
   | 
note[0m: found candidate
  ==> src\nodes_element.cj:76:22:
   | 
76 |     public open func tag(): Tag {
   |                      ^^^ 
   | 
note[0m: found candidate
  ==> src\nodes_element.cj:79:22:
   | 
79 |     public open func tag(tag: Tag): Element {
   |                      ^^^ 
   | 

error[0m: invalid binary operator '!=' on type 'Class-NodeList' and 'Class-NodeList'
  ==> src\nodes_element.cj:30:27:
   | 
30 |         return childNodes != Element.EmptyNodeList()
   |                           ^^ 
   | 
   # note: you may want to implement 'operator func !=(right: Class-NodeList)' for type 'Class-NodeList'

error[0m: invalid binary operator '==' on type 'Class-NodeList' and 'Class-NodeList'
  ==> src\nodes_element.cj:33:24:
   | 
33 |         if (childNodes == Element.EmptyNodeList()) {
   |                        ^^ 
   | 
   # note: you may want to implement 'operator func ==(right: Class-NodeList)' for type 'Class-NodeList'

error[0m: mismatched types
  ==> src\nodes_element.cj:36:16:
   | 
36 |         return childNodes
   |                ^^^^^^^^^^ expected 'Class-ArrayList<Class-Node>', found 'Class-NodeList'
   | 

error[0m: no matching function for operator '()' function call
  ==> src\nodes_element.cj:52:9:
   | 
52 |         _attributes().put(Element.BaseUriKey(), baseUri)
   |         ^ 
   | 

error[0m: undeclared identifier 'parser'
  ==> src\nodes_element.cj:72:22:
   | 
72 |         let parser = parser(this)
   |                      ^ 
   | 

error[0m: ambiguous use of 'tag'
  ==> src\nodes_element.cj:80:9:
   | 
80 |         this.tag = tag
   |         ^^^^^^^^ 
   | 
note[0m: found candidate
  ==> src\nodes_element.cj:76:22:
   | 
76 |     public open func tag(): Tag {
   |                      ^^^ 
   | 
note[0m: found candidate
  ==> src\nodes_element.cj:79:22:
   | 
79 |     public open func tag(tag: Tag): Element {
   |                      ^^^ 
   | 

error[0m: 'getOrThrow' is not a member of class 'Attributes'
  ==> src\nodes_element.cj:89:25:
   | 
89 |             _attributes.getOrThrow().getIgnoreCase("id")
   |                         ^^^^^^^^^^ 
   | 

error[0m: no matching function for operator '()' function call
   ==> src\nodes_element.cj:103:9:
    | 
103 |         _attributes().put(attributeKey, attributeValue)
    |         ^ 
    | 

error[0m: no matching function for operator '()' function call
   ==> src\nodes_element.cj:108:13:
    | 
108 |             _attributes().attribute(key)
    |             ^ 
    | 

error[0m: generic type should be used with type argument
   ==> src\nodes_element.cj:110:13:
    | 
110 |             None
    |             ^ 
    | 

error[0m: no matching function for operator '()' function call
   ==> src\nodes_element.cj:114:16:
    | 
114 |         return _attributes().dataset()
    |                ^ 
    | 

error[0m: 'nameIs' is not a member of enum 'Option<Class-Element>'
   ==> src\nodes_element.cj:122:45:
    | 
122 |         while ((parent.isSome()) && !parent.nameIs("#root")) {
    |                                             ^^^^^^ 
    | 

error[0m: 'add' is not a member of class 'Elements'
   ==> src\nodes_element.cj:123:21:
    | 
123 |             parents.add(parent)
    |                     ^^^ 
    | 

error[0m: 'parent' is not a member of enum 'Option<Class-Element>'
   ==> src\nodes_element.cj:124:29:
    | 
124 |             parent = parent.parent()
    |                             ^^^^^^ 
    | 

error[0m: invalid subscript operator [] on type 'Class-NodeList' with index type 'Int64'
   ==> src\nodes_element.cj:139:31:
    | 
139 |             let node: ?Node = childNodes[i]
    |                               ^^^^^^^^^^^^^ 
    | 
    # note: you may want to implement 'operator func [](index0: Int64)' for type 'Class-NodeList'

error[0m: mismatched types
   ==> src\nodes_element.cj:141:26:
    | 
141 |                 if (e += 1 == index) {
    |                          ^^^^^^^^^^ expected 'Int64', found 'Bool'
    | 

error[0m: mismatched types
   ==> src\nodes_element.cj:141:21:
    | 
141 |                 if (e += 1 == index) {
    |                     ^^^^^^^^^^^^^^^ expected 'Bool', found 'Unit'
    | 

error[0m: mismatched types
   ==> src\nodes_element.cj:142:28:
    | 
142 |                     return node
    |                            ^^^^ expected 'Class-Element', found 'Enum-Option<Class-Node>'
    | 

error[0m: generic type should be used with type argument
   ==> src\nodes_element.cj:176:170:
    | 
176 |         let ref = (if (userData[Element.childElsKey] is WeakReference<ArrayList<Element>>) { userData[Element.childElsKey] as WeakReference<ArrayList<Element>> } else { None })
    |                                                                                                                                                                          ^ 
    | 

error[0m: enum pattern is not matched
   ==> src\nodes_element.cj:178:17:
    | 
178 |         if (let Some(elsValue) <- els) {
    |                 ^ 
    | 

error[0m: undeclared identifier 'elsValue'
   ==> src\nodes_element.cj:179:23:
    | 
179 |             let els = elsValue
    |                       ^ 
    | 

error[0m: generic type should be used with type argument
   ==> src\nodes_element.cj:180:123:
    | 
180 |             let modCount = (if (userData[Element.childElsMod] is Int64) { userData[Element.childElsMod] as Int64 } else { None })
    |                                                                                                                           ^ 
    | 

error[0m: no matching function for operator '()' function call
   ==> src\nodes_element.cj:188:24:
    | 
188 |         let userData = _attributes().userData()
    |                        ^ 
    | 

error[0m: no matching constructor for call 'NodeIterator'
  ==> src\nodes_node_utils.cj:15:41:
   | 
15 |         let iterator: NodeIterator<T> = NodeIterator(start, `type`)
   |                                         ^ 
   | 

error[0m: 'asSequence' is not a member of class 'NodeIterator<Generics-T>'
  ==> src\nodes_node_utils.cj:16:25:
   | 
16 |         return iterator.asSequence()
   |                         ^^^^^^^^^^ 
   | 

error[0m: 'filterIsInstance' is not a member of class 'NodeList'
   ==> src\nodes_element.cj:197:27:
    | 
197 |         return childNodes.filterIsInstance()
    |                           ^^^^^^^^^^^^^^^^ 
    | 

error[0m: no matching function declaration for function call 'selectStream'
   ==> src\nodes_element.cj:212:25:
    | 
212 |         return Selector.selectStream(cssQuery, this)
    |                         ^ 
    | 

error[0m: undeclared identifier 'findFirst'
   ==> src\nodes_element.cj:218:16:
    | 
218 |         return findFirst(evaluator, this)
    |                ^ 
    | 

error[0m: missing argument prefix 'msg:' for named parameter
   ==> src\nodes_element.cj:221:77:
    | 
221 |           return Validate.expectNotNull(Selector.selectFirst(cssQuery, this), if (parent().isSome()) {
    |  _____________________________________________________________________________^
222 | |             "No elements matched the query '${cssQuery}' on element '${this.tagName()}'."
    | | ...
225 | |         })
    | |_________^
    | 

error[0m: no matching function declaration for function call 'selectNodes'
   ==> src\nodes_element.cj:228:16:
    | 
228 |         return selectNodes(evaluator, Node)
    |                ^ 
    | 

error[0m: no matching function declaration for function call 'selectNodes'
   ==> src\nodes_element.cj:231:16:
    | 
231 |         return selectNodes(cssQuery, Node)
    |                ^ 
    | 

error[0m: no matching function declaration for function call 'nodeStream'
  ==> src\select_collector.cj:24:38:
   | 
24 |         return collectArrayList(root.nodeStream(`type`).iterator().filter(evaluator.asNodePredicate(root)))
   |                                      ^ 
   | 

error[0m: no matching function declaration for function call 'notEmpty'
   ==> src\nodes_element.cj:237:18:
    | 
237 |         Validate.notEmpty(cssQuery)
    |                  ^ 
    | 

error[0m: no matching function declaration for function call 'selectNodes'
   ==> src\nodes_element.cj:238:16:
    | 
238 |         return selectNodes(Selector.evaluatorOf(cssQuery), `type`)
    |                ^ 
    | 

error[0m: no matching function declaration for function call 'selectFirstNode'
   ==> src\nodes_element.cj:241:16:
    | 
241 |         return selectFirstNode(evaluatorOf(cssQuery), `type`)
    |                ^ 
    | 

error[0m: missing argument prefix 'msg:' for named parameter
   ==> src\nodes_element.cj:247:74:
    | 
247 |           return Validate.expectNotNull(selectFirstNode(cssQuery, `type`), if (parent().isSome()) {
    |  __________________________________________________________________________^
248 | |             "No nodes matched the query '${cssQuery}' on element '${this.tagName()}'."
    | | ...
251 | |         })
    | |_________^
    | 

error[0m: 'removeChild' is not a member of enum 'Option<Class-Element>'
   ==> src\nodes_node.cj:247:30:
    | 
247 |             this._parentNode.removeChild(this)
    |                              ^^^^^^^^^^^ 
    | 

error[0m: 'childNodeSize' is not a member of enum 'Option<Class-Node>'
   ==> src\nodes_node.cj:292:52:
    | 
292 |         if ((firstParent.isSome()) && (firstParent.childNodeSize() == children.size)) {
    |                                                    ^^^^^^^^^^^^^ 
    | 

error[0m: 'ensureChildNodes' is not a member of enum 'Option<Class-Node>'
   ==> src\nodes_node.cj:294:65:
    | 
294 |             let firstParentNodes: ArrayList<Node> = firstParent.ensureChildNodes()
    |                                                                 ^^^^^^^^^^^^^^^^ 
    | 

error[0m: mismatched types
   ==> src\nodes_node.cj:296:25:
    | 
296 |             while (i -= 1 > 0) {
    |                         ^^^^^ expected 'Int64', found 'Bool'
    | 

error[0m: mismatched types
   ==> src\nodes_node.cj:296:20:
    | 
296 |             while (i -= 1 > 0) {
    |                    ^^^^^^^^^^ expected 'Bool', found 'Unit'
    | 

error[0m: invalid binary operator '!=' on type 'Class-Node' and 'Class-Node'
   ==> src\nodes_node.cj:297:33:
    | 
297 |                 if (children[i] != firstParentNodes[i]) {
    |                                 ^^ 
    | 
    # note: you may want to implement 'operator func !=(right: Class-Node)' for type 'Class-Node'

error[0m: 'empty' is not a member of enum 'Option<Class-Node>'
   ==> src\nodes_node.cj:303:29:
    | 
303 |                 firstParent.empty()
    |                             ^^^^^ 
    | 

error[0m: 'addAll' is not a member of class 'ArrayList<Class-Node>'
   ==> src\nodes_node.cj:304:23:
    | 
304 |                 nodes.addAll(index, ArrayList(children))
    |                       ^^^^^^ 
    | 

error[0m: mismatched types
   ==> src\nodes_node.cj:306:29:
    | 
306 |                 while (i -= 1 > 0) {
    |                             ^^^^^ expected 'Int64', found 'Bool'
    | 

error[0m: mismatched types
   ==> src\nodes_node.cj:306:24:
    | 
306 |                 while (i -= 1 > 0) {
    |                        ^^^^^^^^^^ expected 'Bool', found 'Unit'
    | 

error[0m: 'invalidateChildren' is not a member of enum 'Option<Class-Element>'
   ==> src\nodes_node.cj:309:35:
    | 
309 |                 (this as Element).invalidateChildren()
    |                                   ^^^^^^^^^^^^^^^^^^ 
    | 

error[0m: 'addAll' is not a member of class 'ArrayList<Class-Node>'
   ==> src\nodes_node.cj:316:15:
    | 
316 |         nodes.addAll(index, ArrayList(children))
    |               ^^^^^^ 
    | 

error[0m: 'invalidateChildren' is not a member of enum 'Option<Class-Element>'
   ==> src\nodes_node.cj:317:27:
    | 
317 |         (this as Element).invalidateChildren()
    |                           ^^^^^^^^^^^^^^^^^^ 
    | 

error[0m: mismatched types
   ==> src\nodes_element.cj:289:24:
    | 
289 |         addChildren(0, child)
    |                        ^^^^^ expected 'Struct-Array<Class-Node>', found 'Class-Node'
    | 

error[0m: undeclared identifier 'isTrue'
   ==> src\nodes_element.cj:302:9:
    | 
302 |         isTrue((calculatedIndex >= 0) && (calculatedIndex <= currentSize), "Insert position out of bounds.")
    |         ^ 
    | 

error[0m: extra argument given for parameter list '(Struct-Array<Class-Node>)' in call
   ==> src\nodes_element.cj:303:20:
    | 
303 |         addChildren(calculatedIndex, children.toTypedArray())
    |                    ^^^^^^^^^^^^^^^^^^^^^^^^^^^^^^^^^^^^^^^^^^ expected 1 argument, found 2
    | 
note[0m: found candidate
   ==> src\nodes_node.cj:278:22:
    | 
278 |     public open func addChildren(children: Array<Node>) {
    |                      ^^^^^^^^^^^ 
    | 

error[0m: extra argument given for parameter list '(Struct-Array<Class-Node>)' in call
   ==> src\nodes_element.cj:313:20:
    | 
313 |         addChildren(calculatedIndex, children)
    |                    ^^^^^^^^^^^^^^^^^^^^^^^^^^^ expected 1 argument, found 2
    | 
note[0m: found candidate
   ==> src\nodes_node.cj:278:22:
    | 
278 |     public open func addChildren(children: Array<Node>) {
    |                      ^^^^^^^^^^^ 
    | 

error[0m: undeclared identifier 'parser'
   ==> src\nodes_element.cj:317:30:
    | 
317 |         let parser: Parser = parser(this)
    |                              ^ 
    | 

error[0m: missing argument prefix 'settings:' for named parameter
   ==> src\nodes_element.cj:318:73:
    | 
318 |         let child = Element(parser.tagSet().valueOf(tagName, namespace, parser.settings()), baseUri())
    |                                                                         ^^^^^^^^^^^^^^^^^ 
    | 

error[0m: undeclared identifier 'parser'
   ==> src\nodes_element.cj:323:22:
    | 
323 |         let parser = parser(this)
    |                      ^ 
    | 

error[0m: undeclared identifier 'parser'
   ==> src\nodes_element.cj:339:38:
    | 
339 |         let nodes: ArrayList<Node> = parser(this).parseFragmentInput(html, this, baseUri())
    |                                      ^ 
    | 

error[0m: 'toTypedArray' is not a member of class 'ArrayList<Class-Node>'
   ==> src\nodes_element.cj:340:27:
    | 
340 |         addChildren(nodes.toTypedArray())
    |                           ^^^^^^^^^^^^ 
    | 

error[0m: undeclared identifier 'parser'
   ==> src\nodes_element.cj:344:38:
    | 
344 |         let nodes: ArrayList<Node> = parser(this).parseFragmentInput(html, this, baseUri())
    |                                      ^ 
    | 

error[0m: extra argument given for parameter list '(Struct-Array<Class-Node>)' in call
   ==> src\nodes_element.cj:345:20:
    | 
345 |         addChildren(0, nodes.toTypedArray())
    |                    ^^^^^^^^^^^^^^^^^^^^^^^^^ expected 1 argument, found 2
    | 
note[0m: found candidate
   ==> src\nodes_node.cj:278:22:
    | 
278 |     public open func addChildren(children: Array<Node>) {
    |                      ^^^^^^^^^^^ 
    | 

error[0m: mismatched types
   ==> src\nodes_element.cj:349:17:
    | 
349 |         return (super.before(html) as Element)
    |                 ^^^^^^^^^^^^^^^^^^^^^^^^^^^^^ expected 'Class-Element', found 'Enum-Option<Class-Element>'
    | 

error[0m: mismatched types
   ==> src\nodes_element.cj:352:17:
    | 
352 |         return (super.before(node) as Element)
    |                 ^^^^^^^^^^^^^^^^^^^^^^^^^^^^^ expected 'Class-Element', found 'Enum-Option<Class-Element>'
    | 

error[0m: mismatched types
   ==> src\nodes_element.cj:355:17:
    | 
355 |         return (super.after(html) as Element)
    |                 ^^^^^^^^^^^^^^^^^^^^^^^^^^^^ expected 'Class-Element', found 'Enum-Option<Class-Element>'
    | 

error[0m: mismatched types
   ==> src\nodes_element.cj:358:17:
    | 
358 |         return (super.after(node) as Element)
    |                 ^^^^^^^^^^^^^^^^^^^^^^^^^^^^ expected 'Class-Element', found 'Enum-Option<Class-Element>'
    | 

error[0m: invalid subscript operator [] on type 'Class-NodeList' with index type 'Int64'
   ==> src\nodes_element.cj:363:13:
    | 
363 |             childNodes[i]._parentNode = None
    |             ^^^^^^^^^^^^^ 
    | 
    # note: you may want to implement 'operator func [](index0: Int64)' for type 'Class-NodeList'

error[0m: mismatched types
   ==> src\nodes_element.cj:369:17:
    | 
369 |         return (super.wrap(html) as Element)
    |                 ^^^^^^^^^^^^^^^^^^^^^^^^^^^ expected 'Class-Element', found 'Enum-Option<Class-Element>'
    | 

error[0m: undeclared identifier 'escapeCssIdentifier'
   ==> src\nodes_element.cj:374:31:
    | 
374 |             let idSel = "#" + escapeCssIdentifier(id).toString()
    |                               ^ 
    | 

error[0m: 'insert' is not a member of class 'StringBuilder'
   ==> src\nodes_element.cj:398:26:
    | 
398 |                 selector.insert(0, idSel)
    |                          ^^^^^^ 
    | 

error[0m: 'insert' is not a member of class 'StringBuilder'
   ==> src\nodes_element.cj:401:22:
    | 
401 |             selector.insert(0, el.getOrThrow().cssSelectorComponent())
    |                      ^^^^^^ 
    | 

error[0m: undeclared identifier 'escapeCssIdentifier'
   ==> src\nodes_element.cj:407:31:
    | 
407 |         let tagName: String = escapeCssIdentifier(tagName()).replace("\\:", "|")
    |                               ^ 
    | 

error[0m: mismatched types
   ==> src\nodes_element.cj:408:39:
    | 
408 |         let selector: StringBuilder = StringUtil.borrowBuilder().append(tagName)
    |                                       ^^^^^^^^^^^^^^^^^^^^^^^^^^^^^^^^^^^^^^^^^^ expected 'Class-StringBuilder', found 'Unit'
    | 

error[0m: 'StringJoiner' is not a member of class 'StringUtil'
   ==> src\nodes_element.cj:409:66:
    | 
409 |         let escapedClasses: StringUtil.StringJoiner = StringUtil.StringJoiner(".")
    |                                                                  ^^^^^^^^^^^^ 
    | 

error[0m: undeclared identifier 'append'
   ==> src\nodes_element.cj:415:35:
    | 
415 |             selector.append(r'.').append(classes)
    |                                   ^^^^^^ 
    | 

error[0m: 'insert' is not a member of class 'StringBuilder'
   ==> src\nodes_element.cj:421:18:
    | 
421 |         selector.insert(0, " > ")
    |                  ^^^^^^ 
    | 

error[0m: 'size' is not a member of class 'Elements'
   ==> src\nodes_element.cj:422:61:
    | 
422 |         if (parent.getOrThrow().select(selector.toString()).size > 1) {
    |                                                             ^^^^ 
    | 

error[0m: 'childElementsList' is not a member of enum 'Option<Class-Element>'
   ==> src\nodes_element.cj:431:49:
    | 
431 |         let elements = (_parentNode as Element).childElementsList()
    |                                                 ^^^^^^^^^^^^^^^^^ 
    | 

error[0m: 'add' is not a member of class 'Elements'
   ==> src\nodes_element.cj:435:26:
    | 
435 |                 siblings.add(el)
    |                          ^^^ 
    | 

error[0m: 'add' is not a member of class 'Elements'
   ==> src\nodes_element.cj:451:13:
    | 
451 |         els.add(this)
    |             ^^^ 
    | 

error[0m: invalid subscript operator [] on type 'Class-NodeList' with index type 'Int64'
   ==> src\nodes_element.cj:488:30:
    | 
488 |             let node: Node = childNodes[i]
    |                              ^^^^^^^^^^^^^ 
    | 
    # note: you may want to implement 'operator func [](index0: Int64)' for type 'Class-NodeList'

error[0m: mismatched types
   ==> src\nodes_element.cj:490:24:
    | 
490 |                 return node
    |                        ^^^^ expected 'Enum-Option<Class-Element>', found 'Class-Node'
    | 

error[0m: invalid subscript operator [] on type 'Class-NodeList' with index type 'Int64'
   ==> src\nodes_element.cj:497:30:
    | 
497 |             let node: Node = childNodes[i]
    |                              ^^^^^^^^^^^^^ 
    | 
    # note: you may want to implement 'operator func [](index0: Int64)' for type 'Class-NodeList'

error[0m: mismatched types
   ==> src\nodes_element.cj:499:24:
    | 
499 |                 return node
    |                        ^^^^ expected 'Enum-Option<Class-Element>', found 'Class-Node'
    | 

error[0m: no matching function declaration for function call 'notEmpty'
   ==> src\nodes_element.cj:505:18:
    | 
505 |         Validate.notEmpty(tagName)
    |                  ^ 
    | 

error[0m: undeclared identifier 'normalize'
   ==> src\nodes_element.cj:506:33:
    | 
506 |         let normalizedTagName = normalize(tagName)
    |                                 ^ 
    | 

error[0m: 'Tag' is not a member of class 'Evaluator'
   ==> src\nodes_element.cj:507:44:
    | 
507 |         return Collector.collect(Evaluator.Tag(normalizedTagName), this)
    |                                            ^^^ 
    | 

error[0m: no matching function declaration for function call 'notEmpty'
   ==> src\nodes_element.cj:510:18:
    | 
510 |         Validate.notEmpty(id)
    |                  ^ 
    | 

error[0m: undeclared identifier 'findFirst'
   ==> src\nodes_element.cj:511:16:
    | 
511 |         return findFirst(Evaluator.Id(id), this)
    |                ^ 
    | 

error[0m: no matching function declaration for function call 'notEmpty'
   ==> src\nodes_element.cj:514:18:
    | 
514 |         Validate.notEmpty(className)
    |                  ^ 
    | 

error[0m: 'Class' is not a member of class 'Evaluator'
   ==> src\nodes_element.cj:515:44:
    | 
515 |         return Collector.collect(Evaluator.Class(className), this)
    |                                            ^^^^^ 
    | 

error[0m: no matching function declaration for function call 'notEmpty'
   ==> src\nodes_element.cj:518:18:
    | 
518 |         Validate.notEmpty(key)
    |                  ^ 
    | 

error[0m: extra argument given for parameter list '()' in call
   ==> src\nodes_element.cj:519:39:
    | 
519 |         let trimmedKey = key.trimAscii({ it => it <= r' ' })
    |                                       ^^^^^^^^^^^^^^^^^^^^^^ expected 0 arguments, found 1
    | 
note[0m: found candidate
   ==> (package std.core)string.cj:670:17:

error[0m: 'Attribute' is not a member of class 'Evaluator'
   ==> src\nodes_element.cj:520:44:
    | 
520 |         return Collector.collect(Evaluator.Attribute(trimmedKey), this)
    |                                            ^^^^^^^^^ 
    | 

error[0m: no matching function declaration for function call 'notEmpty'
   ==> src\nodes_element.cj:523:18:
    | 
523 |         Validate.notEmpty(keyPrefix)
    |                  ^ 
    | 

error[0m: extra argument given for parameter list '()' in call
   ==> src\nodes_element.cj:524:51:
    | 
524 |         let trimmedKeyPrefix = keyPrefix.trimAscii({ it => it <= r' ' })
    |                                                   ^^^^^^^^^^^^^^^^^^^^^^ expected 0 arguments, found 1
    | 
note[0m: found candidate
   ==> (package std.core)string.cj:670:17:

error[0m: 'AttributeStarting' is not a member of class 'Evaluator'
   ==> src\nodes_element.cj:525:44:
    | 
525 |         return Collector.collect(Evaluator.AttributeStarting(trimmedKeyPrefix), this)
    |                                            ^^^^^^^^^^^^^^^^^ 
    | 

error[0m: 'AttributeWithValue' is not a member of class 'Evaluator'
   ==> src\nodes_element.cj:528:44:
    | 
528 |         return Collector.collect(Evaluator.AttributeWithValue(key, value), this)
    |                                            ^^^^^^^^^^^^^^^^^^ 
    | 

error[0m: 'AttributeWithValueNot' is not a member of class 'Evaluator'
   ==> src\nodes_element.cj:531:44:
    | 
531 |         return Collector.collect(Evaluator.AttributeWithValueNot(key, value), this)
    |                                            ^^^^^^^^^^^^^^^^^^^^^ 
    | 

error[0m: 'AttributeWithValueStarting' is not a member of class 'Evaluator'
   ==> src\nodes_element.cj:534:44:
    | 
534 |         return Collector.collect(Evaluator.AttributeWithValueStarting(key, valuePrefix), this)
    |                                            ^^^^^^^^^^^^^^^^^^^^^^^^^^ 
    | 

error[0m: 'AttributeWithValueEnding' is not a member of class 'Evaluator'
   ==> src\nodes_element.cj:537:44:
    | 
537 |         return Collector.collect(Evaluator.AttributeWithValueEnding(key, valueSuffix), this)
    |                                            ^^^^^^^^^^^^^^^^^^^^^^^^ 
    | 

error[0m: 'AttributeWithValueContaining' is not a member of class 'Evaluator'
   ==> src\nodes_element.cj:540:44:
    | 
540 |         return Collector.collect(Evaluator.AttributeWithValueContaining(key, `match`), this)
    |                                            ^^^^^^^^^^^^^^^^^^^^^^^^^^^^ 
    | 

error[0m: 'AttributeWithValueMatching' is not a member of class 'Evaluator'
   ==> src\nodes_element.cj:543:44:
    | 
543 |         return Collector.collect(Evaluator.AttributeWithValueMatching(key, regex), this)
    |                                            ^^^^^^^^^^^^^^^^^^^^^^^^^^ 
    | 

error[0m: 'isJsOrWasm' is non-static member, cannot access by type name
 ==> src\ported_core_functions.cj:4:16:
  | 
4 |     return if (Platform.isJsOrWasm() && regex.contains("(?i)")) {
  |                ^ 
  | 

error[0m: undeclared identifier 'Regex'
 ==> src\ported_core_functions.cj:5:9:
  | 
5 |         Regex(regex.replace("(?i)", ""), RegexOption.IGNORE_CASE)
  |         ^ 
  | 

error[0m: undeclared identifier 'Regex'
 ==> src\ported_core_functions.cj:7:9:
  | 
7 |         Regex(regex)
  |         ^ 
  | 

error[0m: extra argument given for parameter list '(Struct-String)' in call
   ==> src\nodes_element.cj:549:43:
    | 
549 |             throw IllegalArgumentException("Pattern syntax error: ${regex}", e)
    |                                           ^^^^^^^^^^^^^^^^^^^^^^^^^^^^^^^^^^^^^ expected 1 argument, found 2
    | 
note[0m: found candidate
  ==> (package std.core)illegal_argument_exception.cj:15:12:

error[0m: 'AttributeWithValueMatching' is not a member of class 'Evaluator'
   ==> src\nodes_element.cj:551:44:
    | 
551 |         return Collector.collect(Evaluator.AttributeWithValueMatching(key, pattern), this)
    |                                            ^^^^^^^^^^^^^^^^^^^^^^^^^^ 
    | 

error[0m: 'IndexLessThan' is not a member of class 'Evaluator'
   ==> src\nodes_element.cj:554:44:
    | 
554 |         return Collector.collect(Evaluator.IndexLessThan(index), this)
    |                                            ^^^^^^^^^^^^^ 
    | 

error[0m: 'IndexGreaterThan' is not a member of class 'Evaluator'
   ==> src\nodes_element.cj:557:44:
    | 
557 |         return Collector.collect(Evaluator.IndexGreaterThan(index), this)
    |                                            ^^^^^^^^^^^^^^^^ 
    | 

error[0m: 'IndexEquals' is not a member of class 'Evaluator'
   ==> src\nodes_element.cj:560:44:
    | 
560 |         return Collector.collect(Evaluator.IndexEquals(index), this)
    |                                            ^^^^^^^^^^^ 
    | 

error[0m: 'ContainsText' is not a member of class 'Evaluator'
   ==> src\nodes_element.cj:563:44:
    | 
563 |         return Collector.collect(Evaluator.ContainsText(searchText), this)
    |                                            ^^^^^^^^^^^^ 
    | 

error[0m: 'ContainsOwnText' is not a member of class 'Evaluator'
   ==> src\nodes_element.cj:566:44:
    | 
566 |         return Collector.collect(Evaluator.ContainsOwnText(searchText), this)
    |                                            ^^^^^^^^^^^^^^^ 
    | 

error[0m: 'Matches' is not a member of class 'Evaluator'
   ==> src\nodes_element.cj:569:44:
    | 
569 |         return Collector.collect(Evaluator.Matches(regex), this)
    |                                            ^^^^^^^ 
    | 

error[0m: extra argument given for parameter list '(Struct-String)' in call
   ==> src\nodes_element.cj:575:43:
    | 
575 |             throw IllegalArgumentException("Pattern syntax error: ${regex}", e)
    |                                           ^^^^^^^^^^^^^^^^^^^^^^^^^^^^^^^^^^^^^ expected 1 argument, found 2
    | 
note[0m: found candidate
  ==> (package std.core)illegal_argument_exception.cj:15:12:

error[0m: 'Matches' is not a member of class 'Evaluator'
   ==> src\nodes_element.cj:577:44:
    | 
577 |         return Collector.collect(Evaluator.Matches(pattern), this)
    |                                            ^^^^^^^ 
    | 

error[0m: 'MatchesOwn' is not a member of class 'Evaluator'
   ==> src\nodes_element.cj:580:44:
    | 
580 |         return Collector.collect(Evaluator.MatchesOwn(regex), this)
    |                                            ^^^^^^^^^^ 
    | 

error[0m: extra argument given for parameter list '(Struct-String)' in call
   ==> src\nodes_element.cj:586:43:
    | 
586 |             throw IllegalArgumentException("Pattern syntax error: ${regex}", e)
    |                                           ^^^^^^^^^^^^^^^^^^^^^^^^^^^^^^^^^^^^^ expected 1 argument, found 2
    | 
note[0m: found candidate
  ==> (package std.core)illegal_argument_exception.cj:15:12:

error[0m: 'MatchesOwn' is not a member of class 'Evaluator'
   ==> src\nodes_element.cj:588:44:
    | 
588 |         return Collector.collect(Evaluator.MatchesOwn(pattern), this)
    |                                            ^^^^^^^^^^ 
    | 

error[0m: 'AllElements' is not a member of class 'Evaluator'
   ==> src\nodes_element.cj:591:44:
    | 
591 |         return Collector.collect(Evaluator.AllElements(), this)
    |                                            ^^^^^^^^^^^ 
    | 

error[0m: mismatched types
   ==> src\nodes_element.cj:908:32:
    | 
908 |         if (preserveWhitespace(textNode._parentNode) || (textNode is CDataNode)) {
    |                                ^^^^^^^^^^^^^^^^^^^^ expected 'Enum-Option<Class-Node>', found 'Enum-Option<Class-Element>'
    | 

error[0m: invalid subscript operator [] on type 'Class-NodeList' with index type 'Int64'
   ==> src\nodes_element.cj:614:31:
    | 
614 |             let child: Node = childNodes[i]
    |                               ^^^^^^^^^^^^^ 
    | 
    # note: you may want to implement 'operator func [](index0: Int64)' for type 'Class-NodeList'

error[0m: undeclared identifier 'lastCharIsWhitespace'
   ==> src\nodes_element.cj:617:47:
    | 
617 |             } else if (child.nameIs("br") && !lastCharIsWhitespace(accum)) {
    |                                               ^ 
    | 

error[0m: undeclared identifier 'object'
   ==> src\nodes_element.cj:633:16:
    | 
633 |         filter(object)
    |                ^ 
    | 

error[0m: parameters of this lambda expression must have type annotations
   ==> src\nodes_element.cj:638:20:
    | 
638 |         traverse({ childNode, depth =>
    |                    ^^^^^^^^^ 
    | 

error[0m: undeclared identifier 'Regex'
   ==> src\nodes_element.cj:871:16:
    | 
871 |         return Regex("\\s+")
    |                ^ 
    | 

error[0m: undeclared identifier 'LinkedHashSet'
   ==> src\nodes_element.cj:652:43:
    | 
652 |         let classNames: HashSet<String> = LinkedHashSet(names)
    |                                           ^ 
    | 

error[0m: no matching function for operator '()' function call
   ==> src\nodes_element.cj:658:13:
    | 
658 |             _attributes().remove("class")
    |             ^ 
    | 

error[0m: no matching function for operator '()' function call
   ==> src\nodes_element.cj:660:13:
    | 
660 |             _attributes().put("class", StringUtil.join(classNames, " "))
    |             ^ 
    | 

error[0m: 'regionMatches' is not a member of struct 'String'
   ==> src\nodes_element.cj:682:63:
    | 
682 |                     if (((i - start) == wantLen) && classAttr.regionMatches(start, className, 0, wantLen, true)) {
    |                                                               ^^^^^^^^^^^^^ 
    | 

error[0m: 'regionMatches' is not a member of struct 'String'
   ==> src\nodes_element.cj:695:23:
    | 
695 |             classAttr.regionMatches(start, className, 0, wantLen, true)
    |                       ^^^^^^^^^^^^^ 
    | 

error[0m: 'OutputSettings' is not a member of class 'Document'
   ==> src\nodes_element.cj:763:39:
    | 
763 |         return if (syntax == Document.OutputSettings.Syntax.xml) {
    |                                       ^^^^^^^^^^^^^^ 
    | 

error[0m: no matching function declaration for function call 'html'
   ==> src\nodes_element.cj:743:22:
    | 
743 |         _attributes?.html(accum, out)
    |                      ^ 
    | 

error[0m: 'OutputSettings' is not a member of class 'Document'
   ==> src\nodes_element.cj:745:53:
    | 
745 |             let xmlMode = (out.syntax() == Document.OutputSettings.Syntax.xml) || (_tag.namespace() != Parser.NamespaceHtml)
    |                                                     ^^^^^^^^^^^^^^ 
    | 

error[0m: undeclared identifier 'outputSettings'
   ==> src\nodes_element.cj:773:20:
    | 
773 |         return if (outputSettings(this).prettyPrint()) {
    |                    ^ 
    | 

error[0m: extra argument given for parameter list '()' in call
   ==> src\nodes_element.cj:774:27:
    | 
774 |             html.trimAscii({ it => it <= r' ' })
    |                           ^^^^^^^^^^^^^^^^^^^^^^ expected 0 arguments, found 1
    | 
note[0m: found candidate
   ==> (package std.core)string.cj:670:17:

error[0m: mismatched types
   ==> src\nodes_element.cj:782:46:
    | 
782 |             let printer = Printer.printerFor(child, QuietAppendable.wrap(appendable))
    |                                              ^^^^^ expected 'Class-Node', found 'Enum-Option<Class-Node>'
    | 

error[0m: 'nextSibling' is not a member of enum 'Option<Class-Node>'
   ==> src\nodes_element.cj:785:31:
    | 
785 |                 child = child.nextSibling()
    |                               ^^^^^^^^^^^ 
    | 

error[0m: no matching function declaration for function reference 'tag'
   ==> src\nodes_element.cj:796:29:
    | 
796 |         let clone = Element(this.tag, _baseUri)
    |                             ^ 
    | 

error[0m: mismatched types
   ==> src\nodes_element.cj:802:17:
    | 
802 |         return (super.clone() as Element)
    |                 ^^^^^^^^^^^^^^^^^^^^^^^^ expected 'Class-Element', found 'Enum-Option<Class-Element>'
    | 

error[0m: 'childNodes' is not a member of enum 'Option<Class-Element>'
   ==> src\nodes_element.cj:806:15:
    | 
806 |         clone.childNodes = NodeList(childNodes.size)
    |               ^^^^^^^^^^ 
    | 

error[0m: 'childNodes' is not a member of enum 'Option<Class-Element>'
   ==> src\nodes_element.cj:807:15:
    | 
807 |         clone.childNodes.add(all: childNodes)
    |               ^^^^^^^^^^ 
    | 

error[0m: 'attributes' is not a member of enum 'Option<Class-Element>'
   ==> src\nodes_element.cj:810:19:
    | 
810 |             clone.attributes = _attributes?.clone()
    |                   ^^^^^^^^^^ 
    | 

error[0m: 'attributes' is not a member of enum 'Option<Class-Element>'
   ==> src\nodes_element.cj:811:19:
    | 
811 |             clone.attributes.userData(Element.childElsKey, None)
    |                   ^^^^^^^^^^ 
    | 

error[0m: mismatched types
   ==> src\nodes_element.cj:813:16:
    | 
813 |         return clone
    |                ^^^^^ expected 'Class-Element', found 'Enum-Option<Class-Element>'
    | 

error[0m: 'ifEmpty' is not a member of struct 'String'
   ==> src\nodes_element.cj:816:33:
    | 
816 |         let baseUri = baseUri().ifEmpty({ => None })
    |                                 ^^^^^^^ 
    | 

error[0m: no matching constructor for call 'Element'
   ==> src\nodes_element.cj:817:16:
    | 
817 |         return Element(_tag, baseUri, _attributes?.clone())
    |                ^ 
    | 

error[0m: invalid binary operator '==' on type '() -> Int64' and 'Int64'
   ==> src\nodes_element.cj:822:47:
    | 
822 |             if (_attributes.getOrThrow().size == 0) {
    |                                               ^^ 
    | 

error[0m: mismatched types
   ==> src\nodes_element.cj:829:17:
    | 
829 |         return (super.removeAttr(attributeKey) as Element)
    |                 ^^^^^^^^^^^^^^^^^^^^^^^^^^^^^^^^^^^^^^^^^ expected 'Class-Element', found 'Enum-Option<Class-Element>'
    | 

error[0m: mismatched types
   ==> src\nodes_element.cj:832:17:
    | 
832 |         return (super.root() as Element)
    |                 ^^^^^^^^^^^^^^^^^^^^^^^ expected 'Class-Element', found 'Enum-Option<Class-Element>'
    | 

error[0m: mismatched types
   ==> src\nodes_element.cj:835:17:
    | 
835 |         return (super.traverse(nodeVisitor) as Element)
    |                 ^^^^^^^^^^^^^^^^^^^^^^^^^^^^^^^^^^^^^^ expected 'Class-Element', found 'Enum-Option<Class-Element>'
    | 

error[0m: mismatched types
   ==> src\nodes_element.cj:838:17:
    | 
838 |         return (super.forEachNode(action) as Element)
    |                 ^^^^^^^^^^^^^^^^^^^^^^^^^^^^^^^^^^^^ expected 'Class-Element', found 'Enum-Option<Class-Element>'
    | 

error[0m: no matching constructor for call 'NodeIterator'
   ==> src\nodes_element.cj:844:16:
    | 
844 |         return NodeIterator<Element>(this, Element)
    |                ^ 
    | 

error[0m: undeclared identifier 'super'
   ==> src\nodes_element.cj:847:34:
    | 
847 |         return (collectArrayList(`super`.iterator().filter(nodeFilter)) as Element)
    |                                  ^ 
    | 

error[0m: invalid subscript operator [] on type 'Class-NodeList' with index type 'Int64'
   ==> src\nodes_element.cj:852:13:
    | 
852 |             childNodes[i]._siblingIndex = i
    |             ^^^^^^^^^^^^^ 
    | 
    # note: you may want to implement 'operator func [](index0: Int64)' for type 'Class-NodeList'

error[0m: undeclared identifier 'emptyList'
   ==> src\nodes_element.cj:865:16:
    | 
865 |         return emptyList()
    |                ^ 
    | 

error[0m: cannot use optional chaining
   ==> src\nodes_element.cj:879:17:
    | 
879 |             if (el.getOrThrow().attributes?.hasKey(key) == true) {
    |                 ^^^^^^^^^^^^^^^^^^^^^^^^^^^^^^^^^^^^^^^ cannot use optional chaining on non-optional value of type '() -> Class-Attributes'
    | 

error[0m: invalid subscript operator [] on type '() -> Class-Attributes' with index type 'Struct-String'
   ==> src\nodes_element.cj:880:24:
    | 
880 |                 return el.getOrThrow().attributes[key]
    |                        ^^^^^^^^^^^^^^^^^^^^^^^^^^^^^^^ 
    | 

error[0m: invalid binary operator '==' on type 'Generics-E' and 'Class-Element'
   ==> src\nodes_element.cj:889:29:
    | 
889 |             if (elements[i] == search) {
    |                             ^^ 
    | 
    # note: you may want to implement 'operator func ==(right: Class-Element)' for type 'Generics-E'

error[0m: 'tag' is not a member of enum 'Option<Enum-Option<Class-Element>>'
   ==> src\nodes_element.cj:919:24:
    | 
919 |                 if (el.tag.preserveWhitespace()) {
    |                        ^^^ 
    | 

error[0m: 'parent' is not a member of enum 'Option<Enum-Option<Class-Element>>'
   ==> src\nodes_element.cj:922:25:
    | 
922 |                 el = el.parent()
    |                         ^^^^^^ 
    | 

error[0m: recursive constructor calling detected
  ==> src\nodes_element.cj:14:5:
   | 
14 |     init(tag: String) {
   |     ^^^^ 
   | 
note[0m: depends on
  ==> src\nodes_element.cj:15:9:
   | 
15 |         this(tag)
   |         ^^^^ 
   | 
note[0m: depends on
  ==> src\nodes_element.cj:14:5:
   | 
14 |     init(tag: String) {
   |     ^^^^ 
   | 

error[0m: undeclared identifier 'appendNormalisedText'
   ==> src\nodes_element.cj:937:13:
    | 
937 |             appendNormalisedText(accum, node)
    |             ^ 
    | 

error[0m: 'isEmpty' is not a member of class 'StringBuilder'
   ==> src\nodes_element.cj:939:26:
    | 
939 |             if ((!(accum.isEmpty()) && (node.isBlock() || node.nameIs("br"))) && !lastCharIsWhitespace(accum)) {
    |                          ^^^^^^^ 
    | 

error[0m: 'isBlock' is not a member of class 'Node'
   ==> src\nodes_element.cj:939:46:
    | 
939 |             if ((!(accum.isEmpty()) && (node.isBlock() || node.nameIs("br"))) && !lastCharIsWhitespace(accum)) {
    |                                              ^^^^^^^ 
    | 

error[0m: undeclared identifier 'lastCharIsWhitespace'
   ==> src\nodes_element.cj:939:83:
    | 
939 |             if ((!(accum.isEmpty()) && (node.isBlock() || node.nameIs("br"))) && !lastCharIsWhitespace(accum)) {
    |                                                                                   ^ 
    | 

error[0m: 'tag' is not a member of class 'Node'
   ==> src\nodes_element.cj:947:24:
    | 
947 |             if ((!node.tag.isInline() && ((next is TextNode) || ((next is Element) && next.getOrThrow().tag.isInline()))) && !lastCharIsWhitespace(accum)) {
    |                        ^^^ 
    | 

error[0m: 'tag' is not a member of class 'Node'
   ==> src\nodes_element.cj:947:105:
    | 
947 |             if ((!node.tag.isInline() && ((next is TextNode) || ((next is Element) && next.getOrThrow().tag.isInline()))) && !lastCharIsWhitespace(accum)) {
    |                                                                                                         ^^^ 
    | 

error[0m: undeclared identifier 'lastCharIsWhitespace'
   ==> src\nodes_element.cj:947:127:
    | 
947 |             if ((!node.tag.isInline() && ((next is TextNode) || ((next is Element) && next.getOrThrow().tag.isInline()))) && !lastCharIsWhitespace(accum)) {
    |                                                                                                                               ^ 
    | 

error[0m: mismatched types
   ==> src\nodes_element.cj:956:38:
    | 
956 |         this.list = ArrayList<Node>([initialCapacity])
    |                                      ^^^^^^^^^^^^^^^ expected 'Class-Node', found 'Int64'
    | 

error[0m: mismatched types
   ==> src\nodes_element.cj:966:16:
    | 
966 |         return list.add(node)
    |                ^^^^^^^^^^^^^^ expected 'Bool', found 'Unit'
    | 

error[0m: mismatched types
   ==> src\nodes_element.cj:969:34:
    | 
969 |         let result = list.remove(element)
    |                                  ^^^^^^^ expected 'Struct-Range<Int64>', found 'Class-Node'
    | 

error[0m: mismatched types
   ==> src\nodes_element.cj:977:13:
    | 
977 |         if (result) {
    |             ^^^^^^ expected 'Bool', found 'Unit'
    | 

error[0m: mismatched types
   ==> src\nodes_element.cj:980:16:
    | 
980 |         return result
    |                ^^^^^^ expected 'Bool', found 'Unit'
    | 

error[0m: 'addAll' is not a member of class 'ArrayList<Class-Node>'
   ==> src\nodes_element.cj:983:27:
    | 
983 |         let result = list.addAll(index, elements)
    |                           ^^^^^^ 
    | 

error[0m: 'removeAll' is not a member of class 'ArrayList<Class-Node>'
   ==> src\nodes_element.cj:990:27:
    | 
990 |         let result = list.removeAll(elements)
    |                           ^^^^^^^^^ 
    | 

error[0m: 'retainAll' is not a member of class 'ArrayList<Class-Node>'
   ==> src\nodes_element.cj:997:27:
    | 
997 |         let result = list.retainAll(elements)
    |                           ^^^^^^^^^ 
    | 

error[0m: 'contains' is not a member of class 'ArrayList<Class-Node>'
    ==> src\nodes_element.cj:1008:21:
     | 
1008 |         return list.contains(element)
     |                     ^^^^^^^^ 
     | 

error[0m: 'containsAll' is not a member of class 'ArrayList<Class-Node>'
    ==> src\nodes_element.cj:1011:21:
     | 
1011 |         return list.containsAll(elements)
     |                     ^^^^^^^^^^^ 
     | 

error[0m: 'indexOf' is not a member of class 'ArrayList<Class-Node>'
    ==> src\nodes_element.cj:1017:21:
     | 
1017 |         return list.indexOf(element)
     |                     ^^^^^^^ 
     | 

error[0m: 'lastIndexOf' is not a member of class 'ArrayList<Class-Node>'
    ==> src\nodes_element.cj:1020:21:
     | 
1020 |         return list.lastIndexOf(element)
     |                     ^^^^^^^^^^^ 
     | 

error[0m: 'func' can not be assigned
    ==> src\nodes_element.cj:1026:9:
     | 
1026 |         this.modCount += 1
     |         ^^^^^^^^^^^^^ 
     | 

error[0m: 'set' is not a member of class 'ArrayList<Class-Node>'
    ==> src\nodes_element.cj:1034:21:
     | 
1034 |         return list.set(index, element)
     |                     ^^^ 
     | 

error[0m: missing argument prefix 'all:' or 'at:' for named parameter
    ==> src\nodes_element.cj:1038:18:
     | 
1038 |         list.add(index, element)
     |                  ^^^^^ 
     | 

error[0m: 'listIterator' is not a member of class 'ArrayList<Class-Node>'
    ==> src\nodes_element.cj:1045:21:
     | 
1045 |         return list.listIterator()
     |                     ^^^^^^^^^^^^ 
     | 

error[0m: 'listIterator' is not a member of class 'ArrayList<Class-Node>'
    ==> src\nodes_element.cj:1048:21:
     | 
1048 |         return list.listIterator(index)
     |                     ^^^^^^^^^^^^ 
     | 

error[0m: 'subList' is not a member of class 'ArrayList<Class-Node>'
    ==> src\nodes_element.cj:1051:21:
     | 
1051 |         return list.subList(fromIndex, toIndex)
     |                     ^^^^^^^ 
     | 

error[0m: mismatched types
  ==> src\nodes_entities.cj:20:46:
   | 
20 |         this.baseSorted = ArrayList<String>([BaseCount])
   |                                              ^^^^^^^^^ expected 'Struct-String', found 'Int64'
   | 

error[0m: undeclared identifier 'extended'
  ==> src\nodes_entities.cj:47:16:
   | 
47 |         return extended.codepointForName(name) != Entities.INSTANCE.empty
   |                ^ 
   | 

error[0m: undeclared identifier 'base'
  ==> src\nodes_entities.cj:50:16:
   | 
50 |         return base.codepointForName(name) != Entities.INSTANCE.empty
   |                ^ 
   | 

error[0m: undeclared identifier 'extended'
  ==> src\nodes_entities.cj:58:25:
   | 
58 |         let codepoint = extended.codepointForName(name)
   |                         ^ 
   | 

error[0m: undeclared identifier 'extended'
  ==> src\nodes_entities.cj:73:25:
   | 
73 |         let codepoint = extended.codepointForName(name)
   |                         ^ 
   | 

error[0m: undeclared identifier 'borrowBuilder'
  ==> src\nodes_entities.cj:98:18:
   | 
98 |         let sb = borrowBuilder()
   |                  ^ 
   | 

error[0m: 'byName' is not a member of enum 'CoreCharset'
   ==> src\nodes_entities.cj:106:52:
    | 
106 |         let coreCharset: CoreCharset = CoreCharset.byName(charset.name())
    |                                                    ^^^^^^ 
    | 

error[0m: 'xmlPoints' is non-static member, cannot access by type name
   ==> src\nodes_entities.cj:297:45:
    | 
297 |     public static let xhtml = EscapeMode(0, EntitiesData.xmlPoints, 4)
    |                                             ^ 
    | 

error[0m: 'MIN_SURROGATE' is non-static member, cannot access by type name
   ==> src\nodes_entities.cj:225:45:
    | 
225 |             case CoreCharset.utf => !((c >= Character.MIN_SURROGATE) && (Int64(UInt32(c)) < (Character.MAX_SURROGATE.code + 1)))
    |                                             ^ 
    | 

error[0m: 'MAX_SURROGATE' is non-static member, cannot access by type name
   ==> src\nodes_entities.cj:225:94:
    | 
225 |             case CoreCharset.utf => !((c >= Character.MIN_SURROGATE) && (Int64(UInt32(c)) < (Character.MAX_SURROGATE.code + 1)))
    |                                                                                              ^ 
    | 

error[0m: 'nameForCodepoint' is not a member of class 'EscapeMode'
   ==> src\nodes_entities.cj:209:31:
    | 
209 |         let name = escapeMode.nameForCodepoint(codePoint)
    |                               ^^^^^^^^^^^^^^^^ 
    | 

error[0m: undeclared identifier 'toHexString'
   ==> src\nodes_entities.cj:213:50:
    | 
213 |             accum.append("&#x").append(codePoint.toHexString(HexFormat({ => number({ => removeLeadingZeros = true }) }))).append(r';')
    |                                                  ^^^^^^^^^^^ 
    | 

error[0m: 'MIN_SUPPLEMENTARY_CODE_POINT' is non-static member, cannot access by type name
   ==> src\nodes_entities.cj:153:31:
    | 
153 |         if (codePoint.value < Character.MIN_SUPPLEMENTARY_CODE_POINT) {
    |                               ^ 
    | 

error[0m: undeclared identifier 'code'
   ==> src\nodes_entities.cj:156:26:
    | 
156 |             } else if (c.code == 0xA0) {
    |                          ^^^^ 
    | 

error[0m: undeclared identifier 'code'
   ==> src\nodes_entities.cj:170:28:
    | 
170 |             } else if (((c.code == 0x9) || (c.code == 0xA)) || (c.code == 0xD)) {
    |                            ^^^^ 
    | 

error[0m: undeclared identifier 'code'
   ==> src\nodes_entities.cj:170:67:
    | 
170 |             } else if (((c.code == 0x9) || (c.code == 0xA)) || (c.code == 0xD)) {
    |                                                                   ^^^^ 
    | 

error[0m: undeclared identifier 'code'
   ==> src\nodes_entities.cj:170:47:
    | 
170 |             } else if (((c.code == 0x9) || (c.code == 0xA)) || (c.code == 0xD)) {
    |                                               ^^^^ 
    | 

error[0m: undeclared identifier 'code'
   ==> src\nodes_entities.cj:173:24:
    | 
173 |                 if ((c.code < 0x20) || !canEncode(coreCharset, c, fallback)) {
    |                        ^^^^ 
    | 

error[0m: 'isAsciiWhiteSpace' is not a member of class 'StringUtil'
   ==> src\nodes_entities.cj:117:32:
    | 
117 |                 if (StringUtil.isAsciiWhiteSpace(codePoint.value)) {
    |                                ^^^^^^^^^^^^^^^^^ 
    | 

error[0m: undeclared identifier 'releaseBuilder'
   ==> src\nodes_entities.cj:100:16:
    | 
100 |         return releaseBuilder(sb)
    |                ^ 
    | 

error[0m: 'nameKeys' is not a member of class 'EscapeMode'
   ==> src\nodes_entities.cj:232:11:
    | 
232 |         e.nameKeys = arrayOfNulls(size)
    |           ^^^^^^^^ 
    | 

error[0m: 'codeVals' is not a member of class 'EscapeMode'
   ==> src\nodes_entities.cj:233:11:
    | 
233 |         e.codeVals = IntArray(size)
    |           ^^^^^^^^ 
    | 

error[0m: 'codeKeys' is not a member of class 'EscapeMode'
   ==> src\nodes_entities.cj:234:11:
    | 
234 |         e.codeKeys = IntArray(size)
    |           ^^^^^^^^ 
    | 

error[0m: 'nameVals' is not a member of class 'EscapeMode'
   ==> src\nodes_entities.cj:235:11:
    | 
235 |         e.nameVals = arrayOfNulls(size)
    |           ^^^^^^^^ 
    | 

error[0m: 'use' is not a member of class 'CharacterReader'
   ==> src\nodes_entities.cj:237:37:
    | 
237 |         CharacterReader(pointsData).use({ reader =>
    |                                     ^^^ 
    | 

error[0m: undeclared identifier 'nameKeys'
   ==> src\nodes_entities.cj:267:28:
    | 
267 |         let index: Int64 = nameKeys.binarySearch(name)
    |                            ^ 
    | 

error[0m: undeclared identifier 'codeVals'
   ==> src\nodes_entities.cj:269:13:
    | 
269 |             codeVals[index]
    |             ^ 
    | 

error[0m: undeclared identifier 'codeKeys'
   ==> src\nodes_entities.cj:275:28:
    | 
275 |         let index: Int64 = codeKeys.binarySearch(codepoint)
    |                            ^ 
    | 

error[0m: undeclared identifier 'nameVals'
   ==> src\nodes_entities.cj:277:27:
    | 
277 |             if ((index < (nameVals.size - 1)) && (codeKeys[index + 1] == codepoint)) {
    |                           ^ 
    | 

error[0m: undeclared identifier 'codeKeys'
   ==> src\nodes_entities.cj:277:51:
    | 
277 |             if ((index < (nameVals.size - 1)) && (codeKeys[index + 1] == codepoint)) {
    |                                                   ^ 
    | 

error[0m: undeclared identifier 'nameVals'
   ==> src\nodes_entities.cj:278:17:
    | 
278 |                 nameVals[index + 1]
    |                 ^ 
    | 

error[0m: undeclared identifier 'nameVals'
   ==> src\nodes_entities.cj:280:17:
    | 
280 |                 nameVals[index]
    |                 ^ 
    | 

error[0m: 'basePoints' is non-static member, cannot access by type name
   ==> src\nodes_entities.cj:298:44:
    | 
298 |     public static let base = EscapeMode(1, EntitiesData.basePoints, 106)
    |                                            ^ 
    | 

error[0m: 'fullPoints' is non-static member, cannot access by type name
   ==> src\nodes_entities.cj:299:48:
    | 
299 |     public static let extended = EscapeMode(2, EntitiesData.fullPoints, 2125)
    |                                                ^ 
    | 

error[0m: no matching function declaration for function call 'super'
 ==> src\nodes_form_element.cj:7:9:
  | 
7 |         super(tag, baseUri, attributes)
  |         ^ 
  | 

error[0m: 'FormSubmitTags' is non-static member, cannot access by type name
  ==> src\nodes_form_element.cj:10:77:
   | 
10 |     let submittable = Selector.evaluatorOf(String.join(collectArray<String>(SharedConstants.FormSubmitTags.iterator().map({e => e.toString()})), delimiter: ", "))
   |                                                                             ^ 
   | 

error[0m: the type Class-Elements of expression in for-in expression does not implement Iterator
  ==> src\nodes_form_element.cj:13:26:
   | 
13 |         for (linkedEl in linkedEls) {
   |                          ^ 
   | 

error[0m: 'add' is not a member of class 'Elements'
  ==> src\nodes_form_element.cj:21:19:
   | 
21 |         linkedEls.add(element)
   |                   ^^^ 
   | 

error[0m: invalid binary operator '==' on type 'Enum-Option<Class-Element>' and 'This'
   ==> src\nodes_node.cj:268:41:
    | 
268 |         Validate.isTrue(out._parentNode == this)
    |                                         ^^ 
    | 
    # note: you may want to implement 'operator func ==(right: This)' for type 'Enum-Option<Class-Element>'

error[0m: mismatched types
   ==> src\nodes_node.cj:269:28:
    | 
269 |         let el: Element = (this as Element)
    |                            ^^^^^^^^^^^^^^^ expected 'Class-Element', found 'Enum-Option<Class-Element>'
    | 

error[0m: mismatched types
   ==> src\nodes_node.cj:273:39:
    | 
273 |             ensureChildNodes().remove(out)
    |                                       ^^^ expected 'Struct-Range<Int64>', found 'Class-Node'
    | 

error[0m: mismatched types
  ==> src\nodes_form_element.cj:26:26:
   | 
26 |         linkedEls.remove(out)
   |                          ^^^ expected 'Generics-T', found 'Class-Node'
   | 

error[0m: mismatched types
  ==> src\nodes_form_element.cj:29:17:
   | 
29 |         return (super.clone() as FormElement)
   |                 ^^^^^^^^^^^^^^^^^^^^^^^^^^^^ expected 'Class-FormElement', found 'Enum-Option<Class-FormElement>'
   | 

error[0m: mismatched types
 ==> src\nodes_leaf_node.cj:8:17:
  | 
8 |         value = ""
  |                 ^^ expected 'Enum-Option<Class-Object>', found 'Struct-String'
  | 

error[0m: type incompatible in this assignment
 ==> src\nodes_leaf_node.cj:8:9:
  | 
8 |         value = ""
  |         ^ 
  | 

error[0m: mismatched types
  ==> src\nodes_leaf_node.cj:11:17:
   | 
11 |         value = coreValue
   |                 ^^^^^^^^^ expected 'Enum-Option<Class-Object>', found 'Struct-String'
   | 

error[0m: generic type should be used with type argument
  ==> src\nodes_leaf_node.cj:22:78:
   | 
22 |             let coreValue = (if (value is String) { value as String } else { None })
   |                                                                              ^ 
   | 

error[0m: mismatched types
  ==> src\nodes_leaf_node.cj:18:17:
   | 
18 |         return (value as Attributes)
   |                 ^^^^^^^^^^^^^^^^^^^ expected 'Class-Attributes', found 'Enum-Option<Class-Attributes>'
   | 

error[0m: mismatched types
  ==> src\nodes_leaf_node.cj:43:18:
   | 
43 |                 (value as String)
   |                  ^^^^^^^^^^^^^^^ expected 'Struct-String', found 'Enum-Option<Struct-String>'
   | 

error[0m: mismatched types
  ==> src\nodes_leaf_node.cj:53:26:
   | 
53 |             this.value = attributeValue
   |                          ^^^^^^^^^^^^^^ expected 'Enum-Option<Class-Object>', found 'Enum-Option<Struct-String>'
   | 

error[0m: mismatched types
  ==> src\nodes_leaf_node.cj:88:16:
   | 
88 |         return EmptyNodes
   |                ^^^^^^^^^^ expected 'Class-ArrayList<Class-Node>', found '() -> Class-ArrayList<Class-Node>'
   | 

error[0m: 'value' is not a member of enum 'Option<Class-LeafNode>'
  ==> src\nodes_leaf_node.cj:94:19:
   | 
94 |             clone.value = (value as ?Attributes).clone()
   |                   ^^^^^ 
   | 

error[0m: mismatched types
  ==> src\nodes_leaf_node.cj:96:16:
   | 
96 |         return clone
   |                ^^^^^ expected 'Class-LeafNode', found 'Enum-Option<Class-LeafNode>'
   | 

error[0m: generic type should be used with type argument
  ==> src\nodes_node.cj:16:24:
   | 
16 | abstract class Node <: KCloneable & ToString {
   |                        ^ 
   | 

error[0m: no matching function for operator '()' function call
  ==> src\nodes_node.cj:27:16:
   | 
27 |         return normalName() == normalName
   |                ^ 
   | 

error[0m: 'elementIs' is not a member of enum 'Option<Class-Element>'
  ==> src\nodes_node.cj:33:97:
   | 
33 |         return ((_parentNode.isSome()) && (_parentNode is Element)) && (_parentNode as Element).elementIs(normalName, namespace)
   |                                                                                                 ^^^^^^^^^ 
   | 

error[0m: ambiguous match for function call '__k2cjRuneSlice'
  ==> src\nodes_node.cj:47:20:
   | 
47 |             absUrl(__k2cjRuneSlice(attributeKey, "abs:".toRuneArray().size, attributeKey.toRuneArray().size))
   |                    ^ 
   | 
note[0m: found candidate
 ==> src\internal_urlutil.cj:5:6:
  | 
5 | func __k2cjRuneSlice(input: String, start: Int64, end: Int64): String {
  |      ^ 
  | 
note[0m: found candidate
 ==> src\nodes_attribute.cj:5:6:
  | 
5 | func __k2cjRuneSlice(input: String, start: Int64, end: Int64): String {
  |      ^ 
  | 
note[0m: found candidate
 ==> src\nodes_node.cj:5:6:
  | 
5 | func __k2cjRuneSlice(input: String, start: Int64, end: Int64): String {
  |      ^ 
  | 
note[0m: found candidate
 ==> src\nodes_text_node.cj:3:6:
  | 
3 | func __k2cjRuneSlice(input: String, start: Int64, end: Int64): String {
  |      ^ 
  | 
note[0m: found candidate
 ==> src\parser_tag.cj:3:6:
  | 
3 | func __k2cjRuneSlice(input: String, start: Int64, end: Int64): String {
  |      ^ 
  | 
note[0m: found candidate
 ==> src\parser_xml_tree_builder.cj:5:6:
  | 
5 | func __k2cjRuneSlice(input: String, start: Int64, end: Int64): String {
  |      ^ 
  | 
note[0m: found candidate
 ==> src\select_evaluator.cj:5:6:
  | 
5 | func __k2cjRuneSlice(input: String, start: Int64, end: Int64): String {
  |      ^ 
  | 
note[0m: found candidate
 ==> src\select_query_parser.cj:5:6:
  | 
5 | func __k2cjRuneSlice(input: String, start: Int64, end: Int64): String {
  |      ^ 
  | 

error[0m: missing argument for parameter list '(Class-Parser)' in call
  ==> src\nodes_node.cj:64:23:
   | 
64 |             doc.parser()?.settings()
   |                       ^^ expected 1 argument, found 0
   | 
note[0m: found candidate
   ==> src\nodes_document.cj:189:10:
    | 
189 |     func parser(parser: Parser): Document {
    |          ^^^^^^ 
    | 

error[0m: ambiguous match for function call '__k2cjRuneSlice'
  ==> src\nodes_node.cj:77:23:
   | 
77 |             let key = __k2cjRuneSlice(attributeKey, "abs:".toRuneArray().size, attributeKey.toRuneArray().size)
   |                       ^ 
   | 
note[0m: found candidate
 ==> src\internal_urlutil.cj:5:6:
  | 
5 | func __k2cjRuneSlice(input: String, start: Int64, end: Int64): String {
  |      ^ 
  | 
note[0m: found candidate
 ==> src\nodes_attribute.cj:5:6:
  | 
5 | func __k2cjRuneSlice(input: String, start: Int64, end: Int64): String {
  |      ^ 
  | 
note[0m: found candidate
 ==> src\nodes_node.cj:5:6:
  | 
5 | func __k2cjRuneSlice(input: String, start: Int64, end: Int64): String {
  |      ^ 
  | 
note[0m: found candidate
 ==> src\nodes_text_node.cj:3:6:
  | 
3 | func __k2cjRuneSlice(input: String, start: Int64, end: Int64): String {
  |      ^ 
  | 
note[0m: found candidate
 ==> src\parser_tag.cj:3:6:
  | 
3 | func __k2cjRuneSlice(input: String, start: Int64, end: Int64): String {
  |      ^ 
  | 
note[0m: found candidate
 ==> src\parser_xml_tree_builder.cj:5:6:
  | 
5 | func __k2cjRuneSlice(input: String, start: Int64, end: Int64): String {
  |      ^ 
  | 
note[0m: found candidate
 ==> src\select_evaluator.cj:5:6:
  | 
5 | func __k2cjRuneSlice(input: String, start: Int64, end: Int64): String {
  |      ^ 
  | 
note[0m: found candidate
 ==> src\select_query_parser.cj:5:6:
  | 
5 | func __k2cjRuneSlice(input: String, start: Int64, end: Int64): String {
  |      ^ 
  | 

error[0m: no matching function declaration for function call 'notEmpty'
   ==> src\nodes_node.cj:106:18:
    | 
106 |         Validate.notEmpty(attributeKey)
    |                  ^ 
    | 

error[0m: mismatched types
   ==> src\nodes_node.cj:122:56:
    | 
122 |         let rewrap: ArrayList<Node> = ArrayList<Node>([children.size])
    |                                                        ^^^^^^^^^^^^^ expected 'Class-Node', found 'Int64'
    | 

error[0m: mismatched types
   ==> src\nodes_node.cj:128:58:
    | 
128 |         let children: ArrayList<Node> = ArrayList<Node>([nodes.size])
    |                                                          ^^^^^^^^^^ expected 'Class-Node', found 'Int64'
    | 

error[0m: 'toTypedArray' is not a member of class 'ArrayList<Class-Node>'
   ==> src\nodes_node.cj:136:35:
    | 
136 |         return ensureChildNodes().toTypedArray()
    |                                   ^^^^^^^^^^^^ 
    | 

error[0m: mismatched types
   ==> src\nodes_node.cj:140:16:
    | 
140 |         return _parentNode
    |                ^^^^^^^^^^^ expected 'Enum-Option<Class-Node>', found 'Enum-Option<Class-Element>'
    | 

error[0m: mismatched types
   ==> src\nodes_node.cj:146:16:
    | 
146 |         return _parentNode
    |                ^^^^^^^^^^^ expected 'Enum-Option<Class-Node>', found 'Enum-Option<Class-Element>'
    | 

error[0m: mismatched types
   ==> src\nodes_node.cj:159:24:
    | 
159 |                 return node
    |                        ^^^^ expected 'Enum-Option<Class-Document>', found 'Enum-Option<Class-Node>'
    | 

error[0m: mismatched types
   ==> src\nodes_node.cj:161:20:
    | 
161 |             node = node.getOrThrow()._parentNode
    |                    ^^^^^^^^^^^^^^^^^^^^^^^^^^^^^ expected 'Enum-Option<Class-Node>', found 'Enum-Option<Class-Element>'
    | 

error[0m: 'getOrThrow' is not a member of class 'Element'
   ==> src\nodes_node.cj:168:25:
    | 
168 |             _parentNode.getOrThrow().removeChild(this)
    |                         ^^^^^^^^^^ 
    | 

error[0m: mismatched types
   ==> src\nodes_node.cj:195:14:
    | 
195 |             (_parentNode as ?Element)
    |              ^^^^^^^^^^^^^^^^^^^^^^^ expected 'Enum-Option<Class-Element>', found 'Enum-Option<Enum-Option<Class-Element>>'
    | 

error[0m: mismatched types
   ==> src\nodes_node.cj:200:35:
    | 
200 |         _parentNode?.addChildren([index, nodes.toTypedArray()])
    |                                   ^^^^^ expected 'Class-Node', found 'Int64'
    | 

error[0m: invalid binary operator '==' on type 'Enum-Option<Class-Node>' and 'Enum-Option<Class-Node>'
   ==> src\nodes_node.cj:176:31:
    | 
176 |         if (node.parentNode() == parentNode()) {
    |                               ^^ 
    | 
    # note: you may want to implement 'operator func ==(right: Enum-Option<Class-Node>)' for type 'Enum-Option<Class-Node>'

error[0m: mismatched types
   ==> src\nodes_node.cj:179:36:
    | 
179 |         parentNode()?.addChildren([siblingIndex(), node])
    |                                    ^^^^^^^^^^^^^^ expected 'Class-Node', found 'Int64'
    | 

error[0m: invalid binary operator '==' on type 'Enum-Option<Class-Node>' and 'Enum-Option<Class-Node>'
   ==> src\nodes_node.cj:187:31:
    | 
187 |         if (node.parentNode() == parentNode()) {
    |                               ^^ 
    | 
    # note: you may want to implement 'operator func ==(right: Enum-Option<Class-Node>)' for type 'Enum-Option<Class-Node>'

error[0m: mismatched types
   ==> src\nodes_node.cj:190:48:
    | 
190 |         parentNode().getOrThrow().addChildren([siblingIndex() + 1, node])
    |                                                ^^^^^^^^^^^^^^^^^^ expected 'Class-Node', found 'Int64'
    | 

error[0m: no matching function declaration for function call 'notEmpty'
   ==> src\nodes_node.cj:203:18:
    | 
203 |         Validate.notEmpty(html)
    |                  ^ 
    | 

error[0m: mismatched types
   ==> src\nodes_node.cj:205:14:
    | 
205 |             (_parentNode as Element)
    |              ^^^^^^^^^^^^^^^^^^^^^^ expected 'Class-Element', found 'Enum-Option<Class-Element>'
    | 

error[0m: mismatched types
   ==> src\nodes_node.cj:207:37:
    | 
207 |             (if (this is Element) { this as Element } else { None })
    |                                     ^^^^^^^^^^^^^^^ expected 'Class-Element', found 'Enum-Option<Class-Element>'
    | 

error[0m: generic type should be used with type argument
   ==> src\nodes_node.cj:207:62:
    | 
207 |             (if (this is Element) { this as Element } else { None })
    |                                                              ^ 
    | 

error[0m: generic type should be used with type argument
   ==> src\nodes_node.cj:210:95:
    | 
210 |         let wrapNode = (if (wrapChildren[0] is Element) { wrapChildren[0] as Element } else { None }) ?? return
    |                                                                                               ^ 
    | 

error[0m: 'getOrThrow' is not a member of class 'Element'
   ==> src\nodes_node.cj:216:25:
    | 
216 |             _parentNode.getOrThrow().replaceChild(this, wrap)
    |                         ^^^^^^^^^^ 
    | 

error[0m: invalid binary operator '==' on type 'Class-Element' and 'Class-Node'
   ==> src\nodes_node.cj:222:26:
    | 
222 |                 if (wrap == remainder) {
    |                          ^^ 
    | 
    # note: you may want to implement 'operator func ==(right: Class-Node)' for type 'Class-Element'

error[0m: 'removeChild' is not a member of enum 'Option<Class-Element>'
   ==> src\nodes_node.cj:226:43:
    | 
226 |                     remainder._parentNode.removeChild(remainder)
    |                                           ^^^^^^^^^^^ 
    | 

error[0m: mismatched types
   ==> src\nodes_node.cj:235:47:
    | 
235 |         _parentNode.getOrThrow().addChildren([siblingIndex(), childNodesAsArray()])
    |                                               ^^^^^^^^^^^^^^ expected 'Class-Node', found 'Int64'
    | 

error[0m: invalid binary operator '==' on type 'Enum-Option<Class-Element>' and 'This'
   ==> src\nodes_node.cj:252:41:
    | 
252 |         Validate.isTrue(out._parentNode == this)
    |                                         ^^ 
    | 
    # note: you may want to implement 'operator func ==(right: This)' for type 'Enum-Option<Class-Element>'

error[0m: invalid binary operator '==' on type 'Class-Node' and 'Class-Node'
   ==> src\nodes_node.cj:253:17:
    | 
253 |         if (out == inNode) {
    |                 ^^ 
    | 
    # note: you may want to implement 'operator func ==(right: Class-Node)' for type 'Class-Node'

error[0m: undeclared identifier 'incrementMod'
   ==> src\nodes_node.cj:265:25:
    | 
265 |         this.childNodes.incrementMod()
    |                         ^^^^^^^^^^^^ 
    | 

error[0m: undeclared identifier 'emptyList'
   ==> src\nodes_node.cj:324:20:
    | 
324 |             return emptyList()
    |                    ^ 
    | 

error[0m: mismatched types
   ==> src\nodes_node.cj:327:58:
    | 
327 |         let siblings: ArrayList<Node> = ArrayList<Node>([nodes.size - 1])
    |                                                          ^^^^^^^^^^^^^^ expected 'Class-Node', found 'Int64'
    | 

error[0m: invalid binary operator '!=' on type 'Class-Node' and 'This'
   ==> src\nodes_node.cj:329:22:
    | 
329 |             if (node != this) {
    |                      ^^ 
    | 
    # note: you may want to implement 'operator func !=(right: This)' for type 'Class-Node'

error[0m: 'getOrThrow' is not a member of class 'Element'
   ==> src\nodes_node.cj:382:25:
    | 
382 |             _parentNode.getOrThrow().firstChild()
    |                         ^^^^^^^^^^ 
    | 

error[0m: 'getOrThrow' is not a member of class 'Element'
   ==> src\nodes_node.cj:390:25:
    | 
390 |             _parentNode.getOrThrow().lastChild()
    |                         ^^^^^^^^^^ 
    | 

error[0m: missing argument for parameter list '(Enum-Option<Class-Node>)' in call
   ==> src\nodes_node.cj:402:10:
    | 
402 |         }().isSome()) {
    |          ^^ expected 1 argument, found 0
    | 

error[0m: mismatched types
   ==> src\nodes_node.cj:404:24:
    | 
404 |                 return next
    |                        ^^^^ expected 'Enum-Option<Class-Element>', found 'Enum-Option<Class-Node>'
    | 

error[0m: missing argument for parameter list '(Enum-Option<Class-Node>)' in call
   ==> src\nodes_node.cj:416:10:
    | 
416 |         }().isSome()) {
    |          ^^ expected 1 argument, found 0
    | 

error[0m: mismatched types
   ==> src\nodes_node.cj:418:24:
    | 
418 |                 return prev
    |                        ^^^^ expected 'Enum-Option<Class-Element>', found 'Enum-Option<Class-Node>'
    | 

error[0m: no matching function declaration for function call 'nodeStream'
   ==> src\nodes_node.cj:428:20:
    | 
428 |         for (it in nodeStream()) {
    |                    ^ 
    | 

error[0m: undeclared identifier 'borrowBuilder'
   ==> src\nodes_node.cj:444:18:
    | 
444 |         let sb = borrowBuilder()
    |                  ^ 
    | 

error[0m: undeclared identifier 'releaseBuilder'
   ==> src\nodes_node.cj:446:16:
    | 
446 |         return releaseBuilder(sb)
    |                ^ 
    | 

error[0m: mismatched types
   ==> src\nodes_node.cj:458:19:
    | 
458 |         outerHtml(appendable)
    |                   ^^^^^^^^^^ expected 'Class-QuietAppendable', found 'Generics-T'
    | 

error[0m: invalid binary operator '==' on type 'This' and 'Enum-Option<Class-Object>'
   ==> src\nodes_node.cj:468:21:
    | 
468 |         return this == other
    |                     ^^ 
    | 
    # note: you may want to implement 'operator func ==(right: Enum-Option<Class-Object>)' for type 'This'

error[0m: 'hashCode' is not a member of class 'Object'
   ==> src\nodes_node.cj:471:22:
    | 
471 |         return super.hashCode()
    |                      ^^^^^^^^ 
    | 

error[0m: invalid binary operator '==' on type 'This' and 'Enum-Option<Class-Object>'
   ==> src\nodes_node.cj:474:18:
    | 
474 |         if (this == o) {
    |                  ^^ 
    | 
    # note: you may want to implement 'operator func ==(right: Enum-Option<Class-Object>)' for type 'This'

error[0m: invalid binary operator '!=' on type 'This' and 'Enum-Option<Class-Object>'
   ==> src\nodes_node.cj:477:42:
    | 
477 |         return if ((o.isNone()) || (this != o)) {
    |                                          ^^ 
    | 
    # note: you may want to implement 'operator func !=(right: Enum-Option<Class-Object>)' for type 'This'

error[0m: 'outerHtml' is not a member of enum 'Option<Class-Node>'
   ==> src\nodes_node.cj:480:45:
    | 
480 |             this.outerHtml() == (o as Node).outerHtml()
    |                                             ^^^^^^^^^ 
    | 

error[0m: unable to infer generic argument of this function
   ==> src\nodes_node.cj:486:48:
    | 
486 |         let nodesToProcess: LinkedList<Node> = ArrayList()
    |                                                ^^^^^^^^^ 
    | 
note[0m: for function type '() -> Class-ArrayList<Generics-T>'
   ==> (package std.collection)array_list.cj:102:12:
note[0m: mismatched types
   ==> src\nodes_node.cj:486:48:
    | 
486 |         let nodesToProcess: LinkedList<Node> = ArrayList()
    |                                                ^^^^^^^^^^^ of return type 'Class-ArrayList<Generics-T>', impossible to match expected type 'Class-LinkedList<Class-Node>'
    | 

error[0m: 'add' is not a member of class 'LinkedList<Class-Node>'
   ==> src\nodes_node.cj:487:24:
    | 
487 |         nodesToProcess.add(thisClone)
    |                        ^^^ 
    | 

error[0m: unknown named argument prefix 'at:'
   ==> src\nodes_node.cj:489:58:
    | 
489 |             let currParent: Node = nodesToProcess.remove(at: 0)
    |                                                          ^ 
    | 

error[0m: 'add' is not a member of class 'LinkedList<Class-Node>'
   ==> src\nodes_node.cj:495:32:
    | 
495 |                 nodesToProcess.add(childClone)
    |                                ^^^ 
    | 

error[0m: mismatched types
   ==> src\nodes_node.cj:531:24:
    | 
531 |             resultEl = child
    |                        ^^^^^ expected 'Class-Element', found 'Enum-Option<Class-Element>'
    | 

error[0m: 'firstElementChild' is not a member of enum 'Option<Class-Element>'
   ==> src\nodes_node.cj:532:27:
    | 
532 |             child = child.firstElementChild()
    |                           ^^^^^^^^^^^^^^^^^ 
    | 

error[0m: mismatched types
  ==> src\nodes_node_iterator.cj:21:25:
   | 
21 |         currentParent = current?.parent()
   |                         ^^^^^^^^^^^^^^^^^ expected 'Enum-Option<Class-Node>', found 'Enum-Option<Enum-Option<Class-Node>>'
   | 

error[0m: undeclared identifier 'NoSuchElementException'
  ==> src\nodes_node_iterator.cj:30:19:
   | 
30 |             throw NoSuchElementException()
   |                   ^ 
   | 

error[0m: mismatched types
  ==> src\nodes_node_iterator.cj:34:19:
   | 
34 |         current = _next
   |                   ^^^^^ expected 'Enum-Option<Class-Node>', found 'Enum-Option<Generics-T>'
   | 

error[0m: mismatched types
  ==> src\nodes_node_iterator.cj:35:25:
   | 
35 |         currentParent = current?.parent()
   |                         ^^^^^^^^^^^^^^^^^ expected 'Enum-Option<Class-Node>', found 'Enum-Option<Enum-Option<Class-Node>>'
   | 

error[0m: invalid binary operator '==' on type 'Enum-Option<Class-Node>' and 'Enum-Option<Class-Node>'
  ==> src\nodes_node_iterator.cj:54:29:
   | 
54 |             } else if (root == node) {
   |                             ^^ 
   | 
   # note: you may want to implement 'operator func ==(right: Enum-Option<Class-Node>)' for type 'Enum-Option<Class-Node>'

error[0m: mismatched types
  ==> src\nodes_node_iterator.cj:60:28:
   | 
60 |                     node = node?.parent()
   |                            ^^^^^^^^^^^^^^ expected 'Enum-Option<Class-Node>', found 'Enum-Option<Enum-Option<Class-Node>>'
   | 

error[0m: invalid binary operator '==' on type 'Enum-Option<Class-Node>' and 'Enum-Option<Class-Node>'
  ==> src\nodes_node_iterator.cj:61:50:
   | 
61 |                     if ((node.isNone()) || (root == node)) {
   |                                                  ^^ 
   | 
   # note: you may want to implement 'operator func ==(right: Enum-Option<Class-Node>)' for type 'Enum-Option<Class-Node>'

error[0m: no matching constructor for call 'NodeIterator'
  ==> src\nodes_node_iterator.cj:84:16:
   | 
84 |         return NodeIterator<Node>(start, Node)
   |                ^ 
   | 

error[0m: missing argument for parameter list '(Class-Parser)' in call
  ==> src\nodes_node_utils.cj:12:27:
   | 
12 |         return doc?.parser() ?? Parser(HtmlTreeBuilder())
   |                           ^^ expected 1 argument, found 0
   | 
note[0m: found candidate
   ==> src\nodes_document.cj:189:10:
    | 
189 |     func parser(parser: Parser): Document {
    |          ^^^^^^ 
    | 

error[0m: no matching function declaration for function call 'outerHtmlHead'
  ==> src\nodes_printer.cj:13:12:
   | 
13 |         el.outerHtmlHead(accum, settings)
   |            ^ 
   | 

error[0m: no matching function declaration for function call 'outerHtmlTail'
  ==> src\nodes_printer.cj:16:12:
   | 
16 |         el.outerHtmlTail(accum, settings)
   |            ^ 
   | 

error[0m: 'ForText' is non-static member, cannot access by type name
  ==> src\nodes_printer.cj:19:23:
   | 
19 |         let options = Entities.ForText | textOptions
   |                       ^ 
   | 

error[0m: no matching function declaration for function call 'escape'
  ==> src\nodes_printer.cj:20:18:
   | 
20 |         Entities.escape(accum, textNode.coreValue(), settings, options)
   |                  ^ 
   | 

error[0m: missing argument prefix 'maxPaddingWidth:' for named parameter
  ==> src\nodes_printer.cj:26:88:
   | 
26 |         accum.append(r'\n').append(StringUtil.padding(depth * settings.indentAmount(), settings.maxPaddingWidth()))
   |                                                                                        ^^^^^^^^^^^^^^^^^^^^^^^^^^ 
   | 

error[0m: invalid binary operator '==' on type 'Class-Node' and 'Class-TextNode'
  ==> src\nodes_printer.cj:29:18:
   | 
29 |         if (node == TextNode) {
   |                  ^^ 
   | 
   # note: you may want to implement 'operator func ==(right: Class-TextNode)' for type 'Class-Node'

error[0m: no matching constructor for call 'Outline'
  ==> src\nodes_printer.cj:45:13:
   | 
45 |             Outline(root, accum, settings)
   |             ^ 
   | 

error[0m: no matching constructor for call 'Pretty'
  ==> src\nodes_printer.cj:47:13:
   | 
47 |             Pretty(root, accum, settings)
   |             ^ 
   | 

error[0m: no matching constructor for call 'Printer'
  ==> src\nodes_printer.cj:49:13:
   | 
49 |             Printer(root, accum, settings)
   |             ^ 
   | 

error[0m: no matching function declaration for function call 'super'
  ==> src\nodes_printer.cj:56:9:
   | 
56 |         super(root, accum, settings)
   |         ^ 
   | 

error[0m: 'tag' is not a member of enum 'Option<Class-Element>'
  ==> src\nodes_printer.cj:84:28:
   | 
84 |                 if (parent.tag().preserveWhitespace()) {
   |                            ^^^ 
   | 

error[0m: 'parent' is not a member of enum 'Option<Class-Element>'
  ==> src\nodes_printer.cj:87:33:
   | 
87 |                 parent = parent.parent()
   |                                 ^^^^^^ 
   | 

error[0m: 'Normalise' is non-static member, cannot access by type name
   ==> src\nodes_printer.cj:101:33:
    | 
101 |             options = options | Entities.Normalise
    |                                 ^ 
    | 

error[0m: 'TrimLeading' is non-static member, cannot access by type name
   ==> src\nodes_printer.cj:118:31:
    | 
118 |                 opts = opts | Entities.TrimLeading
    |                               ^ 
    | 

error[0m: 'TrimTrailing' is non-static member, cannot access by type name
   ==> src\nodes_printer.cj:122:27:
    | 
122 |             opts = opts | Entities.TrimTrailing
    |                           ^ 
    | 

error[0m: 'isAsciiWhiteSpace' is not a member of class 'StringUtil'
   ==> src\nodes_printer.cj:125:50:
    | 
125 |             if ((next is TextNode) && StringUtil.isAsciiWhiteSpace(next.nodeValue().codePointAt(0).value)) {
    |                                                  ^^^^^^^^^^^^^^^^^ 
    | 

error[0m: 'nodeValue' is not a member of enum 'Option<Class-Node>'
   ==> src\nodes_printer.cj:125:73:
    | 
125 |             if ((next is TextNode) && StringUtil.isAsciiWhiteSpace(next.nodeValue().codePointAt(0).value)) {
    |                                                                         ^^^^^^^^^ 
    | 

error[0m: 'TrimTrailing' is non-static member, cannot access by type name
   ==> src\nodes_printer.cj:126:31:
    | 
126 |                 opts = opts | Entities.TrimTrailing
    |                               ^ 
    | 

error[0m: invalid binary operator '==' on type 'Enum-Option<Class-Node>' and 'Class-Node'
   ==> src\nodes_printer.cj:132:40:
    | 
132 |         if ((((node.isNone()) || (node == root)) || preserveWhitespace) || isBlankText(node)) {
    |                                        ^^ 
    | 
    # note: you may want to implement 'operator func ==(right: Class-Node)' for type 'Enum-Option<Class-Node>'

error[0m: mismatched types
   ==> src\nodes_printer.cj:138:40:
    | 
138 |         let prevSib = previousNonblank(node)
    |                                        ^^^^ expected 'Class-Node', found 'Enum-Option<Class-Node>'
    | 

error[0m: mismatched types
   ==> src\nodes_printer.cj:143:25:
    | 
143 |         if ((!isBlockEl(parent) || parent.tag().`is`(Tag.InlineContainer)) || !hasNonTextNodes(parent)) {
    |                         ^^^^^^ expected 'Enum-Option<Class-Node>', found 'Enum-Option<Class-Element>'
    | 

error[0m: 'tag' is not a member of enum 'Option<Class-Element>'
   ==> src\nodes_printer.cj:143:43:
    | 
143 |         if ((!isBlockEl(parent) || parent.tag().`is`(Tag.InlineContainer)) || !hasNonTextNodes(parent)) {
    |                                           ^^^ 
    | 

error[0m: mismatched types
   ==> src\nodes_printer.cj:143:96:
    | 
143 |         if ((!isBlockEl(parent) || parent.tag().`is`(Tag.InlineContainer)) || !hasNonTextNodes(parent)) {
    |                                                                                                ^^^^^^ expected 'Class-Element', found 'Enum-Option<Class-Element>'
    | 

error[0m: 'isBlock' is not a member of class 'Node'
   ==> src\nodes_printer.cj:157:36:
    | 
157 |             return el.getOrThrow().isBlock() || (!el.getOrThrow().tag.isKnownTag() && ((el.getOrThrow().parentNode() is Document) || hasChildBlocks(el)))
    |                                    ^^^^^^^ 
    | 

error[0m: 'tag' is not a member of class 'Node'
   ==> src\nodes_printer.cj:157:67:
    | 
157 |             return el.getOrThrow().isBlock() || (!el.getOrThrow().tag.isKnownTag() && ((el.getOrThrow().parentNode() is Document) || hasChildBlocks(el)))
    |                                                                   ^^^ 
    | 

error[0m: mismatched types
   ==> src\nodes_printer.cj:157:149:
    | 
157 |             return el.getOrThrow().isBlock() || (!el.getOrThrow().tag.isKnownTag() && ((el.getOrThrow().parentNode() is Document) || hasChildBlocks(el)))
    |                                                                                                                                                     ^^ expected 'Class-Element', found 'Enum-Option<Class-Node>'
    | 

error[0m: 'isBlock' is not a member of enum 'Option<Class-Element>'
   ==> src\nodes_printer.cj:166:23:
    | 
166 |             if (child.isBlock() || !child.tag.isKnownTag()) {
    |                       ^^^^^^^ 
    | 

error[0m: 'tag' is not a member of enum 'Option<Class-Element>'
   ==> src\nodes_printer.cj:166:43:
    | 
166 |             if (child.isBlock() || !child.tag.isKnownTag()) {
    |                                           ^^^ 
    | 

error[0m: 'nextElementSibling' is not a member of enum 'Option<Class-Element>'
   ==> src\nodes_printer.cj:169:27:
    | 
169 |             child = child.nextElementSibling()
    |                           ^^^^^^^^^^^^^^^^^^ 
    | 

error[0m: 'nextSibling' is not a member of enum 'Option<Class-Node>'
   ==> src\nodes_printer.cj:181:27:
    | 
181 |             child = child.nextSibling()
    |                           ^^^^^^^^^^^ 
    | 

error[0m: mismatched types
   ==> src\nodes_printer.cj:189:20:
    | 
189 |             prev = prev?.previousSibling()
    |                    ^^^^^^^^^^^^^^^^^^^^^^^ expected 'Enum-Option<Class-Node>', found 'Enum-Option<Enum-Option<Class-Node>>'
    | 

error[0m: mismatched types
   ==> src\nodes_printer.cj:196:17:
    | 
196 |             n = n?.nextSibling()
    |                 ^^^^^^^^^^^^^^^^ expected 'Enum-Option<Class-Node>', found 'Enum-Option<Enum-Option<Class-Node>>'
    | 

error[0m: 'isBlank' is not a member of class 'Node'
   ==> src\nodes_printer.cj:201:56:
    | 
201 |         return (node is TextNode) && node.getOrThrow().isBlank()
    |                                                        ^^^^^^^ 
    | 

error[0m: 'tag' is not a member of class 'Node'
   ==> src\nodes_printer.cj:204:55:
    | 
204 |         return (node is Element) && node.getOrThrow().tag.`is`(option)
    |                                                       ^^^ 
    | 

error[0m: no matching function declaration for function call 'super'
   ==> src\nodes_printer.cj:210:9:
    | 
210 |         super(root, accum, settings)
    |         ^ 
    | 

error[0m: invalid binary operator '==' on type 'Enum-Option<Class-Node>' and 'Class-Node'
   ==> src\nodes_printer.cj:216:40:
    | 
216 |         if ((((node.isNone()) || (node == root)) || preserveWhitespace) || isBlankText(node)) {
    |                                        ^^ 
    | 
    # note: you may want to implement 'operator func ==(right: Class-Node)' for type 'Enum-Option<Class-Node>'

error[0m: no matching function declaration for function call 'super'
 ==> src\nodes_pseudo_text_element.cj:5:9:
  | 
5 |         super(tag, baseUri, attributes)
  |         ^ 
  | 

error[0m: invalid binary operator '!=' on type 'This' and 'Class-Range'
  ==> src\nodes_range.cj:17:21:
   | 
17 |         return this != Range.Untracked()
   |                     ^^ 
   | 
   # note: you may want to implement 'operator func !=(right: Class-Range)' for type 'This'

error[0m: invalid binary operator '==' on type 'Class-Position' and 'Class-Position'
  ==> src\nodes_range.cj:23:22:
   | 
23 |         return start == end
   |                      ^^ 
   | 
   # note: you may want to implement 'operator func ==(right: Class-Position)' for type 'Class-Position'

error[0m: 'RangeKey' is non-static member, cannot access by type name
  ==> src\nodes_range.cj:36:13:
   | 
36 |             SharedConstants.RangeKey
   |             ^ 
   | 

error[0m: 'EndRangeKey' is non-static member, cannot access by type name
  ==> src\nodes_range.cj:38:13:
   | 
38 |             SharedConstants.EndRangeKey
   |             ^ 
   | 

error[0m: mismatched types
  ==> src\nodes_range.cj:46:14:
   | 
46 |             (range as Range)
   |              ^^^^^^^^^^^^^^ expected 'Class-Range', found 'Enum-Option<Class-Range>'
   | 

error[0m: undeclared identifier 'UntrackedPos'
  ==> src\nodes_range.cj:63:24:
   | 
63 |         return this != UntrackedPos
   |                        ^ 
   | 

error[0m: undeclared identifier 'append'
  ==> src\nodes_range.cj:78:63:
   | 
78 |         let sb = StringUtil.borrowBuilder().append(nameRange).append(r'=').append(valueRange)
   |                                                               ^^^^^^ 
   | 

error[0m: undeclared identifier 'Untracked'
  ==> src\nodes_range.cj:82:31:
   | 
82 |         return AttributeRange(Untracked, Untracked)
   |                               ^ 
   | 

error[0m: undeclared identifier 'Untracked'
  ==> src\nodes_range.cj:82:42:
   | 
82 |         return AttributeRange(Untracked, Untracked)
   |                                          ^ 
   | 

error[0m: unable to infer generic argument of this function
 ==> src\nodes_tag_set.cj:6:55:
  | 
6 |     let tags: HashMap<String, HashMap<String, Tag>> = HashMap()
  |                                                       ^^^^^^^ 
  | 
note[0m: no information known for type variable 'Generics-V'
   ==> (package std.collection)hash_map.cj:335:25:

error[0m: generic type should be used with type argument
 ==> src\nodes_tag_set.cj:8:50:
  | 
8 |     var customizers: ?ArrayList<(Tag) -> Unit> = None
  |                                                  ^ 
  | 

error[0m: generic type should be used with type argument
 ==> src\nodes_tag_set.cj:9:71:
  | 
9 |     init(original: ?TagSet, customizers!: ?ArrayList<(Tag) -> Unit> = None) {
  |                                                                       ^ 
  | 

error[0m: mismatched types
  ==> src\nodes_tag_set.cj:17:14:
   | 
17 |         this(template.source)
   |              ^^^^^^^^^^^^^^^ expected 'Class-TagSet', found 'Enum-Option<Class-TagSet>'
   | 

error[0m: no matching function declaration for function call 'HashMap'
  ==> src\nodes_tag_set.cj:22:48:
   | 
22 |             let nsTags: HashMap<String, Tag> = HashMap([namespaceEntry.value.size])
   |                                                ^ 
   | 
note[0m: found function member of 'Class-HashMap<Generics-K, Generics-V>'
   ==> (package std.collection)hash_map.cj:393:12:
note[0m: found function member of 'Class-HashMap<Generics-K, Generics-V>'
   ==> (package std.collection)hash_map.cj:410:12:
note[0m: found function member of 'Class-HashMap<Generics-K, Generics-V>'
   ==> (package std.collection)hash_map.cj:429:12:

error[0m: enum pattern is not matched
  ==> src\nodes_tag_set.cj:35:17:
   | 
35 |         if (let Some(customizersValue) <- customizers) {
   |                 ^ 
   | 

error[0m: undeclared identifier 'customizersValue'
  ==> src\nodes_tag_set.cj:36:31:
   | 
36 |             let customizers = customizersValue
   |                               ^ 
   | 

error[0m: enum pattern is not matched
  ==> src\nodes_tag_set.cj:48:17:
   | 
48 |         if (let Some(nsTags) <- tags.get(namespace)) {
   |                 ^ 
   | 

error[0m: undeclared identifier 'nsTags'
  ==> src\nodes_tag_set.cj:49:33:
   | 
49 |             if (let Some(it) <- nsTags.get(tagName)) {
   |                                 ^ 
   | 

error[0m: enum pattern is not matched
  ==> src\nodes_tag_set.cj:49:21:
   | 
49 |             if (let Some(it) <- nsTags.get(tagName)) {
   |                     ^ 
   | 

error[0m: undeclared identifier 'it'
  ==> src\nodes_tag_set.cj:50:24:
   | 
50 |                 return it
   |                        ^ 
   | 

error[0m: enum pattern is not matched
  ==> src\nodes_tag_set.cj:53:17:
   | 
53 |         if (let Some(tag) <- source?.get(tagName, namespace)) {
   |                 ^ 
   | 

error[0m: undeclared identifier 'tag'
  ==> src\nodes_tag_set.cj:54:24:
   | 
54 |             let copy = tag.clone()
   |                        ^ 
   | 

error[0m: generic type should be used with type argument
  ==> src\nodes_tag_set.cj:58:16:
   | 
58 |         return None
   |                ^ 
   | 

error[0m: no matching function declaration for function call 'notEmpty'
  ==> src\nodes_tag_set.cj:62:18:
   | 
62 |         Validate.notEmpty(tName)
   |                  ^ 
   | 

error[0m: enum pattern is not matched
  ==> src\nodes_tag_set.cj:64:17:
   | 
64 |         if (let Some(tagValue) <- tag) {
   |                 ^ 
   | 

error[0m: undeclared identifier 'tagValue'
  ==> src\nodes_tag_set.cj:65:23:
   | 
65 |             let tag = tagValue
   |                       ^ 
   | 

error[0m: mismatched types
  ==> src\nodes_tag_set.cj:75:13:
   | 
75 |             normalName
   |             ^^^^^^^^^^ expected 'Struct-String', found 'Enum-Option<Struct-String>'
   | 

error[0m: invalid binary operator '!=' on type 'Struct-String' and 'Enum-Option<Struct-String>'
  ==> src\nodes_tag_set.cj:79:43:
   | 
79 |             if (preserveTagCase && (tName != normalName)) {
   |                                           ^^ 
   | 
   # note: you may want to implement 'operator func !=(right: Enum-Option<Struct-String>)' for type 'Struct-String'

error[0m: mismatched types
  ==> src\nodes_tag_set.cj:90:81:
   | 
90 |     func valueOf(tagName: String, namespace: String, settings!: ParseSettings = ParseSettings.preserveCase): Tag {
   |                                                                                 ^^^^^^^^^^^^^^^^^^^^^^^^^^ expected 'Class-ParseSettings', found '() -> Class-ParseSettings'
   | 

error[0m: no matching function declaration for function call 'valueOf'
  ==> src\nodes_tag_set.cj:91:16:
   | 
91 |         return valueOf(tagName, None, namespace, settings.preserveTagCase())
   |                ^ 
   | 

error[0m: 'tags' is not a member of class 'Object'
   ==> src\nodes_tag_set.cj:104:43:
    | 
104 |         return tags == other.getOrThrow().tags
    |                                           ^^^^ 
    | 

error[0m: extra argument given for parameter list '(Class-TagSet)' in call
   ==> src\nodes_tag_set.cj:125:22:
    | 
125 |         return TagSet(TagSet.HtmlTagSet(), None)
    |                      ^^^^^^^^^^^^^^^^^^^^^^^^^^^ expected 1 argument, found 2
    | 
note[0m: found candidate
  ==> src\nodes_tag_set.cj:16:5:
   | 
16 |     init(template: TagSet) {
   |     ^^^^ 
   | 

error[0m: generic type should be used with type argument
   ==> src\nodes_tag_set.cj:129:20:
    | 
129 |             return None
    |                    ^ 
    | 

error[0m: 'FormSubmitTags' is non-static member, cannot access by type name
   ==> src\nodes_tag_set.cj:141:45:
    | 
141 |         let formSubmitTags: Array<String> = SharedConstants.FormSubmitTags
    |                                             ^ 
    | 

error[0m: recursive constructor calling detected
  ==> src\nodes_tag_set.cj:13:5:
   | 
13 |     init() {
   |     ^^^^ 
   | 
note[0m: depends on
  ==> src\nodes_tag_set.cj:14:9:
   | 
14 |         this()
   |         ^^^^ 
   | 
note[0m: depends on
  ==> src\nodes_tag_set.cj:13:5:
   | 
13 |     init() {
   |     ^^^^ 
   | 

error[0m: ambiguous match for function call '__k2cjRuneSlice'
  ==> src\nodes_text_node.cj:38:20:
   | 
38 |         let head = __k2cjRuneSlice(text, 0, offset)
   |                    ^ 
   | 
note[0m: found candidate
 ==> src\internal_urlutil.cj:5:6:
  | 
5 | func __k2cjRuneSlice(input: String, start: Int64, end: Int64): String {
  |      ^ 
  | 
note[0m: found candidate
 ==> src\nodes_attribute.cj:5:6:
  | 
5 | func __k2cjRuneSlice(input: String, start: Int64, end: Int64): String {
  |      ^ 
  | 
note[0m: found candidate
 ==> src\nodes_node.cj:5:6:
  | 
5 | func __k2cjRuneSlice(input: String, start: Int64, end: Int64): String {
  |      ^ 
  | 
note[0m: found candidate
 ==> src\nodes_text_node.cj:3:6:
  | 
3 | func __k2cjRuneSlice(input: String, start: Int64, end: Int64): String {
  |      ^ 
  | 
note[0m: found candidate
 ==> src\parser_tag.cj:3:6:
  | 
3 | func __k2cjRuneSlice(input: String, start: Int64, end: Int64): String {
  |      ^ 
  | 
note[0m: found candidate
 ==> src\parser_xml_tree_builder.cj:5:6:
  | 
5 | func __k2cjRuneSlice(input: String, start: Int64, end: Int64): String {
  |      ^ 
  | 
note[0m: found candidate
 ==> src\select_evaluator.cj:5:6:
  | 
5 | func __k2cjRuneSlice(input: String, start: Int64, end: Int64): String {
  |      ^ 
  | 
note[0m: found candidate
 ==> src\select_query_parser.cj:5:6:
  | 
5 | func __k2cjRuneSlice(input: String, start: Int64, end: Int64): String {
  |      ^ 
  | 

error[0m: ambiguous match for function call '__k2cjRuneSlice'
  ==> src\nodes_text_node.cj:39:20:
   | 
39 |         let tail = __k2cjRuneSlice(text, offset, text.toRuneArray().size)
   |                    ^ 
   | 
note[0m: found candidate
 ==> src\internal_urlutil.cj:5:6:
  | 
5 | func __k2cjRuneSlice(input: String, start: Int64, end: Int64): String {
  |      ^ 
  | 
note[0m: found candidate
 ==> src\nodes_attribute.cj:5:6:
  | 
5 | func __k2cjRuneSlice(input: String, start: Int64, end: Int64): String {
  |      ^ 
  | 
note[0m: found candidate
 ==> src\nodes_node.cj:5:6:
  | 
5 | func __k2cjRuneSlice(input: String, start: Int64, end: Int64): String {
  |      ^ 
  | 
note[0m: found candidate
 ==> src\nodes_text_node.cj:3:6:
  | 
3 | func __k2cjRuneSlice(input: String, start: Int64, end: Int64): String {
  |      ^ 
  | 
note[0m: found candidate
 ==> src\parser_tag.cj:3:6:
  | 
3 | func __k2cjRuneSlice(input: String, start: Int64, end: Int64): String {
  |      ^ 
  | 
note[0m: found candidate
 ==> src\parser_xml_tree_builder.cj:5:6:
  | 
5 | func __k2cjRuneSlice(input: String, start: Int64, end: Int64): String {
  |      ^ 
  | 
note[0m: found candidate
 ==> src\select_evaluator.cj:5:6:
  | 
5 | func __k2cjRuneSlice(input: String, start: Int64, end: Int64): String {
  |      ^ 
  | 
note[0m: found candidate
 ==> src\select_query_parser.cj:5:6:
  | 
5 | func __k2cjRuneSlice(input: String, start: Int64, end: Int64): String {
  |      ^ 
  | 

error[0m: no matching function for operator '()' function call
  ==> src\nodes_text_node.cj:40:9:
   | 
40 |         text(head)
   |         ^ 
   | 

error[0m: extra argument given for parameter list '(Struct-Array<Class-Node>)' in call
  ==> src\nodes_text_node.cj:44:36:
   | 
44 |             _parentNode.addChildren(siblingIndex() + 1, tailNode)
   |                                    ^^^^^^^^^^^^^^^^^^^^^^^^^^^^^^ expected 1 argument, found 2
   | 
note[0m: found candidate
   ==> src\nodes_node.cj:278:22:
    | 
278 |     public open func addChildren(children: Array<Node>) {
    |                      ^^^^^^^^^^^ 
    | 

error[0m: no matching function declaration for function call 'escape'
  ==> src\nodes_text_node.cj:49:18:
   | 
49 |         Entities.escape(accum, coreValue(), out, Entities.ForText)
   |                  ^ 
   | 

error[0m: mismatched types
  ==> src\nodes_text_node.cj:60:17:
   | 
60 |         return (super.clone() as TextNode)
   |                 ^^^^^^^^^^^^^^^^^^^^^^^^^ expected 'Class-TextNode', found 'Enum-Option<Class-TextNode>'
   | 

error[0m: 'replaceFirst' is not a member of struct 'String'
  ==> src\nodes_text_node.cj:70:21:
   | 
70 |         return text.replaceFirst("^\\s+".toRegex(), "")
   |                     ^^^^^^^^^^^^ 
   | 

error[0m: 'toRuneArray' is not a member of class 'StringBuilder'
  ==> src\nodes_text_node.cj:73:51:
   | 
73 |         return (sb.toString().size > 0) && (sb[sb.toRuneArray().size - 1] == r' ')
   |                                                   ^^^^^^^^^^^ 
   | 

error[0m: no matching function declaration for function call 'getWholeDeclaration'
  ==> src\nodes_xml_declaration.cj:17:9:
   | 
17 |         getWholeDeclaration(QuietAppendable.wrap(sb), Document.OutputSettings())
   |         ^ 
   | 

error[0m: the type Class-Attributes of expression in for-in expression does not implement Iterator
  ==> src\nodes_xml_declaration.cj:21:27:
   | 
21 |         for (attribute in attributes()) {
   |                           ^ 
   | 

error[0m: no matching function declaration for function call 'escape'
  ==> src\nodes_xml_declaration.cj:29:30:
   | 
29 |                     Entities.escape(accum, value, out, Entities.ForAttribute)
   |                              ^ 
   | 

error[0m: no matching function declaration for function call 'getWholeDeclaration'
  ==> src\nodes_xml_declaration.cj:41:9:
   | 
41 |         getWholeDeclaration(accum, out)
   |         ^ 
   | 

error[0m: mismatched types
  ==> src\nodes_xml_declaration.cj:53:32:
   | 
53 |         return XmlDeclaration((this.value as String), this.isDeclaration)
   |                                ^^^^^^^^^^^^^^^^^^^^ expected 'Struct-String', found 'Enum-Option<Struct-String>'
   | 

error[0m: generic type should be used with type argument
 ==> src\parser_character_reader.cj:7:27:
  | 
7 |     var reader: ?Reader = None
  |                           ^ 
  | 

error[0m: 'copyInto' is not a member of struct 'Array<Rune>'
  ==> src\parser_character_reader.cj:55:22:
   | 
55 |             charBuf?.copyInto(charBuf.getOrThrow(), 0, bufPos, bufPos + bufLength)
   |                      ^^^^^^^^ 
   | 

error[0m: undeclared identifier 'StringReader'
  ==> src\parser_character_reader.cj:24:14:
   | 
24 |         this(StringReader(html))
   |              ^ 
   | 

error[0m: undeclared identifier 'IOException'
  ==> src\parser_character_reader.cj:89:40:
   | 
89 |             throw UncheckedIOException(IOException("Mark invalid"))
   |                                        ^ 
   | 

error[0m: 'binarySearch' is not a member of class 'ArrayList<Int64>'
   ==> src\parser_character_reader.cj:146:54:
    | 
146 |         var i: Int64 = newlinePositions.getOrThrow().binarySearch(pos)
    |                                                      ^^^^^^^^^^^^ 
    | 

error[0m: undeclared identifier 'IOException'
   ==> src\parser_character_reader.cj:199:40:
    | 
199 |             throw UncheckedIOException(IOException("WTF: No buffer left to unconsume."))
    |                                        ^ 
    | 

error[0m: mismatched types
   ==> src\parser_character_reader.cj:221:35:
    | 
221 |                 while ((offset += 1 < bufLength) && (startChar != charBuf.getOrThrow()[offset])) {}
    |                                   ^^^^^^^^^^^^^ expected 'Int64', found 'Bool'
    | 

error[0m: 'nullChar' is not a member of enum 'TokeniserState'
   ==> src\parser_character_reader.cj:290:92:
    | 
290 |         return consumeMatching({ c => ((c != r'&') && (c != r'<')) && (c != TokeniserState.nullChar) })
    |                                                                                            ^^^^^^^^ 
    | 

error[0m: 'nullChar' is not a member of enum 'TokeniserState'
   ==> src\parser_character_reader.cj:294:35:
    | 
294 |             ((c != TokeniserState.nullChar) && (c != r'&')) && if (single) {
    |                                   ^^^^^^^^ 
    | 

error[0m: 'nullChar' is not a member of enum 'TokeniserState'
   ==> src\parser_character_reader.cj:302:81:
    | 
302 |         return consumeMatching({ c: Rune => (c != r'<') && (c != TokeniserState.nullChar) })
    |                                                                                 ^^^^^^^^ 
    | 

error[0m: undeclared identifier 'isAsciiLetter'
   ==> src\parser_character_reader.cj:325:17:
    | 
325 |             if (isAsciiLetter(charBuf.getOrThrow()[bufPos])) {
    |                 ^ 
    | 

error[0m: 'isAsciiNumber' is not a member of class 'StringUtil'
   ==> src\parser_character_reader.cj:332:28:
    | 
332 |             if (StringUtil.isAsciiNumber(charBuf.getOrThrow()[bufPos])) {
    |                            ^^^^^^^^^^^^^ 
    | 

error[0m: undeclared identifier 'isHexDigit'
   ==> src\parser_character_reader.cj:341:45:
    | 
341 |         return consumeMatching({ c: Rune => isHexDigit(c) })
    |                                             ^ 
    | 

error[0m: undeclared identifier 'uppercaseChar'
   ==> src\parser_character_reader.cj:374:25:
    | 
374 |             scan = scan.uppercaseChar()
    |                         ^^^^^^^^^^^^^ 
    | 

error[0m: undeclared identifier 'uppercaseChar'
   ==> src\parser_character_reader.cj:375:29:
    | 
375 |             target = target.uppercaseChar()
    |                             ^^^^^^^^^^^^^ 
    | 

error[0m: undeclared identifier 'isAsciiLetter'
   ==> src\parser_character_reader.cj:403:16:
    | 
403 |         return isAsciiLetter(charBuf.getOrThrow()[bufPos])
    |                ^ 
    | 

error[0m: 'isAsciiNumber' is not a member of class 'StringUtil'
   ==> src\parser_character_reader.cj:409:27:
    | 
409 |         return StringUtil.isAsciiNumber(charBuf.getOrThrow()[bufPos])
    |                           ^^^^^^^^^^^^^ 
    | 

error[0m: invalid binary operator '==' on type 'Struct-String' and 'Enum-Option<Struct-String>'
   ==> src\parser_character_reader.cj:431:17:
    | 
431 |         if (seq == lastIcSeq) {
    |                 ^^ 
    | 
    # note: you may want to implement 'operator func ==(right: Enum-Option<Struct-String>)' for type 'Struct-String'

error[0m: 'concatToString' is not a member of struct 'Array<Rune>'
   ==> src\parser_character_reader.cj:460:37:
    | 
460 |         return charBuf.getOrThrow().concatToString(bufPos, bufPos + (bufLength - bufPos))
    |                                     ^^^^^^^^^^^^^^ 
    | 

error[0m: undeclared identifier 'arrayOfNulls'
   ==> src\parser_character_reader.cj:471:30:
    | 
471 |         return SoftPool({ => arrayOfNulls(CharacterReader.StringCacheSize) })
    |                              ^ 
    | 

error[0m: 'buildString' is not a member of struct 'String'
   ==> src\parser_character_reader.cj:485:27:
    | 
485 |             return String.buildString(charBuf.getOrThrow(), start, count)
    |                           ^^^^^^^^^^^ 
    | 

error[0m: 'toRuneArray' is not a member of struct 'Array<Rune>'
   ==> src\parser_character_reader.cj:493:68:
    | 
493 |             hash = (31 * hash) + Int64(UInt32(charBuf.getOrThrow().toRuneArray()[i]))
    |                                                                    ^^^^^^^^^^^ 
    | 

error[0m: mismatched types
   ==> src\parser_character_reader.cj:497:69:
    | 
497 |         if ((cached.isSome()) && rangeEquals(charBuf, start, count, cached)) {
    |                                                                     ^^^^^^ expected 'Struct-String', found 'Enum-Option<Struct-String>'
    | 

error[0m: mismatched types
   ==> src\parser_character_reader.cj:498:20:
    | 
498 |             return cached
    |                    ^^^^^^ expected 'Struct-String', found 'Enum-Option<Struct-String>'
    | 

error[0m: 'buildString' is not a member of struct 'String'
   ==> src\parser_character_reader.cj:500:29:
    | 
500 |             cached = String.buildString(charBuf.getOrThrow(), start, count)
    |                             ^^^^^^^^^^^ 
    | 

error[0m: cannot assign to this subscript expression
   ==> src\parser_character_reader.cj:501:13:
    | 
501 |             stringCache[index] = cached
    |             ^^^^^^^^^^^^^^^^^^ 
    | 
    # note: you may want to implement 'operator func[](index0: Int64, value!: Enum-Option<Struct-String>)' for type 'Enum-Option<Struct-Array<Enum-Option<Struct-String>>>'

error[0m: mismatched types
   ==> src\parser_character_reader.cj:503:16:
    | 
503 |         return cached
    |                ^^^^^^ expected 'Struct-String', found 'Enum-Option<Struct-String>'
    | 

error[0m: mismatched types
   ==> src\parser_character_reader.cj:510:33:
    | 
510 |             while (loopCount -= 1 != 0) {
    |                                 ^^^^^^ expected 'Int64', found 'Bool'
    | 

error[0m: mismatched types
   ==> src\parser_character_reader.cj:510:20:
    | 
510 |             while (loopCount -= 1 != 0) {
    |                    ^^^^^^^^^^^^^^^^^^^ expected 'Bool', found 'Unit'
    | 

error[0m: mismatched types
   ==> src\parser_character_reader.cj:511:42:
    | 
511 |                 if (charBuf.getOrThrow()[i += 1] != cached.toRuneArray()[j += 1]) {
    |                                          ^^^^^^ expected 'Int64', found 'Unit'
    | 
    # note: the type of an assignment expression is always 'Unit'

error[0m: mismatched types
   ==> src\parser_character_reader.cj:511:74:
    | 
511 |                 if (charBuf.getOrThrow()[i += 1] != cached.toRuneArray()[j += 1]) {
    |                                                                          ^^^^^^ expected 'Int64', found 'Unit'
    | 
    # note: the type of an assignment expression is always 'Unit'

error[0m: mismatched types
   ==> src\parser_character_reader.cj:523:16:
    | 
523 |         return this.indexOf(c)
    |                ^^^^^^^^^^^^^^^ expected 'Int64', found 'Enum-Option<Int64>'
    | 

error[0m: generic type should be used with type argument
  ==> src\parser_html_tree_builder.cj:14:63:
   | 
14 |     var pendingTableCharacters: ?ArrayList<Token.Character> = None
   |                                                               ^ 
   | 

error[0m: generic type should be used with type argument
  ==> src\parser_html_tree_builder.cj:15:35:
   | 
15 |     var emptyEnd: ?Token.EndTag = None
   |                                   ^ 
   | 

error[0m: mismatched types
  ==> src\parser_html_tree_builder.cj:20:16:
   | 
20 |         return ParseSettings.htmlDefault
   |                ^^^^^^^^^^^^^^^^^^^^^^^^^ expected 'Class-ParseSettings', found '() -> Class-ParseSettings'
   | 

error[0m: 'clear' is not a member of class 'ParseErrorList'
  ==> src\parser_tree_builder.cj:33:32:
   | 
33 |             parser.getErrors().clear()
   |                                ^^^^^ 
   | 

error[0m: unable to infer generic argument of this function
  ==> src\parser_tree_builder.cj:36:18:
   | 
36 |         _stack = ArrayList([32])
   |                  ^^^^^^^^^ 
   | 
note[0m: for function type '(Int64) -> Class-ArrayList<Generics-T>'
   ==> (package std.collection)array_list.cj:115:12:
note[0m: mismatched types
  ==> src\parser_tree_builder.cj:36:28:
   | 
36 |         _stack = ArrayList([32])
   |                            ^^^^ of type 'Struct-Array<Int64>', impossible to match parameter type 'Int64'
   | 

error[0m: no matching constructor for call 'ArrayList'
  ==> src\parser_tree_builder.cj:36:18:
   | 
36 |         _stack = ArrayList([32])
   |                  ^ 
   | 
note[0m: found function member of 'Class-ArrayList<Generics-T>'
   ==> (package std.collection)array_list.cj:115:12:
note[0m: found function member of 'Class-ArrayList<Generics-T>'
   ==> (package std.collection)array_list.cj:158:12:

error[0m: 'endSourceRange' is not a member of class 'Node'
   ==> src\parser_tree_builder.cj:203:26:
    | 
203 |                 if (node.endSourceRange().isTracked()) {
    |                          ^^^^^^^^^^^^^^ 
    | 

error[0m: 'normalName' is not a member of class 'StartTag'
   ==> src\parser_tree_builder.cj:209:85:
    | 
209 |                 if (!token.isStartTag() || (node.normalName() != token.asStartTag().normalName)) {
    |                                                                                     ^^^^^^^^^^ 
    | 

error[0m: 'tag' is not a member of class 'Node'
   ==> src\parser_tree_builder.cj:213:27:
    | 
213 |                 if (!node.tag().isEmpty() && !node.tag().isSelfClosing()) {
    |                           ^^^ 
    | 

error[0m: 'tag' is not a member of class 'Node'
   ==> src\parser_tree_builder.cj:213:52:
    | 
213 |                 if (!node.tag().isEmpty() && !node.tag().isSelfClosing()) {
    |                                                    ^^^ 
    | 

error[0m: 'normalName' is not a member of class 'EndTag'
   ==> src\parser_tree_builder.cj:214:85:
    | 
214 |                     if (!token.isEndTag() || (node.normalName() != token.asEndTag().normalName)) {
    |                                                                                     ^^^^^^^^^^ 
    | 

error[0m: 'Position' is not a member of class 'Range'
   ==> src\parser_tree_builder.cj:220:51:
    | 
220 |         let startPosition: Range.Position = Range.Position(startPos, reader.lineNumber(startPos), reader.columnNumber(startPos))
    |                                                   ^^^^^^^^ 
    | 

error[0m: 'Position' is not a member of class 'Range'
   ==> src\parser_tree_builder.cj:221:49:
    | 
221 |         let endPosition: Range.Position = Range.Position(endPos, reader.lineNumber(endPos), reader.columnNumber(endPos))
    |                                                 ^^^^^^^^ 
    | 

error[0m: 'RangeKey' is non-static member, cannot access by type name
   ==> src\parser_tree_builder.cj:224:13:
    | 
224 |             SharedConstants.RangeKey
    |             ^ 
    | 

error[0m: 'EndRangeKey' is non-static member, cannot access by type name
   ==> src\parser_tree_builder.cj:226:13:
    | 
226 |             SharedConstants.EndRangeKey
    |             ^ 
    | 

error[0m: 'TagOpen' is not a member of enum 'TokeniserState'
  ==> src\parser_tokeniser.cj:82:40:
   | 
82 |         if (newState == TokeniserState.TagOpen) {
   |                                        ^^^^^^^ 
   | 

error[0m: no matching function declaration for function call 'tagFor'
  ==> src\parser_html_tree_builder.cj:46:38:
   | 
46 |             contextElement = Element(tagFor(contextName, contextName, defaultNamespace(), settings), baseUri)
   |                                      ^ 
   | 

error[0m: 'transition' is not a member of enum 'Option<Class-Tokeniser>'
  ==> src\parser_html_tree_builder.cj:51:44:
   | 
51 |                 case "script" => tokeniser.transition(TokeniserState.ScriptData)
   |                                            ^^^^^^^^^^ 
   | 

error[0m: 'transition' is not a member of enum 'Option<Class-Tokeniser>'
  ==> src\parser_html_tree_builder.cj:52:47:
   | 
52 |                 case "plaintext" => tokeniser.transition(TokeniserState.PLAINTEXT)
   |                                               ^^^^^^^^^^ 
   | 

error[0m: 'InTemplate' is not a member of enum 'HtmlTreeBuilderState'
  ==> src\parser_html_tree_builder.cj:55:59:
   | 
55 |                     pushTemplateMode(HtmlTreeBuilderState.InTemplate)
   |                                                           ^^^^^^^^^^ 
   | 

error[0m: no matching function declaration for function call 'tag'
  ==> src\parser_html_tree_builder.cj:57:59:
   | 
57 |                     let tag = contextElement.getOrThrow().tag()
   |                                                           ^ 
   | 

error[0m: enum pattern is not matched
  ==> src\parser_html_tree_builder.cj:59:29:
   | 
59 |                     if (let Some(textStateValue) <- textState) {
   |                             ^ 
   | 

error[0m: undeclared identifier 'textStateValue'
  ==> src\parser_html_tree_builder.cj:60:41:
   | 
60 |                         let textState = textStateValue
   |                                         ^ 
   | 

error[0m: 'transition' is not a member of enum 'Option<Class-Tokeniser>'
  ==> src\parser_html_tree_builder.cj:61:35:
   | 
61 |                         tokeniser.transition(textState)
   |                                   ^^^^^^^^^^ 
   | 

error[0m: 'transition' is not a member of enum 'Option<Class-Tokeniser>'
  ==> src\parser_html_tree_builder.cj:63:35:
   | 
63 |                         tokeniser.transition(TokeniserState.Data)
   |                                   ^^^^^^^^^^ 
   | 

error[0m: mismatched types
  ==> src\parser_html_tree_builder.cj:71:35:
   | 
71 |                     formElement = formSearch
   |                                   ^^^^^^^^^^ expected 'Enum-Option<Class-FormElement>', found 'Enum-Option<Class-Element>'
   | 

error[0m: 'getOrThrow' is not a member of class 'Element'
  ==> src\parser_html_tree_builder.cj:81:40:
   | 
81 |             let nodes = contextElement.getOrThrow().siblingNodes()
   |                                        ^^^^^^^^^^ 
   | 

error[0m: 'getOrThrow' is not a member of class 'Element'
  ==> src\parser_html_tree_builder.cj:83:32:
   | 
83 |                 contextElement.getOrThrow().insertChildren(-1, nodes)
   |                                ^^^^^^^^^^ 
   | 

error[0m: 'getOrThrow' is not a member of class 'Element'
  ==> src\parser_html_tree_builder.cj:85:28:
   | 
85 |             contextElement.getOrThrow().childNodes()
   |                            ^^^^^^^^^^ 
   | 

error[0m: undeclared identifier 'ForeignContent'
  ==> src\parser_html_tree_builder.cj:94:13:
   | 
94 |             ForeignContent
   |             ^ 
   | 

error[0m: no matching function declaration for function call 'tag'
   ==> src\parser_html_tree_builder.cj:103:29:
    | 
103 |         let ns: String = el.tag().namespace()
    |                             ^ 
    | 

error[0m: undeclared identifier 'NamespaceHtml'
   ==> src\parser_html_tree_builder.cj:104:13:
    | 
104 |         if (NamespaceHtml == ns) {
    |             ^ 
    | 

error[0m: 'normalName' is not a member of class 'StartTag'
   ==> src\parser_html_tree_builder.cj:108:72:
    | 
108 |             if ((token.isStartTag() && ("mglyph" != token.asStartTag().normalName)) && ("malignmark" != token.asStartTag().normalName)) {
    |                                                                        ^^^^^^^^^^ 
    | 

error[0m: 'normalName' is not a member of class 'StartTag'
   ==> src\parser_html_tree_builder.cj:108:124:
    | 
108 |             if ((token.isStartTag() && ("mglyph" != token.asStartTag().normalName)) && ("malignmark" != token.asStartTag().normalName)) {
    |                                                                                                                            ^^^^^^^^^^ 
    | 

error[0m: 'normalName' is not a member of class 'StartTag'
   ==> src\parser_html_tree_builder.cj:115:133:
    | 
115 |         if ((((Parser.NamespaceMathml == ns) && el.nameIs("annotation-xml")) && token.isStartTag()) && ("svg" == token.asStartTag().normalName)) {
    |                                                                                                                                     ^^^^^^^^^^ 
    | 

error[0m: 'process' is not a member of enum 'HtmlTreeBuilderState'
   ==> src\parser_html_tree_builder.cj:125:22:
    | 
125 |         return state.process(token, this)
    |                      ^^^^^^^ 
    | 

error[0m: 'func' can not be assigned
   ==> src\parser_html_tree_builder.cj:128:9:
    | 
128 |         this.state = state
    |         ^^^^^^^^^^ 
    | 

error[0m: ambiguous use of 'framesetOk'
   ==> src\parser_html_tree_builder.cj:140:9:
    | 
140 |         this.framesetOk = framesetOk
    |         ^^^^^^^^^^^^^^^ 
    | 
note[0m: found candidate
   ==> src\parser_html_tree_builder.cj:139:22:
    | 
139 |     public open func framesetOk(framesetOk: Bool): Unit {
    |                      ^^^^^^^^^^ 
    | 
note[0m: found candidate
   ==> src\parser_html_tree_builder.cj:142:22:
    | 
142 |     public open func framesetOk(): Bool {
    |                      ^^^^^^^^^^ 
    | 

error[0m: 'add' is not a member of class 'ParseErrorList'
   ==> src\parser_html_tree_builder.cj:159:32:
    | 
159 |             parser.getErrors().add(ParseError(reader, "Unexpected ${currentToken.tokenType()} token [${currentToken}] when in state [${state}]"))
    |                                ^^^ 
    | 

error[0m: no matching function declaration for function call 'tagFor'
   ==> src\parser_html_tree_builder.cj:173:24:
    | 
173 |         let tag: Tag = tagFor(startTag.name(), startTag.normalName, namespace, if (forcePreserveCase) {
    |                        ^ 
    | 

error[0m: no matching constructor for call 'FormElement'
   ==> src\parser_html_tree_builder.cj:179:13:
    | 
179 |             FormElement(tag, None, attributes)
    |             ^ 
    | 

error[0m: no matching constructor for call 'Element'
   ==> src\parser_html_tree_builder.cj:181:13:
    | 
181 |             Element(tag, None, attributes)
    |             ^ 
    | 

error[0m: undeclared identifier 'Companion'
   ==> src\parser_tree_builder.cj:132:29:
    | 
132 |         if (maxDepth == Int.Companion.MAX_VALUE) {
    |                             ^^^^^^^^^ 
    | 

error[0m: no matching function declaration for function call 'tag'
   ==> src\parser_html_tree_builder.cj:234:44:
    | 
234 |         if (((formElement.isSome()) && (el.tag().namespace() == NamespaceHtml)) && StringUtil.inSorted(el.normalName(), HtmlTreeBuilder.TagFormListed())) {
    |                                            ^ 
    | 

error[0m: undeclared identifier 'NamespaceHtml'
   ==> src\parser_html_tree_builder.cj:234:65:
    | 
234 |         if (((formElement.isSome()) && (el.tag().namespace() == NamespaceHtml)) && StringUtil.inSorted(el.normalName(), HtmlTreeBuilder.TagFormListed())) {
    |                                                                 ^ 
    | 

error[0m: 'add' is not a member of class 'ParseErrorList'
   ==> src\parser_tree_builder.cj:171:20:
    | 
171 |             errors.add(ParseError(reader, msg))
    |                    ^^^ 
    | 

error[0m: no matching function declaration for function call 'tag'
   ==> src\parser_html_tree_builder.cj:237:98:
    | 
237 |         if ((parser.getErrors().canAddError() && el.hasAttr("xmlns")) && (el.attr("xmlns") != el.tag().namespace())) {
    |                                                                                                  ^ 
    | 

error[0m: undeclared identifier 'InTableFoster'
   ==> src\parser_html_tree_builder.cj:240:83:
    | 
240 |         if (isFosterInserts && StringUtil.inSorted(currentElement().normalName(), InTableFoster)) {
    |                                                                                   ^ 
    | 

error[0m: no matching function declaration for function call 'tag'
   ==> src\parser_html_tree_builder.cj:188:31:
    | 
188 |             let tag: Tag = el.tag()
    |                               ^ 
    | 

error[0m: 'transition' is not a member of enum 'Option<Class-Tokeniser>'
   ==> src\parser_html_tree_builder.cj:191:27:
    | 
191 |                 tokeniser.transition(TokeniserState.Data)
    |                           ^^^^^^^^^^ 
    | 

error[0m: 'emit' is not a member of enum 'Option<Class-Tokeniser>'
   ==> src\parser_html_tree_builder.cj:192:27:
    | 
192 |                 tokeniser.emit(emptyEnd.getOrThrow().reset().name(el.tagName()))
    |                           ^^^^ 
    | 

error[0m: 'error' is not a member of enum 'Option<Class-Tokeniser>'
   ==> src\parser_html_tree_builder.cj:194:27:
    | 
194 |                 tokeniser.error("Tag [${tag.normalName()}] cannot be self-closing; not a void tag")
    |                           ^^^^^ 
    | 

error[0m: no matching function declaration for function call 'tag'
   ==> src\parser_html_tree_builder.cj:197:16:
    | 
197 |         if (el.tag().isEmpty()) {
    |                ^ 
    | 

error[0m: no matching function declaration for function call 'tag'
   ==> src\parser_html_tree_builder.cj:206:16:
    | 
206 |             el.tag().setSeenSelfClose()
    |                ^ 
    | 

error[0m: no matching function for operator '()' function call
   ==> src\parser_html_tree_builder.cj:220:18:
    | 
220 |             if (!onStack("template")) {
    |                  ^ 
    | 

error[0m: no matching function declaration for function call 'insertCharacterNode'
   ==> src\parser_html_tree_builder.cj:253:9:
    | 
253 |         insertCharacterNode(characterToken, false)
    |         ^ 
    | 

error[0m: no matching function declaration for function call 'tag'
   ==> src\parser_html_tree_builder.cj:265:23:
    | 
265 |         } else if (el.tag().`is`(Tag.Data)) {
    |                       ^ 
    | 

error[0m: undeclared identifier 'NamespaceHtml'
   ==> src\parser_html_tree_builder.cj:288:41:
    | 
288 |             if (next?.elementIs(elName, NamespaceHtml) == true) {
    |                                         ^ 
    | 

error[0m: mismatched types
   ==> src\parser_html_tree_builder.cj:296:33:
    | 
296 |             let next: Element = getStack()[pos]
    |                                 ^^^^^^^^^^^^^^^ expected 'Class-Element', found 'Enum-Option<Class-Element>'
    | 

error[0m: invalid binary operator '==' on type 'Class-Element' and 'Class-Element'
   ==> src\parser_html_tree_builder.cj:297:22:
    | 
297 |             if (next == el) {
    |                      ^^ 
    | 
    # note: you may want to implement 'operator func ==(right: Class-Element)' for type 'Class-Element'

error[0m: invalid binary operator '==' on type 'Class-Element' and 'Enum-Option<Class-Element>'
   ==> src\parser_html_tree_builder.cj:306:21:
    | 
306 |         if (element == headElement) {
    |                     ^^ 
    | 
    # note: you may want to implement 'operator func ==(right: Enum-Option<Class-Element>)' for type 'Class-Element'

error[0m: invalid binary operator '==' on type 'Class-Element' and 'Enum-Option<Class-FormElement>'
   ==> src\parser_html_tree_builder.cj:309:21:
    | 
309 |         if (element == formElement) {
    |                     ^^ 
    | 
    # note: you may want to implement 'operator func ==(right: Enum-Option<Class-FormElement>)' for type 'Class-Element'

error[0m: cannot use optional chaining
   ==> src\parser_html_tree_builder.cj:692:34:
    | 
692 |             let next: ?Element = formattingElements?.get(pos)
    |                                  ^^^^^^^^^^^^^^^^^^^^^^^^^^^^ cannot use optional chaining on non-optional value of type 'Class-ArrayList<Enum-Option<Class-Element>>'
    | 

error[0m: invalid binary operator '==' on type 'Enum-Option<Class-Element>' and 'Class-Element'
   ==> src\parser_html_tree_builder.cj:693:22:
    | 
693 |             if (next == el) {
    |                      ^^ 
    | 
    # note: you may want to implement 'operator func ==(right: Class-Element)' for type 'Enum-Option<Class-Element>'

error[0m: undeclared identifier 'NamespaceHtml'
   ==> src\parser_html_tree_builder.cj:324:39:
    | 
324 |             if (el?.elementIs(elName, NamespaceHtml) == true) {
    |                                       ^ 
    | 

error[0m: undeclared identifier 'NamespaceHtml'
   ==> src\parser_html_tree_builder.cj:342:67:
    | 
342 |             if (StringUtil.inSorted(el.normalName(), elNames) && (NamespaceHtml == el.tag().namespace())) {
    |                                                                   ^ 
    | 

error[0m: no matching function declaration for function call 'tag'
   ==> src\parser_html_tree_builder.cj:342:87:
    | 
342 |             if (StringUtil.inSorted(el.normalName(), elNames) && (NamespaceHtml == el.tag().namespace())) {
    |                                                                                       ^ 
    | 

error[0m: undeclared identifier 'NamespaceHtml'
   ==> src\parser_html_tree_builder.cj:359:18:
    | 
359 |             if ((NamespaceHtml == next?.tag()?.namespace()) && (StringUtil.isIn(next.getOrThrow().normalName(), nodeNames) || next.getOrThrow().nameIs("html"))) {
    |                  ^ 
    | 

error[0m: no matching function declaration for function call 'tag'
   ==> src\parser_html_tree_builder.cj:359:41:
    | 
359 |             if ((NamespaceHtml == next?.tag()?.namespace()) && (StringUtil.isIn(next.getOrThrow().normalName(), nodeNames) || next.getOrThrow().nameIs("html"))) {
    |                                         ^ 
    | 

error[0m: invalid binary operator '==' on type 'Enum-Option<Class-Element>' and 'Class-Element'
   ==> src\parser_html_tree_builder.cj:372:22:
    | 
372 |             if (next == el) {
    |                      ^^ 
    | 
    # note: you may want to implement 'operator func ==(right: Class-Element)' for type 'Enum-Option<Class-Element>'

error[0m: 'lastIndexOf' is not a member of enum 'Option<Class-ArrayList<Enum-Option<Class-Element>>>'
   ==> src\parser_html_tree_builder.cj:379:31:
    | 
379 |         let i: Int64 = _stack.lastIndexOf(after)
    |                               ^^^^^^^^^^^ 
    | 

error[0m: no matching function declaration for function call 'error'
   ==> src\parser_html_tree_builder.cj:381:13:
    | 
381 |             error("Did not find element on stack to insert after")
    |             ^ 
    | 

error[0m: missing argument prefix 'all:' or 'at:' for named parameter
   ==> src\parser_html_tree_builder.cj:384:25:
    | 
384 |             _stack?.add(i + 1, inEl)
    |                         ^^^^^ 
    | 

error[0m: 'lastIndexOf' is not a member of class 'ArrayList<Enum-Option<Class-Element>>'
   ==> src\parser_html_tree_builder.cj:839:30:
    | 
839 |         let i: Int64 = queue.lastIndexOf(out)
    |                              ^^^^^^^^^^^ 
    | 

error[0m: undeclared identifier 'LOOP'
   ==> src\parser_html_tree_builder.cj:402:9:
    | 
402 |         LOOP
    |         ^ 
    | 

error[0m: undeclared identifier 'pos'
   ==> src\parser_html_tree_builder.cj:404:45:
    | 
404 |             var node: ?Element = getStack()[pos]
    |                                             ^ 
    | 

error[0m: undeclared identifier 'pos'
   ==> src\parser_html_tree_builder.cj:405:17:
    | 
405 |             if (pos == upper) {
    |                 ^ 
    | 

error[0m: undeclared identifier 'NamespaceHtml'
   ==> src\parser_html_tree_builder.cj:412:17:
    | 
412 |             if (NamespaceHtml != node.getOrThrow().tag().namespace()) {
    |                 ^ 
    | 

error[0m: no matching function declaration for function call 'tag'
   ==> src\parser_html_tree_builder.cj:412:52:
    | 
412 |             if (NamespaceHtml != node.getOrThrow().tag().namespace()) {
    |                                                    ^ 
    | 

error[0m: undeclared identifier 'requireNotNull'
   ==> src\parser_html_tree_builder.cj:441:21:
    | 
441 |                     requireNotNull(tmplState, { => "Bug: no template insertion mode on stack!" })
    |                     ^ 
    | 

error[0m: 'size' is not a member of enum 'Option<Class-ArrayList<Enum-Option<Class-Element>>>'
   ==> src\parser_html_tree_builder.cj:483:36:
    | 
483 |         let bottom: Int64 = _stack.size - 1
    |                                    ^^^^ 
    | 

error[0m: invalid subscript operator [] on type 'Enum-Option<Class-ArrayList<Enum-Option<Class-Element>>>' with index type 'Int64'
   ==> src\parser_html_tree_builder.cj:485:31:
    | 
485 |             let el: Element = _stack[pos]
    |                               ^^^^^^^^^^^ 
    | 
    # note: you may want to implement 'operator func [](index0: Int64)' for type 'Enum-Option<Class-ArrayList<Enum-Option<Class-Element>>>'

error[0m: no matching function declaration for function call 'tag'
   ==> src\parser_html_tree_builder.cj:487:33:
    | 
487 |             let ns: String = el.tag().namespace()
    |                                 ^ 
    | 

error[0m: undeclared identifier 'NamespaceHtml'
   ==> src\parser_html_tree_builder.cj:488:23:
    | 
488 |             if (ns == NamespaceHtml) {
    |                       ^ 
    | 

error[0m: mismatched types
   ==> src\parser_html_tree_builder.cj:495:74:
    | 
495 |                 if ((extraTypes.isSome()) && StringUtil.inSorted(elName, extraTypes)) {
    |                                                                          ^^^^^^^^^^ expected 'Struct-Array<Struct-String>', found 'Enum-Option<Struct-Array<Struct-String>>'
    | 

error[0m: 'contentEquals' is not a member of struct 'Array<Struct-String>'
   ==> src\parser_html_tree_builder.cj:498:34:
    | 
498 |             } else if (baseTypes.contentEquals(HtmlTreeBuilder.TagsSearchInScope())) {
    |                                  ^^^^^^^^^^^^^ 
    | 

error[0m: mismatched types
   ==> src\parser_html_tree_builder.cj:516:37:
    | 
516 |         return inScope([targetName, HtmlTreeBuilder.TagSearchList()])
    |                                     ^^^^^^^^^^^^^^^^^^^^^^^^^^^^^^^ expected 'Struct-String', found 'Struct-Array<Struct-String>'
    | 

error[0m: mismatched types
   ==> src\parser_html_tree_builder.cj:519:37:
    | 
519 |         return inScope([targetName, HtmlTreeBuilder.TagSearchButton()])
    |                                     ^^^^^^^^^^^^^^^^^^^^^^^^^^^^^^^^^ expected 'Struct-String', found 'Struct-Array<Struct-String>'
    | 

error[0m: mismatched types
   ==> src\parser_html_tree_builder.cj:526:31:
    | 
526 |             let el: Element = getStack().get(pos) ?? continue
    |                               ^^^^^^^^^^^^^^^^^^^ expected 'Class-Element', found 'Enum-Option<Class-Element>'
    | 

error[0m: 'size' is not a member of enum 'Option<Class-ArrayList<Enum-Option<Class-Element>>>'
   ==> src\parser_html_tree_builder.cj:538:29:
    | 
538 |         for (pos in (_stack.size - 1)..=0 : -1) {
    |                             ^^^^ 
    | 

error[0m: 'Character' is not a member of class 'Token'
   ==> src\parser_html_tree_builder.cj:565:43:
    | 
565 |         let copy: Token.Character = Token.Character(c)
    |                                           ^^^^^^^^^ 
    | 

error[0m: undeclared identifier 'NamespaceHtml'
   ==> src\parser_html_tree_builder.cj:582:17:
    | 
582 |         while ((NamespaceHtml == currentElement().tag().namespace()) && StringUtil.inSorted(currentElement().normalName(), search)) {
    |                 ^ 
    | 

error[0m: no matching function declaration for function call 'tag'
   ==> src\parser_html_tree_builder.cj:582:51:
    | 
582 |         while ((NamespaceHtml == currentElement().tag().namespace()) && StringUtil.inSorted(currentElement().normalName(), search)) {
    |                                                   ^ 
    | 

error[0m: no matching function declaration for function call 'error'
   ==> src\parser_html_tree_builder.cj:589:13:
    | 
589 |             error(_state())
    |             ^ 
    | 

error[0m: invalid binary operator '==' on type 'Enum-Option<Class-Element>' and 'Enum-Option<Class-Element>'
   ==> src\parser_html_tree_builder.cj:602:20:
    | 
602 |             if (el == formattingElements[i]) {
    |                    ^^ 
    | 
    # note: you may want to implement 'operator func ==(right: Enum-Option<Class-Element>)' for type 'Enum-Option<Class-Element>'

error[0m: mismatched types
   ==> src\parser_html_tree_builder.cj:636:31:
    | 
636 |             let el: Element = formattingElements.get(pos) ?? break
    |                               ^^^^^^^^^^^^^^^^^^^^^^^^^^^ expected 'Class-Element', found 'Enum-Option<Class-Element>'
    | 

error[0m: missing argument prefix 'all:' or 'at:' for named parameter
   ==> src\parser_html_tree_builder.cj:623:36:
    | 
623 |             formattingElements.add(bookmark, `in`)
    |                                    ^^^^^^^^ 
    | 

error[0m: mismatched types
   ==> src\parser_html_tree_builder.cj:651:40:
    | 
651 |         if ((last.isNone()) || onStack(last)) {
    |                                        ^^^^ expected 'Class-Element', found 'Enum-Option<Class-Element>'
    | 

error[0m: cannot use optional chaining
   ==> src\parser_html_tree_builder.cj:655:27:
    | 
655 |         let size: Int64 = formattingElements?.size ?? 0
    |                           ^^^^^^^^^^^^^^^^^^^^^^^^ cannot use optional chaining on non-optional value of type 'Class-ArrayList<Enum-Option<Class-Element>>'
    | 

error[0m: cannot use optional chaining
   ==> src\parser_html_tree_builder.cj:667:21:
    | 
667 |             entry = formattingElements?.get(pos -= 1)
    |                     ^^^^^^^^^^^^^^^^^^^^^^^^^^^^^^^^^ cannot use optional chaining on non-optional value of type 'Class-ArrayList<Enum-Option<Class-Element>>'
    | 

error[0m: mismatched types
   ==> src\parser_html_tree_builder.cj:668:45:
    | 
668 |             if ((entry.isNone()) || onStack(entry)) {
    |                                             ^^^^^ expected 'Class-Element', found 'Enum-Option<Class-Element>'
    | 

error[0m: mismatched types
   ==> src\parser_html_tree_builder.cj:674:44:
    | 
674 |                 entry = formattingElements[pos += 1]
    |                                            ^^^^^^^^ expected 'Struct-Range<Int64>', found 'Unit'
    | 
    # note: the type of an assignment expression is always 'Unit'

error[0m: no matching constructor for call 'Element'
   ==> src\parser_html_tree_builder.cj:677:25:
    | 
677 |             let newEl = Element(tagFor(entry.getOrThrow().nodeName(), entry.getOrThrow().normalName(), defaultNamespace(), settings), None, entry.getOrThrow().attributes().clone())
    |                         ^ 
    | 

error[0m: cannot use optional chaining
   ==> src\parser_html_tree_builder.cj:700:41:
    | 
700 |         return onStack(collectArrayList(formattingElements?.mapNotNull({ it => it })) ?? emptyList(), el)
    |                                         ^^^^^^^^^^^^^^^^^^^^^^^^^^^^^^^^^^^^^^^^^^^^ cannot use optional chaining on non-optional value of type 'Class-ArrayList<Enum-Option<Class-Element>>'
    | 

error[0m: cannot use optional chaining
   ==> src\parser_html_tree_builder.cj:704:34:
    | 
704 |             let next: ?Element = formattingElements?.get(pos)
    |                                  ^^^^^^^^^^^^^^^^^^^^^^^^^^^^ cannot use optional chaining on non-optional value of type 'Class-ArrayList<Enum-Option<Class-Element>>'
    | 

error[0m: 'isNullOrEmpty' is not a member of class 'ArrayList<Enum-HtmlTreeBuilderState>'
   ==> src\parser_html_tree_builder.cj:747:49:
    | 
747 |         return if (!tmplInsertMode.getOrThrow().isNullOrEmpty()) {
    |                                                 ^^^^^^^^^^^^^ 
    | 

error[0m: 'remove' is not a member of enum 'Option<Class-ArrayList<Enum-HtmlTreeBuilderState>>'
   ==> src\parser_html_tree_builder.cj:748:28:
    | 
748 |             tmplInsertMode.remove(at: tmplInsertMode.getOrThrow().size - 1)
    |                            ^^^^^^ 
    | 

error[0m: mismatched types
   ==> src\parser_html_tree_builder.cj:758:13:
    | 
758 |             tmplInsertMode?.get(tmplInsertMode.getOrThrow().size - 1)
    |             ^^^^^^^^^^^^^^^^^^^^^^^^^^^^^^^^^^^^^^^^^^^^^^^^^^^^^^^^^ expected 'Enum-Option<Enum-HtmlTreeBuilderState>', found 'Enum-Option<Enum-Option<Enum-HtmlTreeBuilderState>>'
    | 

error[0m: 'toString' is not a member of class 'Token'
   ==> src\parser_html_tree_builder.cj:764:71:
    | 
764 |         return (((((("TreeBuilder{" + "currentToken=") + currentToken.toString()) + ", state=") + _state.toString()) + ", currentElement=") + currentElement().toString()) + r'}'.toString()
    |                                                                       ^^^^^^^^ 
    | 

error[0m: invalid binary operator '==' on type 'Enum-Option<Class-Element>' and 'Class-Element'
   ==> src\parser_html_tree_builder.cj:819:22:
    | 
819 |             if (next == element) {
    |                      ^^ 
    | 
    # note: you may want to implement 'operator func ==(right: Class-Element)' for type 'Enum-Option<Class-Element>'

error[0m: no matching function declaration for function call 'tag'
   ==> src\parser_html_tree_builder.cj:827:46:
    | 
827 |         return (Parser.NamespaceMathml == el.tag().namespace()) && StringUtil.inSorted(el.normalName(), HtmlTreeBuilder.TagMathMlTextIntegration())
    |                                              ^ 
    | 

error[0m: no matching function declaration for function call 'tag'
   ==> src\parser_html_tree_builder.cj:830:43:
    | 
830 |         if ((Parser.NamespaceMathml == el.tag().namespace()) && el.nameIs("annotation-xml")) {
    |                                           ^ 
    | 

error[0m: no matching function declaration for function call 'tag'
   ==> src\parser_html_tree_builder.cj:836:43:
    | 
836 |         return (Parser.NamespaceSvg == el.tag().namespace()) && StringUtil.isIn(el.tagName(), HtmlTreeBuilder.TagSvgHtmlIntegration())
    |                                           ^ 
    | 

error[0m: no matching function declaration for function call 'tag'
   ==> src\parser_html_tree_builder.cj:844:28:
    | 
844 |         let namespace = el.tag().namespace()
    |                            ^ 
    | 

error[0m: invalid binary operator '==' on type 'Class-Attributes' and 'Class-Attributes'
   ==> src\parser_html_tree_builder.cj:853:70:
    | 
853 |         return (a.normalName() == b.normalName()) && (a.attributes() == b.attributes())
    |                                                                      ^^ 
    | 
    # note: you may want to implement 'operator func ==(right: Class-Attributes)' for type 'Class-Attributes'

error[0m: mismatched types
  ==> src\parser_parse_error_list.cj:11:14:
   | 
11 |         this(copy.initialCapacity)
   |              ^^^^^^^^^^^^^^^^^^^^ expected 'Class-ParseErrorList', found 'Int64'
   | 

error[0m: undeclared identifier 'size'
  ==> src\parser_parse_error_list.cj:14:16:
   | 
14 |         return size < maxSize
   |                ^ 
   | 

error[0m: parameters of this lambda expression must have type annotations
  ==> src\parser_parse_error_list.cj:17:18:
   | 
17 |         return { it =>
   |                  ^^ 
   | 

error[0m: mismatched types
  ==> src\parser_parse_settings.cj:11:14:
   | 
11 |         this(copy.getOrThrow().preserveTagCase)
   |              ^^^^^^^^^^^^^^^^^^^^^^^^^^^^^^^^^ expected 'Enum-Option<Class-ParseSettings>', found 'Bool'
   | 

error[0m: extra argument given for parameter list '()' in call
  ==> src\parser_parse_settings.cj:14:41:
   | 
14 |         var trimmedName = name.trimAscii({ it => it <= r' ' })
   |                                         ^^^^^^^^^^^^^^^^^^^^^^ expected 0 arguments, found 1
   | 
note[0m: found candidate
   ==> (package std.core)string.cj:670:17:

error[0m: extra argument given for parameter list '()' in call
  ==> src\parser_parse_settings.cj:21:41:
   | 
21 |         var trimmedName = name.trimAscii({ it => it <= r' ' })
   |                                         ^^^^^^^^^^^^^^^^^^^^^^ expected 0 arguments, found 1
   | 
note[0m: found candidate
   ==> (package std.core)string.cj:670:17:

error[0m: undeclared identifier 'normalize'
  ==> src\parser_parse_settings.cj:39:16:
   | 
39 |         return normalize(name.getOrThrow().trimAscii({ it => it <= r' ' }))
   |                ^ 
   | 

error[0m: generic type should be used with type argument
 ==> src\parser_parser.cj:5:17:
  | 
5 | class Parser <: KCloneable {
  |                 ^ 
  | 

error[0m: undeclared identifier 'Synchronizable'
  ==> src\parser_parser.cj:10:16:
   | 
10 |     let lock = Synchronizable()
   |                ^ 
   | 

error[0m: ambiguous use of 'settings'
  ==> src\parser_parser.cj:15:9:
   | 
15 |         this.settings = treeBuilder.defaultSettings()
   |         ^^^^^^^^^^^^^ 
   | 
note[0m: found candidate
  ==> src\parser_parser.cj:66:10:
   | 
66 |     func settings(settings: ParseSettings): Parser {
   |          ^^^^^^^^ 
   | 
note[0m: found candidate
  ==> src\parser_parser.cj:70:10:
   | 
70 |     func settings(): ParseSettings {
   |          ^^^^^^^^ 
   | 

error[0m: mismatched types
  ==> src\parser_parser.cj:28:35:
   | 
28 |         _settings = ParseSettings(copy.settings)
   |                                   ^^^^^^^^^^^^^ expected 'Enum-Option<Class-ParseSettings>', found '(Class-ParseSettings) -> Class-Parser'
   | 

error[0m: undeclared identifier 'StringReader'
  ==> src\parser_parser.cj:34:27:
   | 
34 |         return parseInput(StringReader(input), baseUri)
   |                           ^ 
   | 

error[0m: undeclared identifier 'StringReader'
  ==> src\parser_parser.cj:40:35:
   | 
40 |         return parseFragmentInput(StringReader(fragment), context, baseUri)
   |                                   ^ 
   | 

error[0m: ambiguous use of 'settings'
  ==> src\parser_parser.cj:67:9:
   | 
67 |         this.settings = settings
   |         ^^^^^^^^^^^^^ 
   | 
note[0m: found candidate
  ==> src\parser_parser.cj:66:10:
   | 
66 |     func settings(settings: ParseSettings): Parser {
   |          ^^^^^^^^ 
   | 
note[0m: found candidate
  ==> src\parser_parser.cj:70:10:
   | 
70 |     func settings(): ParseSettings {
   |          ^^^^^^^^ 
   | 

error[0m: ambiguous use of 'tagSet'
  ==> src\parser_parser.cj:82:9:
   | 
82 |         this.tagSet = TagSet(tagSet)
   |         ^^^^^^^^^^^ 
   | 
note[0m: found candidate
  ==> src\parser_parser.cj:81:10:
   | 
81 |     func tagSet(tagSet: TagSet): Parser {
   |          ^^^^^^ 
   | 
note[0m: found candidate
  ==> src\parser_parser.cj:85:10:
   | 
85 |     func tagSet(): TagSet {
   |          ^^^^^^ 
   | 

error[0m: 'isInitialized' is not a member of class 'CharacterReader'
  ==> src\parser_tree_builder.cj:44:22:
   | 
44 |         if (!(reader.isInitialized)) {
   |                      ^^^^^^^^^^^^^ 
   | 

error[0m: unknown named argument prefix 'errorList:'
   ==> src\parser_parser.cj:117:88:
    | 
117 |         return treeBuilder.parseFragment(StringReader(fragmentHtml), context, baseUri, errorList: parser)
    |                                                                                        ^ 
    | 

error[0m: unknown named argument prefix 'errorList:'
   ==> src\parser_parser.cj:121:84:
    | 
121 |         return treeBuilder.parseFragment(StringReader(fragmentXml), None, baseUri, errorList: Parser(treeBuilder))
    |                                                                                    ^ 
    | 

error[0m: undeclared identifier 'stopped'
   ==> src\parser_stream_parser.cj:101:9:
    | 
101 |         stopped = false
    |         ^ 
    | 

error[0m: undeclared identifier 'StringReader'
  ==> src\parser_stream_parser.cj:23:22:
   | 
23 |         return parse(StringReader(html), baseUri)
   |                      ^ 
   | 

error[0m: undeclared identifier 'StringReader'
  ==> src\parser_stream_parser.cj:31:30:
   | 
31 |         return parseFragment(StringReader(html), context, baseUri)
   |                              ^ 
   | 

error[0m: 'asSequence' is not a member of class 'ElementIterator'
  ==> src\parser_stream_parser.cj:34:32:
   | 
34 |         return elementIterator.asSequence()
   |                                ^^^^^^^^^^ 
   | 

error[0m: undeclared identifier 'requireNotNull'
  ==> src\parser_stream_parser.cj:52:9:
   | 
52 |         requireNotNull(_document, { => "Must run parse() before calling." })
   |         ^ 
   | 

error[0m: no matching function for operator '()' function call
  ==> src\parser_stream_parser.cj:56:29:
   | 
56 |         let doc: Document = _document()
   |                             ^ 
   | 

error[0m: missing argument prefix 'msg:' for named parameter
  ==> src\parser_stream_parser.cj:68:59:
   | 
68 |         return Validate.expectNotNull(selectFirst(query), "No elements matched the query '${query}' in the document.")
   |                                                           ^^^^^^^^^^^^^^^^^^^^^^^^^^^^^^^^^^^^^^^^^^^^^^^^^^^^^^^^^^^ 
   | 

error[0m: no matching function for operator '()' function call
  ==> src\parser_stream_parser.cj:71:29:
   | 
71 |         let doc: Document = _document()
   |                             ^ 
   | 

error[0m: missing argument prefix 'msg:' for named parameter
  ==> src\parser_stream_parser.cj:83:58:
   | 
83 |         return Validate.expectNotNull(selectNext(query), "No elements matched the query '${query}' in the document.")
   |                                                          ^^^^^^^^^^^^^^^^^^^^^^^^^^^^^^^^^^^^^^^^^^^^^^^^^^^^^^^^^^^ 
   | 

error[0m: no matching function for operator '()' function call
  ==> src\parser_stream_parser.cj:86:29:
   | 
86 |         let doc: Document = _document()
   |                             ^ 
   | 

error[0m: unable to infer generic argument of this function
  ==> src\parser_stream_parser.cj:92:42:
   | 
92 |     let emitQueue: LinkedList<Element> = ArrayList()
   |                                          ^^^^^^^^^ 
   | 
note[0m: for function type '() -> Class-ArrayList<Generics-T>'
   ==> (package std.collection)array_list.cj:102:12:
note[0m: mismatched types
  ==> src\parser_stream_parser.cj:92:42:
   | 
92 |     let emitQueue: LinkedList<Element> = ArrayList()
   |                                          ^^^^^^^^^^^ of return type 'Class-ArrayList<Generics-T>', impossible to match expected type 'Class-LinkedList<Class-Element>'
   | 

error[0m: undeclared identifier 'stopped'
   ==> src\parser_stream_parser.cj:117:13:
    | 
117 |         if (stopped || (_next.isSome())) {
    |             ^ 
    | 

error[0m: unknown named argument prefix 'at:'
   ==> src\parser_stream_parser.cj:121:38:
    | 
121 |             _next = emitQueue.remove(at: 0)
    |                                      ^ 
    | 

error[0m: undeclared identifier 'treeBuilder'
   ==> src\parser_stream_parser.cj:124:16:
    | 
124 |         while (treeBuilder.stepParser()) {
    |                ^ 
    | 

error[0m: unknown named argument prefix 'at:'
   ==> src\parser_stream_parser.cj:126:42:
    | 
126 |                 _next = emitQueue.remove(at: 0)
    |                                          ^ 
    | 

error[0m: undeclared identifier 'stop'
   ==> src\parser_stream_parser.cj:130:9:
    | 
130 |         stop()
    |         ^ 
    | 

error[0m: undeclared identifier 'close'
   ==> src\parser_stream_parser.cj:131:9:
    | 
131 |         close()
    |         ^ 
    | 

error[0m: undeclared identifier 'NoSuchElementException'
   ==> src\parser_stream_parser.cj:110:19:
    | 
110 |             throw NoSuchElementException()
    |                   ^ 
    | 

error[0m: undeclared identifier 'NoSuchElementException'
   ==> src\parser_stream_parser.cj:139:19:
    | 
139 |             throw NoSuchElementException()
    |                   ^ 
    | 

error[0m: 'add' is not a member of class 'LinkedList<Class-Element>'
   ==> src\parser_stream_parser.cj:148:27:
    | 
148 |                 emitQueue.add(prev)
    |                           ^^^ 
    | 

error[0m: mismatched types
   ==> src\parser_stream_parser.cj:154:22:
    | 
154 |             _tail = (node as ?Element)
    |                      ^^^^^^^^^^^^^^^^ expected 'Enum-Option<Class-Element>', found 'Enum-Option<Enum-Option<Class-Element>>'
    | 

error[0m: mismatched types
   ==> src\parser_stream_parser.cj:155:39:
    | 
155 |             let lastChild: ?Element = _tail?.lastElementChild()
    |                                       ^^^^^^^^^^^^^^^^^^^^^^^^^ expected 'Enum-Option<Class-Element>', found 'Enum-Option<Enum-Option<Class-Element>>'
    | 

error[0m: 'add' is not a member of class 'LinkedList<Class-Element>'
   ==> src\parser_stream_parser.cj:158:27:
    | 
158 |                 emitQueue.add(lastChild)
    |                           ^^^ 
    | 

error[0m: generic type should be used with type argument
  ==> src\parser_tag.cj:14:14:
   | 
14 | class Tag <: KCloneable & ToString {
   |              ^ 
   | 

error[0m: 'contentHashCode' is not a member of struct 'Array<Struct-String>'
  ==> src\parser_tag.cj:34:37:
   | 
34 |         return [tagName, namespace].contentHashCode()
   |                                     ^^^^^^^^^^^^^^^ 
   | 

error[0m: ambiguous match for function call '__k2cjRuneSlice'
  ==> src\parser_tag.cj:46:13:
   | 
46 |             __k2cjRuneSlice(tagName, 0, pos)
   |             ^ 
   | 
note[0m: found candidate
 ==> src\internal_urlutil.cj:5:6:
  | 
5 | func __k2cjRuneSlice(input: String, start: Int64, end: Int64): String {
  |      ^ 
  | 
note[0m: found candidate
 ==> src\nodes_attribute.cj:5:6:
  | 
5 | func __k2cjRuneSlice(input: String, start: Int64, end: Int64): String {
  |      ^ 
  | 
note[0m: found candidate
 ==> src\nodes_node.cj:5:6:
  | 
5 | func __k2cjRuneSlice(input: String, start: Int64, end: Int64): String {
  |      ^ 
  | 
note[0m: found candidate
 ==> src\nodes_text_node.cj:3:6:
  | 
3 | func __k2cjRuneSlice(input: String, start: Int64, end: Int64): String {
  |      ^ 
  | 
note[0m: found candidate
 ==> src\parser_tag.cj:3:6:
  | 
3 | func __k2cjRuneSlice(input: String, start: Int64, end: Int64): String {
  |      ^ 
  | 
note[0m: found candidate
 ==> src\parser_xml_tree_builder.cj:5:6:
  | 
5 | func __k2cjRuneSlice(input: String, start: Int64, end: Int64): String {
  |      ^ 
  | 
note[0m: found candidate
 ==> src\select_evaluator.cj:5:6:
  | 
5 | func __k2cjRuneSlice(input: String, start: Int64, end: Int64): String {
  |      ^ 
  | 
note[0m: found candidate
 ==> src\select_query_parser.cj:5:6:
  | 
5 | func __k2cjRuneSlice(input: String, start: Int64, end: Int64): String {
  |      ^ 
  | 

error[0m: ambiguous match for function call '__k2cjRuneSlice'
  ==> src\parser_tag.cj:54:13:
   | 
54 |             __k2cjRuneSlice(tagName, pos + 1, tagName.toRuneArray().size)
   |             ^ 
   | 
note[0m: found candidate
 ==> src\internal_urlutil.cj:5:6:
  | 
5 | func __k2cjRuneSlice(input: String, start: Int64, end: Int64): String {
  |      ^ 
  | 
note[0m: found candidate
 ==> src\nodes_attribute.cj:5:6:
  | 
5 | func __k2cjRuneSlice(input: String, start: Int64, end: Int64): String {
  |      ^ 
  | 
note[0m: found candidate
 ==> src\nodes_node.cj:5:6:
  | 
5 | func __k2cjRuneSlice(input: String, start: Int64, end: Int64): String {
  |      ^ 
  | 
note[0m: found candidate
 ==> src\nodes_text_node.cj:3:6:
  | 
3 | func __k2cjRuneSlice(input: String, start: Int64, end: Int64): String {
  |      ^ 
  | 
note[0m: found candidate
 ==> src\parser_tag.cj:3:6:
  | 
3 | func __k2cjRuneSlice(input: String, start: Int64, end: Int64): String {
  |      ^ 
  | 
note[0m: found candidate
 ==> src\parser_xml_tree_builder.cj:5:6:
  | 
5 | func __k2cjRuneSlice(input: String, start: Int64, end: Int64): String {
  |      ^ 
  | 
note[0m: found candidate
 ==> src\select_evaluator.cj:5:6:
  | 
5 | func __k2cjRuneSlice(input: String, start: Int64, end: Int64): String {
  |      ^ 
  | 
note[0m: found candidate
 ==> src\select_query_parser.cj:5:6:
  | 
5 | func __k2cjRuneSlice(input: String, start: Int64, end: Int64): String {
  |      ^ 
  | 

error[0m: no matching function for operator '()' function call
  ==> src\parser_tag.cj:58:27:
   | 
58 |         return (options & Tag.Block()) != 0
   |                           ^ 
   | 

error[0m: no matching function for operator '()' function call
  ==> src\parser_tag.cj:61:27:
   | 
61 |         return (options & Tag.Void()) != 0
   |                           ^ 
   | 

error[0m: no matching function for operator '()' function call
  ==> src\parser_tag.cj:64:27:
   | 
64 |         return (options & Tag.FormSubmittable()) != 0
   |                           ^ 
   | 

error[0m: no matching function for operator '()' function call
  ==> src\parser_tag.cj:67:29:
   | 
67 |         options = options | Tag.SeenSelfClose()
   |                             ^ 
   | 

error[0m: no matching function for operator '()' function call
  ==> src\parser_tag.cj:70:25:
   | 
70 |         return if (`is`(Tag.RcData())) {
   |                         ^ 
   | 

error[0m: 'Rcdata' is not a member of enum 'TokeniserState'
  ==> src\parser_tag.cj:71:28:
   | 
71 |             TokeniserState.Rcdata
   |                            ^^^^^^ 
   | 

error[0m: no matching function for operator '()' function call
  ==> src\parser_tag.cj:72:25:
   | 
72 |         } else if (`is`(Tag.Data())) {
   |                         ^ 
   | 

error[0m: 'Rawtext' is not a member of enum 'TokeniserState'
  ==> src\parser_tag.cj:73:28:
   | 
73 |             TokeniserState.Rawtext
   |                            ^^^^^^^ 
   | 

error[0m: undeclared identifier 'inv'
  ==> src\parser_tag.cj:91:36:
   | 
91 |         options = options & option.inv()
   |                                    ^^^ 
   | 

error[0m: no matching function for operator '()' function call
  ==> src\parser_tag.cj:98:27:
   | 
98 |         return (options & Tag.InlineContainer()) != 0
   |                           ^ 
   | 

error[0m: no matching function for operator '()' function call
   ==> src\parser_tag.cj:101:27:
    | 
101 |         return (options & Tag.Block()) == 0
    |                           ^ 
    | 

error[0m: no matching function for operator '()' function call
   ==> src\parser_tag.cj:104:28:
    | 
104 |         return ((options & Tag.SelfClose()) != 0) || ((options & Tag.Void()) != 0)
    |                            ^ 
    | 

error[0m: no matching function for operator '()' function call
   ==> src\parser_tag.cj:110:27:
    | 
110 |         return (options & Tag.PreserveWhitespace()) != 0
    |                           ^ 
    | 

error[0m: 'copy' is not a member of class 'Tag'
   ==> src\parser_tag.cj:116:26:
    | 
116 |         let clone = this.copy()
    |                          ^^^^ 
    | 

error[0m: mismatched types
   ==> src\parser_tag.cj:130:112:
    | 
130 |     static func valueOf(tagName: String, namespace!: String = Parser.NamespaceHtml, settings!: ParseSettings = ParseSettings.preserveCase): Tag {
    |                                                                                                                ^^^^^^^^^^^^^^^^^^^^^^^^^^ expected 'Class-ParseSettings', found '() -> Class-ParseSettings'
    | 

error[0m: extra argument given for parameter list '(Struct-String, Struct-String, Class-ParseSettings)' in call
   ==> src\parser_tag.cj:131:37:
    | 
131 |         return TagSet.Html().valueOf(tagName, namespace: None, settings: namespace, settings.preserveTagCase())
    |                                     ^^^^^^^^^^^^^^^^^^^^^^^^^^^^^^^^^^^^^^^^^^^^^^^^^^^^^^^^^^^^^^^^^^^^^^^^^^^ expected 3 arguments, found 4
    | 
note[0m: found candidate
  ==> src\nodes_tag_set.cj:90:10:
   | 
90 |     func valueOf(tagName: String, namespace: String, settings!: ParseSettings = ParseSettings.preserveCase): Tag {
   |          ^^^^^^^ 
   | 

error[0m: no matching function declaration for function call 'valueOf'
   ==> src\parser_tag.cj:134:16:
    | 
134 |         return valueOf(tagName, namespace: Parser.NamespaceHtml, settings: settings)
    |                ^ 
    | 

error[0m: undeclared identifier 'get'
   ==> src\parser_tag.cj:137:34:
    | 
137 |         return TagSet.HtmlTagSet.get(tagName, Parser.NamespaceHtml).isSome()
    |                                  ^^^ 
    | 

error[0m: invalid binary operator '==' on type 'This' and 'Enum-Option<Class-Object>'
   ==> src\parser_tag.cj:140:18:
    | 
140 |         if (this == other) {
    |                  ^^ 
    | 
    # note: you may want to implement 'operator func ==(right: Enum-Option<Class-Object>)' for type 'This'

error[0m: invalid binary operator '!=' on type 'This' and 'Enum-Option<Class-Object>'
   ==> src\parser_tag.cj:143:39:
    | 
143 |         if ((other.isNone()) || (this != other)) {
    |                                       ^^ 
    | 
    # note: you may want to implement 'operator func !=(right: Enum-Option<Class-Object>)' for type 'This'

error[0m: 'options' is not a member of class 'Object'
   ==> src\parser_tag.cj:147:43:
    | 
147 |         if (options != other.getOrThrow().options) {
    |                                           ^^^^^^^ 
    | 

error[0m: 'tagName' is not a member of class 'Object'
   ==> src\parser_tag.cj:150:43:
    | 
150 |         if (tagName != other.getOrThrow().tagName) {
    |                                           ^^^^^^^ 
    | 

error[0m: 'normalName' is not a member of class 'Object'
   ==> src\parser_tag.cj:153:46:
    | 
153 |         if (normalName != other.getOrThrow().normalName) {
    |                                              ^^^^^^^^^^ 
    | 

error[0m: 'namespace' is not a member of class 'Object'
   ==> src\parser_tag.cj:156:45:
    | 
156 |         if (namespace != other.getOrThrow().namespace) {
    |                                             ^^^^^^^^^ 
    | 

error[0m: recursive constructor calling detected
  ==> src\parser_tag.cj:24:5:
   | 
24 |     init(tagName: String) {
   |     ^^^^ 
   | 
note[0m: depends on
  ==> src\parser_tag.cj:25:9:
   | 
25 |         this(tagName)
   |         ^^^^ 
   | 
note[0m: depends on
  ==> src\parser_tag.cj:24:5:
   | 
24 |     init(tagName: String) {
   |     ^^^^ 
   | 

error[0m: 'simpleName' is not a member of class 'Token'
  ==> src\parser_token.cj:13:21:
   | 
13 |         return this.simpleName ?? "Token"
   |                     ^^^^^^^^^^ 
   | 

error[0m: mismatched types
  ==> src\parser_token.cj:36:17:
   | 
36 |         return (this as Doctype)
   |                 ^^^^^^^^^^^^^^^ expected 'Class-Doctype', found 'Enum-Option<Class-Doctype>'
   | 

error[0m: mismatched types
  ==> src\parser_token.cj:42:17:
   | 
42 |         return (this as StartTag)
   |                 ^^^^^^^^^^^^^^^^ expected 'Class-StartTag', found 'Enum-Option<Class-StartTag>'
   | 

error[0m: mismatched types
  ==> src\parser_token.cj:48:17:
   | 
48 |         return (this as EndTag)
   |                 ^^^^^^^^^^^^^^ expected 'Class-EndTag', found 'Enum-Option<Class-EndTag>'
   | 

error[0m: mismatched types
  ==> src\parser_token.cj:66:17:
   | 
66 |         return (this as XmlDecl)
   |                 ^^^^^^^^^^^^^^^ expected 'Class-XmlDecl', found 'Enum-Option<Class-XmlDecl>'
   | 

error[0m: 'clear' is not a member of enum 'Option<Class-StringBuilder>'
  ==> src\parser_token.cj:75:12:
   | 
75 |         sb.clear()
   |            ^^^^^ 
   | 

error[0m: mismatched types
   ==> src\parser_token.cj:143:26:
    | 
143 |             attrValEnd = UnsetPos
    |                          ^^^^^^^^ expected 'Int64', found '() -> Int64'
    | 

error[0m: type incompatible in this assignment
   ==> src\parser_token.cj:143:13:
    | 
143 |             attrValEnd = UnsetPos
    |             ^ 
    | 

error[0m: 'treeBuilder' is not a member of class 'StartTag'
   ==> src\parser_token.cj:174:27:
    | 
174 |             let r = start.treeBuilder.reader
    |                           ^^^^^^^^^^^ 
    | 

error[0m: 'treeBuilder' is not a member of class 'StartTag'
   ==> src\parser_token.cj:175:34:
    | 
175 |             let preserve = start.treeBuilder.settings.preserveAttributeCase()
    |                                  ^^^^^^^^^^^ 
    | 

error[0m: no matching function declaration for function call 'sourceRange'
   ==> src\parser_token.cj:180:41:
    | 
180 |             if (attributes.getOrThrow().sourceRange(name).nameRange().isTracked()) {
    |                                         ^ 
    | 

error[0m: 'AttributeRange' is not a member of class 'Range'
   ==> src\parser_token.cj:187:53:
    | 
187 |             let range: Range.AttributeRange = Range.AttributeRange(Range(Range.Position(attrNameStart, r.lineNumber(attrNameStart), r.columnNumber(attrNameStart)), Range.Position(attrNameEnd, r.lineNumber(attrNameEnd), r.columnNumber(attrNameEnd))), Range(Range.Position(attrValStart, r.lineNumber(attrValStart), r.columnNumber(attrValStart)), Range.Position(attrValEnd, r.lineNumber(attrValEnd), r.columnNumber(attrValEnd))))
    |                                                     ^^^^^^^^^^^^^^ 
    | 

error[0m: no matching function declaration for function call 'sourceRange'
   ==> src\parser_token.cj:188:37:
    | 
188 |             attributes.getOrThrow().sourceRange(name, range)
    |                                     ^ 
    | 

error[0m: 'MaxAttributes' is not a member of class 'Tag'
   ==> src\parser_token.cj:153:73:
    | 
153 |         if (attrName.hasData() && (attributes.getOrThrow().size() < Tag.MaxAttributes)) {
    |                                                                         ^^^^^^^^^^^^^ 
    | 

error[0m: extra argument given for parameter list '()' in call
   ==> src\parser_token.cj:155:34:
    | 
155 |             name = name.trimAscii({ it => it <= r' ' })
    |                                  ^^^^^^^^^^^^^^^^^^^^^^ expected 0 arguments, found 1
    | 
note[0m: found candidate
   ==> (package std.core)string.cj:670:17:

error[0m: 'ifEmpty' is not a member of struct 'String'
   ==> src\parser_token.cj:211:21:
    | 
211 |         return name.ifEmpty({ => "[unset]" })
    |                     ^^^^^^^ 
    | 

error[0m: 'nullChar' is not a member of enum 'TokeniserState'
   ==> src\parser_token.cj:219:52:
    | 
219 |         let append = append.replace(TokeniserState.nullChar, Tokeniser.ReplacementChar)
    |                                                    ^^^^^^^^ 
    | 

error[0m: 'nullChar' is not a member of enum 'TokeniserState'
   ==> src\parser_token.cj:227:52:
    | 
227 |         let append = append.replace(TokeniserState.nullChar, Tokeniser.ReplacementChar)
    |                                                    ^^^^^^^^ 
    | 

error[0m: invalid binary operator '>' on type 'Int64' and '() -> Int64'
   ==> src\parser_token.cj:254:47:
    | 
254 |             attrNameStart = if (attrNameStart > UnsetPos) {
    |                                               ^ 
    | 
    # note: you may want to implement 'operator func >(right: () -> Int64)' for type 'Int64'

error[0m: invalid binary operator '>' on type 'Int64' and '() -> Int64'
   ==> src\parser_token.cj:264:45:
    | 
264 |             attrValStart = if (attrValStart > UnsetPos) {
    |                                             ^ 
    | 
    # note: you may want to implement 'operator func >(right: () -> Int64)' for type 'Int64'

error[0m: 'appendCodePoint' is not a member of class 'StringBuilder'
  ==> src\parser_token_data.cj:32:34:
   | 
32 |             builder.getOrThrow().appendCodePoint(codepoint)
   |                                  ^^^^^^^^^^^^^^^ 
   | 

error[0m: 'appendCodePoint' is not a member of class 'StringBuilder'
  ==> src\parser_token_data.cj:35:34:
   | 
35 |             builder.getOrThrow().appendCodePoint(codepoint)
   |                                  ^^^^^^^^^^^^^^^ 
   | 

error[0m: 'concatToString' is not a member of struct 'Array<Rune>'
  ==> src\parser_token_data.cj:37:51:
   | 
37 |             _value = Character.toChars(codepoint).concatToString()
   |                                                   ^^^^^^^^^^^^^^ 
   | 

error[0m: extra arguments given for parameter list '()' in call
   ==> src\parser_token.cj:278:14:
    | 
278 |         super(TokenType.StartTag, treeBuilder)
    |              ^^^^^^^^^^^^^^^^^^^^^^^^^^^^^^^^^ expected 0 arguments, found 2
    | 
note[0m: found candidate
  ==> (package std.core)object.cj:14:18:

error[0m: 'reset' is not a member of class 'Object'
   ==> src\parser_token.cj:281:15:
    | 
281 |         super.reset()
    |               ^^^^^ 
    | 

error[0m: undeclared identifier 'attributes'
   ==> src\parser_token.cj:282:9:
    | 
282 |         attributes = None
    |         ^ 
    | 

error[0m: 'tagName' is not a member of class 'StartTag'
   ==> src\parser_token.cj:286:14:
    | 
286 |         this.tagName.set(name)
    |              ^^^^^^^ 
    | 

error[0m: 'attributes' is not a member of class 'StartTag'
   ==> src\parser_token.cj:287:14:
    | 
287 |         this.attributes = attributes
    |              ^^^^^^^^^^ 
    | 

error[0m: undeclared identifier 'normalName'
   ==> src\parser_token.cj:288:9:
    | 
288 |         normalName = ParseSettings.normalName(name)
    |         ^ 
    | 

error[0m: undeclared identifier 'selfClosing'
   ==> src\parser_token.cj:292:26:
    | 
292 |         let closer = if (selfClosing) {
    |                          ^ 
    | 

error[0m: undeclared identifier 'hasAttributes'
   ==> src\parser_token.cj:297:20:
    | 
297 |         return if (hasAttributes() && (attributes.size() > 0)) {
    |                    ^ 
    | 

error[0m: undeclared identifier 'attributes'
   ==> src\parser_token.cj:297:40:
    | 
297 |         return if (hasAttributes() && (attributes.size() > 0)) {
    |                                        ^ 
    | 

error[0m: undeclared identifier 'toStringName'
   ==> src\parser_token.cj:298:17:
    | 
298 |             "<${toStringName()} ${attributes}${closer}"
    |                 ^ 
    | 

error[0m: undeclared identifier 'attributes'
   ==> src\parser_token.cj:298:35:
    | 
298 |             "<${toStringName()} ${attributes}${closer}"
    |                                   ^ 
    | 

error[0m: undeclared identifier 'toStringName'
   ==> src\parser_token.cj:300:17:
    | 
300 |             "<${toStringName()}${closer}"
    |                 ^ 
    | 

error[0m: extra arguments given for parameter list '()' in call
   ==> src\parser_token.cj:307:14:
    | 
307 |         super(TokenType.EndTag, treeBuilder)
    |              ^^^^^^^^^^^^^^^^^^^^^^^^^^^^^^^ expected 0 arguments, found 2
    | 
note[0m: found candidate
  ==> (package std.core)object.cj:14:18:

error[0m: undeclared identifier 'toStringName'
   ==> src\parser_token.cj:310:21:
    | 
310 |         return "</${toStringName()}>"
    |                     ^ 
    | 

error[0m: ambiguous use of 'startPos'
   ==> src\parser_token.cj:349:9:
    | 
349 |         this.startPos = source.startPos
    |         ^^^^^^^^^^^^^ 
    | 
note[0m: found candidate
  ==> src\parser_token.cj:20:22:
   | 
20 |     public open func startPos(): Int64 {
   |                      ^^^^^^^^ 
   | 
note[0m: found candidate
  ==> src\parser_token.cj:23:22:
   | 
23 |     public open func startPos(pos: Int64) {
   |                      ^^^^^^^^ 
   | 

error[0m: ambiguous use of 'endPos'
   ==> src\parser_token.cj:350:9:
    | 
350 |         this.endPos = source.endPos
    |         ^^^^^^^^^^^ 
    | 
note[0m: found candidate
  ==> src\parser_token.cj:26:22:
   | 
26 |     public open func endPos(): Int64 {
   |                      ^^^^^^ 
   | 
note[0m: found candidate
  ==> src\parser_token.cj:29:22:
   | 
29 |     public open func endPos(pos: Int64) {
   |                      ^^^^^^ 
   | 

error[0m: 'nullChar' is not a member of enum 'TokeniserState'
   ==> src\parser_token.cj:374:41:
    | 
374 |         if (data.indexOf(TokeniserState.nullChar) == -1) {
    |                                         ^^^^^^^^ 
    | 

error[0m: 'nullChar' is not a member of enum 'TokeniserState'
   ==> src\parser_token.cj:385:31:
    | 
385 |         return TokeniserState.nullChar.toString()
    |                               ^^^^^^^^ 
    | 

error[0m: 'data' is not a member of class 'CData'
   ==> src\parser_token.cj:391:14:
    | 
391 |         this.data(data)
    |              ^^^^ 
    | 

error[0m: undeclared identifier 'data'
   ==> src\parser_token.cj:394:28:
    | 
394 |         return "<![CDATA[${data}]]>"
    |                            ^ 
    | 

error[0m: extra arguments given for parameter list '()' in call
   ==> src\parser_token.cj:400:14:
    | 
400 |         super(TokenType.XmlDecl, treeBuilder)
    |              ^^^^^^^^^^^^^^^^^^^^^^^^^^^^^^^^ expected 0 arguments, found 2
    | 
note[0m: found candidate
  ==> (package std.core)object.cj:14:18:

error[0m: 'reset' is not a member of class 'Object'
   ==> src\parser_token.cj:404:15:
    | 
404 |         super.reset()
    |               ^^^^^ 
    | 

error[0m: undeclared identifier 'hasAttributes'
   ==> src\parser_token.cj:419:20:
    | 
419 |         return if (hasAttributes() && (attributes.size > 0)) {
    |                    ^ 
    | 

error[0m: undeclared identifier 'attributes'
   ==> src\parser_token.cj:419:40:
    | 
419 |         return if (hasAttributes() && (attributes.size > 0)) {
    |                                        ^ 
    | 

error[0m: undeclared identifier 'toStringName'
   ==> src\parser_token.cj:420:25:
    | 
420 |             "${`open`}${toStringName()} ${attributes}${close}"
    |                         ^ 
    | 

error[0m: undeclared identifier 'attributes'
   ==> src\parser_token.cj:420:43:
    | 
420 |             "${`open`}${toStringName()} ${attributes}${close}"
    |                                           ^ 
    | 

error[0m: undeclared identifier 'toStringName'
   ==> src\parser_token.cj:422:25:
    | 
422 |             "${`open`}${toStringName()}${close}"
    |                         ^ 
    | 

error[0m: type of left operand does not support coalescing operation. coalescing is only valid for 'Option'
  ==> src\parser_token_data.cj:65:16:
   | 
65 |         return builder.toString() ?? (_value ?? "")
   |                ^ 
   | 

error[0m: undeclared identifier 'isLetterOrDigit'
  ==> src\parser_token_queue.cj:47:33:
   | 
47 |         return reader.current().isLetterOrDigit()
   |                                 ^^^^^^^^^^^^^^^ 
   | 

error[0m: undeclared identifier 'loop'
  ==> src\parser_token_queue.cj:59:9:
   | 
59 |         loop
   |         ^ 
   | 

error[0m: undeclared identifier 'append'
   ==> src\parser_token_queue.cj:145:17:
    | 
145 |                 append(identifier)
    |                 ^ 
    | 

error[0m: 'toIntOrNull' is not a member of struct 'String'
   ==> src\parser_token_queue.cj:181:26:
    | 
181 |             let cp = hex.toIntOrNull(16) ?? throw
    |                          ^^^^^^^^^^^ 
    | 

error[0m: 'appendCodePoint' is not a member of class 'StringBuilder'
   ==> src\parser_token_queue.cj:184:21:
    | 
184 |                 out.appendCodePoint(cp)
    |                     ^^^^^^^^^^^^^^^ 
    | 

error[0m: mismatched types
   ==> src\parser_token_queue.cj:241:29:
    | 
241 |         if (!input.contains(TokenQueue.ESC)) {
    |                             ^^^^^^^^^^^^^^ expected 'Struct-String', found 'Rune'
    | 

error[0m: undeclared identifier 'append'
   ==> src\parser_token_queue.cj:296:36:
    | 
296 |         out.append(TokenQueue.ESC).append(c)
    |                                    ^^^^^^ 
    | 

error[0m: undeclared identifier 'append'
   ==> src\parser_token_queue.cj:299:36:
    | 
299 |         out.append(TokenQueue.ESC).append(Int64(UInt32(c)).toString(radix: 16)).append(r' ')
    |                                    ^^^^^^ 
    | 

error[0m: 'isAsciiNumber' is not a member of class 'StringUtil'
   ==> src\parser_token_queue.cj:273:32:
    | 
273 |                 if (StringUtil.isAsciiNumber(q.current())) {
    |                                ^^^^^^^^^^^^^ 
    | 

error[0m: 'isAsciiNumber' is not a member of class 'StringUtil'
   ==> src\parser_token_queue.cj:277:31:
    | 
277 |         } else if (StringUtil.isAsciiNumber(firstChar)) {
    |                               ^^^^^^^^^^^^^ 
    | 

error[0m: 'isAsciiNumber' is not a member of class 'StringUtil'
   ==> src\parser_token_queue.cj:308:62:
    | 
308 |         return ((c == TokenQueue.HYPHEN_MINUS) || StringUtil.isAsciiNumber(c)) || isIdentStart(c)
    |                                                              ^^^^^^^^^^^^^ 
    | 

error[0m: undeclared identifier 'isSurrogate'
   ==> src\parser_token_queue.cj:314:104:
    | 
314 |         return ((codePoint != 0) && Character.isValidCodePoint(codePoint)) && !Rune(UInt32(codePoint)).isSurrogate()
    |                                                                                                        ^^^^^^^^^^^ 
    | 

error[0m: 'StartTag' is not a member of class 'Token'
  ==> src\parser_tokeniser.cj:14:35:
   | 
14 |         this.startPending = Token.StartTag(treeBuilder)
   |                                   ^^^^^^^^ 
   | 

error[0m: 'EndTag' is not a member of class 'Token'
  ==> src\parser_tokeniser.cj:15:33:
   | 
15 |         this.endPending = Token.EndTag(treeBuilder)
   |                                 ^^^^^^ 
   | 

error[0m: 'Character' is not a member of class 'Token'
  ==> src\parser_tokeniser.cj:28:29:
   | 
28 |     let charPending = Token.Character()
   |                             ^^^^^^^^^ 
   | 

error[0m: 'Doctype' is not a member of class 'Token'
  ==> src\parser_tokeniser.cj:29:47:
   | 
29 |     let doctypePending: Token.Doctype = Token.Doctype()
   |                                               ^^^^^^^ 
   | 

error[0m: 'Comment' is not a member of class 'Token'
  ==> src\parser_tokeniser.cj:30:47:
   | 
30 |     let commentPending: Token.Comment = Token.Comment()
   |                                               ^^^^^^^ 
   | 

error[0m: undeclared identifier 'IntArray'
  ==> src\parser_tokeniser.cj:36:27:
   | 
36 |     let codepointHolder = IntArray(1)
   |                           ^ 
   | 

error[0m: undeclared identifier 'IntArray'
  ==> src\parser_tokeniser.cj:37:28:
   | 
37 |     let multipointHolder = IntArray(2)
   |                            ^ 
   | 

error[0m: 'read' is not a member of enum 'TokeniserState'
  ==> src\parser_tokeniser.cj:40:19:
   | 
40 |             state.read(this, reader)
   |                   ^^^^ 
   | 

error[0m: undeclared identifier 'checkNotNull'
  ==> src\parser_tokeniser.cj:46:13:
   | 
46 |             checkNotNull(emitPending)
   |             ^ 
   | 

error[0m: 'TokenType' is not a member of class 'Token'
  ==> src\parser_tokeniser.cj:57:24:
   | 
57 |             case Token.TokenType.StartTag => 
   |                        ^^^^^^^^^ 
   | 

error[0m: undeclared identifier 'StartTag'
  ==> src\parser_tokeniser.cj:57:18:
   | 
57 |             case Token.TokenType.StartTag => 
   |                  ^ 
   | 

error[0m: 'TokenType' is not a member of class 'Token'
  ==> src\parser_tokeniser.cj:61:24:
   | 
61 |             case Token.TokenType.EndTag => 
   |                        ^^^^^^^^^ 
   | 

error[0m: undeclared identifier 'EndTag'
  ==> src\parser_tokeniser.cj:61:18:
   | 
61 |             case Token.TokenType.EndTag => 
   |                  ^ 
   | 

error[0m: no matching function declaration for function call 'emit'
  ==> src\parser_tokeniser.cj:79:9:
   | 
79 |         emit(codepoints.codePointsToString())
   |         ^ 
   | 

error[0m: generic type should be used with type argument
  ==> src\parser_tokeniser.cj:93:20:
   | 
93 |             return None
   |                    ^ 
   | 

error[0m: generic type should be used with type argument
  ==> src\parser_tokeniser.cj:96:20:
   | 
96 |             return None
   |                    ^ 
   | 

error[0m: generic type should be used with type argument
  ==> src\parser_tokeniser.cj:99:20:
   | 
99 |             return None
   |                    ^ 
   | 

error[0m: 'add' is not a member of class 'ParseErrorList'
   ==> src\parser_tokeniser.cj:238:20:
    | 
238 |             errors.add(ParseError(reader, "Invalid character reference: ${message}"))
    |                    ^^^ 
    | 

error[0m: undeclared identifier 'intArrayOf'
   ==> src\parser_tokeniser.cj:271:16:
    | 
271 |         return intArrayOf(0x20AC, 0x0081, 0x201A, 0x0192, 0x201E, 0x2026, 0x2020, 0x2021, 0x02C6, 0x2030, 0x0160, 0x2039, 0x0152, 0x008D, 0x017D, 0x008F, 0x0090, 0x2018, 0x2019, 0x201C, 0x201D, 0x2022, 0x2013, 0x2014, 0x02DC, 0x2122, 0x0161, 0x203A, 0x0153, 0x009D, 0x017E, 0x0178)
    |                ^ 
    | 

error[0m: generic type should be used with type argument
   ==> src\parser_tokeniser.cj:113:24:
    | 
113 |                 return None
    |                        ^ 
    | 

error[0m: generic type should be used with type argument
   ==> src\parser_tokeniser.cj:149:28:
    | 
149 |                     return None
    |                            ^ 
    | 

error[0m: generic type should be used with type argument
   ==> src\parser_tokeniser.cj:153:28:
    | 
153 |                     return None
    |                            ^ 
    | 

error[0m: generic type should be used with type argument
   ==> src\parser_tokeniser.cj:160:24:
    | 
160 |                 return None
    |                        ^ 
    | 

error[0m: no matching function declaration for function call 'emit'
   ==> src\parser_tokeniser.cj:193:9:
    | 
193 |         emit(tagPending)
    |         ^ 
    | 

error[0m: no matching function declaration for function call 'emit'
   ==> src\parser_tokeniser.cj:199:9:
    | 
199 |         emit(commentPending)
    |         ^ 
    | 

error[0m: no matching function declaration for function call 'emit'
   ==> src\parser_tokeniser.cj:209:9:
    | 
209 |         emit(doctypePending)
    |         ^ 
    | 

error[0m: 'toAsciiLower' is not a member of enum 'Option<Struct-String>'
   ==> src\parser_tokeniser.cj:215:93:
    | 
215 |         return (lastStartTag.isSome()) && (tagPending.name().toAsciiLower() == lastStartTag.toAsciiLower())
    |                                                                                             ^^^^^^^^^^^^ 
    | 

error[0m: 'add' is not a member of class 'ParseErrorList'
   ==> src\parser_tokeniser.cj:228:20:
    | 
228 |             errors.add(ParseError(reader, "Unexpected character '${reader.current()}' in input state [${state}]"))
    |                    ^^^ 
    | 

error[0m: 'add' is not a member of class 'ParseErrorList'
   ==> src\parser_tokeniser.cj:233:20:
    | 
233 |             errors.add(ParseError(reader, "Unexpectedly reached end of file (EOF) in input state [${state}]"))
    |                    ^^^ 
    | 

error[0m: 'add' is not a member of class 'ParseErrorList'
   ==> src\parser_tokeniser.cj:243:20:
    | 
243 |             errors.add(ParseError(reader, errorMsg))
    |                    ^^^ 
    | 

error[0m: 'appendCodePoint' is not a member of class 'StringBuilder'
   ==> src\parser_tokeniser.cj:256:29:
    | 
256 |                     builder.appendCodePoint(c[0])
    |                             ^^^^^^^^^^^^^^^ 
    | 

error[0m: 'appendCodePoint' is not a member of class 'StringBuilder'
   ==> src\parser_tokeniser.cj:258:33:
    | 
258 |                         builder.appendCodePoint(c[1])
    |                                 ^^^^^^^^^^^^^^^ 
    | 

error[0m: 'sortedArray' is not a member of struct 'Array<Rune>'
   ==> src\parser_tokeniser.cj:267:69:
    | 
267 |         return [r'\t', r'\n', r'\r', r'\u{000c}', r' ', r'<', r'&'].sortedArray()
    |                                                                     ^^^^^^^^^^^ 
    | 

error[0m: 'func' can not be assigned
  ==> src\parser_tree_builder.cj:65:9:
   | 
65 |         this.nodeListener = nodeListener
   |         ^^^^^^^^^^^^^^^^^ 
   | 

error[0m: 'TokenType' is not a member of class 'Token'
  ==> src\parser_tree_builder.cj:73:42:
   | 
73 |         if (currentToken.`type` == Token.TokenType.EOF) {
   |                                          ^^^^^^^^^ 
   | 

error[0m: 'StartTag' is not a member of class 'Token'
  ==> src\parser_tree_builder.cj:94:34:
   | 
94 |             return process(Token.StartTag(this).name(name))
   |                                  ^^^^^^^^ 
   | 

error[0m: 'StartTag' is not a member of class 'Token'
   ==> src\parser_tree_builder.cj:101:34:
    | 
101 |             return process(Token.StartTag(this).nameAttr(name, attrs))
    |                                  ^^^^^^^^ 
    | 

error[0m: 'EndTag' is not a member of class 'Token'
   ==> src\parser_tree_builder.cj:109:34:
    | 
109 |             return process(Token.EndTag(this).name(name))
    |                                  ^^^^^^ 
    | 

error[0m: 'remove' is not a member of enum 'Option<Class-ArrayList<Enum-Option<Class-Element>>>'
   ==> src\parser_tree_builder.cj:117:20:
    | 
117 |             _stack.remove(at: size - 1)
    |                    ^^^^^^ 
    | 

error[0m: generic type should be used with type argument
   ==> src\parser_tree_builder.cj:119:13:
    | 
119 |             None
    |             ^ 
    | 

error[0m: enum pattern is not matched
   ==> src\parser_tree_builder.cj:121:17:
    | 
121 |         if (let Some(it) <- removed) {
    |                 ^ 
    | 

error[0m: undeclared identifier 'it'
   ==> src\parser_tree_builder.cj:122:26:
    | 
122 |             onNodeClosed(it)
    |                          ^ 
    | 

error[0m: mismatched types
   ==> src\parser_tree_builder.cj:149:13:
    | 
149 |             _stack.getOrThrow()[size - 1]
    |             ^^^^^^^^^^^^^^^^^^^^^^^^^^^^^ expected 'Class-Element', found 'Enum-Option<Class-Element>'
    | 

error[0m: invalid binary operator '==' on type 'Struct-String' and 'Enum-Option<Struct-String>'
   ==> src\parser_tree_builder.cj:159:38:
    | 
159 |         return (current.normalName() == normalName) && (current.tag().namespace() == NamespaceHtml)
    |                                      ^^ 
    | 
    # note: you may want to implement 'operator func ==(right: Enum-Option<Struct-String>)' for type 'Struct-String'

error[0m: no matching function declaration for function call 'tag'
   ==> src\parser_tree_builder.cj:159:65:
    | 
159 |         return (current.normalName() == normalName) && (current.tag().namespace() == NamespaceHtml)
    |                                                                 ^ 
    | 

error[0m: undeclared identifier 'NamespaceHtml'
   ==> src\parser_tree_builder.cj:159:86:
    | 
159 |         return (current.normalName() == normalName) && (current.tag().namespace() == NamespaceHtml)
    |                                                                                      ^ 
    | 

error[0m: invalid binary operator '==' on type 'Struct-String' and 'Enum-Option<Struct-String>'
   ==> src\parser_tree_builder.cj:166:38:
    | 
166 |         return (current.normalName() == normalName) && (current.tag().namespace() == namespace)
    |                                      ^^ 
    | 
    # note: you may want to implement 'operator func ==(right: Enum-Option<Struct-String>)' for type 'Struct-String'

error[0m: no matching function declaration for function call 'tag'
   ==> src\parser_tree_builder.cj:166:65:
    | 
166 |         return (current.normalName() == normalName) && (current.tag().namespace() == namespace)
    |                                                                 ^ 
    | 

error[0m: no matching function declaration for function call 'valueOf'
   ==> src\parser_tree_builder.cj:175:23:
    | 
175 |         return tagSet.valueOf(tagName, normalName, namespace, settings.preserveTagCase())
    |                       ^ 
    | 

error[0m: no matching function declaration for function call 'valueOf'
   ==> src\parser_tree_builder.cj:178:23:
    | 
178 |         return tagSet.valueOf(token.name(), token.normalName, defaultNamespace(), settings.preserveTagCase())
    |                       ^ 
    | 

error[0m: undeclared identifier 'NamespaceHtml'
   ==> src\parser_tree_builder.cj:181:16:
    | 
181 |         return NamespaceHtml
    |                ^ 
    | 

error[0m: mismatched types
  ==> src\parser_xml_tree_builder.cj:19:16:
   | 
19 |         return ParseSettings.preserveCase
   |                ^^^^^^^^^^^^^^^^^^^^^^^^^^ expected 'Class-ParseSettings', found '() -> Class-ParseSettings'
   | 

error[0m: 'OutputSettings' is not a member of class 'Document'
  ==> src\parser_xml_tree_builder.cj:23:46:
   | 
23 |         doc.outputSettings().syntax(Document.OutputSettings.Syntax.xml).escapeMode(Entities.EscapeMode.xhtml).prettyPrint(false)
   |                                              ^^^^^^^^^^^^^^ 
   | 

error[0m: undeclared identifier 'NamespaceXml'
  ==> src\parser_xml_tree_builder.cj:26:21:
   | 
26 |         ns["xml"] = NamespaceXml
   |                     ^ 
   | 

error[0m: undeclared identifier 'NamespaceXml'
  ==> src\parser_xml_tree_builder.cj:27:18:
   | 
27 |         ns[""] = NamespaceXml
   |                  ^ 
   | 

error[0m: 'add' is not a member of class 'ArrayDeque<Class-HashMap<Struct-String, Struct-String>>'
  ==> src\parser_xml_tree_builder.cj:28:25:
   | 
28 |         namespacesStack.add(ns)
   |                         ^^^ 
   | 

error[0m: no matching function declaration for function call 'tag'
  ==> src\parser_xml_tree_builder.cj:35:63:
   | 
35 |         let textState: ?TokeniserState = context.getOrThrow().tag().textState()
   |                                                               ^ 
   | 

error[0m: 'add' is not a member of class 'Elements'
  ==> src\parser_xml_tree_builder.cj:41:15:
   | 
41 |         chain.add(0, context)
   |               ^^^ 
   | 

error[0m: the type Class-Attributes of expression in for-in expression does not implement Iterator
   ==> src\parser_xml_tree_builder.cj:181:22:
    | 
181 |         for (attr in attributes) {
    |                      ^ 
    | 

error[0m: 'put' is not a member of class 'HashMap<Struct-String, Struct-String>'
   ==> src\parser_xml_tree_builder.cj:185:28:
    | 
185 |                 namespaces.put("", value)
    |                            ^^^ 
    | 

error[0m: ambiguous match for function call '__k2cjRuneSlice'
   ==> src\parser_xml_tree_builder.cj:187:32:
    | 
187 |                 let nsPrefix = __k2cjRuneSlice(key, XmlTreeBuilder.XmlnsPrefix.toRuneArray().size, key.toRuneArray().size)
    |                                ^ 
    | 
note[0m: found candidate
 ==> src\internal_urlutil.cj:5:6:
  | 
5 | func __k2cjRuneSlice(input: String, start: Int64, end: Int64): String {
  |      ^ 
  | 
note[0m: found candidate
 ==> src\nodes_attribute.cj:5:6:
  | 
5 | func __k2cjRuneSlice(input: String, start: Int64, end: Int64): String {
  |      ^ 
  | 
note[0m: found candidate
 ==> src\nodes_node.cj:5:6:
  | 
5 | func __k2cjRuneSlice(input: String, start: Int64, end: Int64): String {
  |      ^ 
  | 
note[0m: found candidate
 ==> src\nodes_text_node.cj:3:6:
  | 
3 | func __k2cjRuneSlice(input: String, start: Int64, end: Int64): String {
  |      ^ 
  | 
note[0m: found candidate
 ==> src\parser_tag.cj:3:6:
  | 
3 | func __k2cjRuneSlice(input: String, start: Int64, end: Int64): String {
  |      ^ 
  | 
note[0m: found candidate
 ==> src\parser_xml_tree_builder.cj:5:6:
  | 
5 | func __k2cjRuneSlice(input: String, start: Int64, end: Int64): String {
  |      ^ 
  | 
note[0m: found candidate
 ==> src\select_evaluator.cj:5:6:
  | 
5 | func __k2cjRuneSlice(input: String, start: Int64, end: Int64): String {
  |      ^ 
  | 
note[0m: found candidate
 ==> src\select_query_parser.cj:5:6:
  | 
5 | func __k2cjRuneSlice(input: String, start: Int64, end: Int64): String {
  |      ^ 
  | 

error[0m: 'put' is not a member of class 'HashMap<Struct-String, Struct-String>'
   ==> src\parser_xml_tree_builder.cj:188:28:
    | 
188 |                 namespaces.put(nsPrefix, value)
    |                            ^^^ 
    | 

error[0m: 'size' is not a member of class 'Elements'
  ==> src\parser_xml_tree_builder.cj:42:26:
   | 
42 |         for (i in (chain.size - 1)..=0 : -1) {
   |                          ^^^^ 
   | 

error[0m: invalid subscript operator [] on type 'Class-ArrayDeque<Class-HashMap<Struct-String, Struct-String>>' with index type 'Int64'
  ==> src\parser_xml_tree_builder.cj:44:39:
   | 
44 |             let namespaces = HashMap([namespacesStack[0]])
   |                                       ^^^^^^^^^^^^^^^^^^ 
   | 
   # note: you may want to implement 'operator func [](index0: Int64)' for type 'Class-ArrayDeque<Class-HashMap<Struct-String, Struct-String>>'

error[0m: invalid named arguments prefix 'baseUri:', target is not a named parameter
  ==> src\parser_xml_tree_builder.cj:55:29:
   | 
55 |         return parse(input, baseUri: baseUri ?? "", Parser(this))
   |                             ^ 
   | 

error[0m: invalid named arguments prefix 'baseUri:', target is not a named parameter
  ==> src\parser_xml_tree_builder.cj:58:43:
   | 
58 |         return parse(StringReader(input), baseUri: baseUri ?? "", Parser(this))
   |                                           ^ 
   | 

error[0m: undeclared identifier 'NamespaceXml'
  ==> src\parser_xml_tree_builder.cj:64:16:
   | 
64 |         return NamespaceXml
   |                ^ 
   | 

error[0m: 'firstOrNull' is not a member of class 'ArrayDeque<Class-HashMap<Struct-String, Struct-String>>'
  ==> src\parser_xml_tree_builder.cj:86:51:
   | 
86 |         let namespaces = HashMap([namespacesStack.firstOrNull() ?? HashMap()])
   |                                                   ^^^^^^^^^^^ 
   | 

error[0m: the type Class-Attributes of expression in for-in expression does not implement Iterator
   ==> src\parser_xml_tree_builder.cj:194:22:
    | 
194 |         for (attr in attributes) {
    |                      ^ 
    | 

error[0m: enum pattern is not matched
   ==> src\parser_xml_tree_builder.cj:201:25:
    | 
201 |                 if (let Some(nsValue) <- ns) {
    |                         ^ 
    | 

error[0m: undeclared identifier 'nsValue'
   ==> src\parser_xml_tree_builder.cj:202:30:
    | 
202 |                     let ns = nsValue
    |                              ^ 
    | 

error[0m: 'put' is not a member of class 'HashMap<Struct-String, Struct-String>'
   ==> src\parser_xml_tree_builder.cj:203:32:
    | 
203 |                     attrPrefix.put(SharedConstants.XmlnsAttr + prefix, ns)
    |                                ^^^ 
    | 

error[0m: mismatched types
   ==> src\parser_xml_tree_builder.cj:208:44:
    | 
208 |             attributes.userData(entry.key, entry.value)
    |                                            ^^^^^^^^^^^ expected 'Enum-Option<Class-Object>', found 'Struct-String'
    | 

error[0m: enum pattern is not matched
  ==> src\parser_xml_tree_builder.cj:89:17:
   | 
89 |         if (let Some(attributesValue) <- attributes) {
   |                 ^ 
   | 

error[0m: undeclared identifier 'attributesValue'
  ==> src\parser_xml_tree_builder.cj:90:30:
   | 
90 |             let attributes = attributesValue
   |                              ^ 
   | 

error[0m: no matching function declaration for function call 'tagFor'
  ==> src\parser_xml_tree_builder.cj:99:19:
   | 
99 |         let tag = tagFor(tagName, startTag.normalName, ns, settings)
   |                   ^ 
   | 

error[0m: no matching constructor for call 'Element'
   ==> src\parser_xml_tree_builder.cj:100:18:
    | 
100 |         let el = Element(tag, None, attributes)
    |                  ^ 
    | 

error[0m: enum pattern is not matched
   ==> src\parser_xml_tree_builder.cj:110:21:
    | 
110 |             if (let Some(textStateValue) <- textState) {
    |                     ^ 
    | 

error[0m: undeclared identifier 'textStateValue'
   ==> src\parser_xml_tree_builder.cj:111:33:
    | 
111 |                 let textState = textStateValue
    |                                 ^ 
    | 

error[0m: 'nodeName' is not a member of enum 'Option<Class-Element>'
   ==> src\parser_xml_tree_builder.cj:162:22:
    | 
162 |             if (next.nodeName() == elName) {
    |                      ^^^^^^^^ 
    | 

error[0m: invalid binary operator '==' on type 'Enum-Option<Class-Element>' and 'Enum-Option<Class-Element>'
   ==> src\parser_xml_tree_builder.cj:172:22:
    | 
172 |             if (next == firstFound) {
    |                      ^^ 
    | 
    # note: you may want to implement 'operator func ==(right: Enum-Option<Class-Element>)' for type 'Enum-Option<Class-Element>'

error[0m: mismatched types
   ==> src\parser_xml_tree_builder.cj:118:24:
    | 
118 |         onNodeInserted(node)
    |                        ^^^^ expected 'Class-Node', found 'Enum-Option<Class-LeafNode>'
    | 

error[0m: no matching function declaration for function call 'tag'
   ==> src\parser_xml_tree_builder.cj:128:37:
    | 
128 |         } else if (currentElement().tag().`is`(Tag.Data)) {
    |                                     ^ 
    | 

error[0m: enum pattern is not matched
   ==> src\parser_xml_tree_builder.cj:142:17:
    | 
142 |         if (let Some(it) <- token.attributes) {
    |                 ^ 
    | 

error[0m: 'TokenType' is not a member of class 'Token'
  ==> src\parser_xml_tree_builder.cj:75:24:
   | 
75 |             case Token.TokenType.StartTag => insertElementFor(token.asStartTag())
   |                        ^^^^^^^^^ 
   | 

error[0m: undeclared identifier 'StartTag'
  ==> src\parser_xml_tree_builder.cj:75:18:
   | 
75 |             case Token.TokenType.StartTag => insertElementFor(token.asStartTag())
   |                  ^ 
   | 

error[0m: 'TokenType' is not a member of class 'Token'
  ==> src\parser_xml_tree_builder.cj:76:24:
   | 
76 |             case Token.TokenType.EndTag => popStackToClose(token.asEndTag())
   |                        ^^^^^^^^^ 
   | 

error[0m: undeclared identifier 'EndTag'
  ==> src\parser_xml_tree_builder.cj:76:18:
   | 
76 |             case Token.TokenType.EndTag => popStackToClose(token.asEndTag())
   |                  ^ 
   | 

error[0m: 'TokenType' is not a member of class 'Token'
  ==> src\parser_xml_tree_builder.cj:77:24:
   | 
77 |             case Token.TokenType.Comment => insertCommentFor(token.asComment())
   |                        ^^^^^^^^^ 
   | 

error[0m: undeclared identifier 'Comment'
  ==> src\parser_xml_tree_builder.cj:77:18:
   | 
77 |             case Token.TokenType.Comment => insertCommentFor(token.asComment())
   |                  ^ 
   | 

error[0m: 'TokenType' is not a member of class 'Token'
  ==> src\parser_xml_tree_builder.cj:78:24:
   | 
78 |             case Token.TokenType.Character => insertCharacterFor(token.asCharacter())
   |                        ^^^^^^^^^ 
   | 

error[0m: undeclared identifier 'Character'
  ==> src\parser_xml_tree_builder.cj:78:18:
   | 
78 |             case Token.TokenType.Character => insertCharacterFor(token.asCharacter())
   |                  ^ 
   | 

error[0m: 'TokenType' is not a member of class 'Token'
  ==> src\parser_xml_tree_builder.cj:79:24:
   | 
79 |             case Token.TokenType.Doctype => insertDoctypeFor(token.asDoctype())
   |                        ^^^^^^^^^ 
   | 

error[0m: undeclared identifier 'Doctype'
  ==> src\parser_xml_tree_builder.cj:79:18:
   | 
79 |             case Token.TokenType.Doctype => insertDoctypeFor(token.asDoctype())
   |                  ^ 
   | 

error[0m: 'TokenType' is not a member of class 'Token'
  ==> src\parser_xml_tree_builder.cj:80:24:
   | 
80 |             case Token.TokenType.XmlDecl => insertXmlDeclarationFor(token.asXmlDecl())
   |                        ^^^^^^^^^ 
   | 

error[0m: undeclared identifier 'XmlDecl'
  ==> src\parser_xml_tree_builder.cj:80:18:
   | 
80 |             case Token.TokenType.XmlDecl => insertXmlDeclarationFor(token.asXmlDecl())
   |                  ^ 
   | 

error[0m: 'TokenType' is not a member of class 'Token'
  ==> src\parser_xml_tree_builder.cj:81:24:
   | 
81 |             case Token.TokenType.EOF => ()
   |                        ^^^^^^^^^ 
   | 

error[0m: undeclared identifier 'EOF'
  ==> src\parser_xml_tree_builder.cj:81:18:
   | 
81 |             case Token.TokenType.EOF => ()
   |                  ^ 
   | 

error[0m: 'remove' is not a member of class 'ArrayDeque<Class-HashMap<Struct-String, Struct-String>>'
   ==> src\parser_xml_tree_builder.cj:148:25:
    | 
148 |         namespacesStack.remove(at: 0)
    |                         ^^^^^^ 
    | 

error[0m: ambiguous match for function call '__k2cjRuneSlice'
   ==> src\parser_xml_tree_builder.cj:215:26:
    | 
215 |             let prefix = __k2cjRuneSlice(tagName, 0, pos)
    |                          ^ 
    | 
note[0m: found candidate
 ==> src\internal_urlutil.cj:5:6:
  | 
5 | func __k2cjRuneSlice(input: String, start: Int64, end: Int64): String {
  |      ^ 
  | 
note[0m: found candidate
 ==> src\nodes_attribute.cj:5:6:
  | 
5 | func __k2cjRuneSlice(input: String, start: Int64, end: Int64): String {
  |      ^ 
  | 
note[0m: found candidate
 ==> src\nodes_node.cj:5:6:
  | 
5 | func __k2cjRuneSlice(input: String, start: Int64, end: Int64): String {
  |      ^ 
  | 
note[0m: found candidate
 ==> src\nodes_text_node.cj:3:6:
  | 
3 | func __k2cjRuneSlice(input: String, start: Int64, end: Int64): String {
  |      ^ 
  | 
note[0m: found candidate
 ==> src\parser_tag.cj:3:6:
  | 
3 | func __k2cjRuneSlice(input: String, start: Int64, end: Int64): String {
  |      ^ 
  | 
note[0m: found candidate
 ==> src\parser_xml_tree_builder.cj:5:6:
  | 
5 | func __k2cjRuneSlice(input: String, start: Int64, end: Int64): String {
  |      ^ 
  | 
note[0m: found candidate
 ==> src\select_evaluator.cj:5:6:
  | 
5 | func __k2cjRuneSlice(input: String, start: Int64, end: Int64): String {
  |      ^ 
  | 
note[0m: found candidate
 ==> src\select_query_parser.cj:5:6:
  | 
5 | func __k2cjRuneSlice(input: String, start: Int64, end: Int64): String {
  |      ^ 
  | 

error[0m: cannot convert an integer literal to type 'Rune'
 ==> src\ported_character.cj:8:35:
  | 
8 |         this.MIN_HIGH_SURROGATE = 0xD800
  |                                   ^ 
  | 

error[0m: cannot convert an integer literal to type 'Rune'
 ==> src\ported_character.cj:9:34:
  | 
9 |         this.MIN_LOW_SURROGATE = 0xDC00
  |                                  ^ 
  | 

error[0m: cannot convert an integer literal to type 'Rune'
  ==> src\ported_character.cj:10:34:
   | 
10 |         this.MAX_LOW_SURROGATE = 0xDFFF
   |                                  ^ 
   | 

error[0m: undeclared identifier 'indices'
  ==> src\ported_character.cj:75:15:
   | 
75 |         if (!(indices.contains(index))) {
   |               ^ 
   | 

error[0m: undeclared identifier 'isHighSurrogate'
  ==> src\ported_character.cj:79:23:
   | 
79 |         if (firstChar.isHighSurrogate() && ((index + 1) < length)) {
   |                       ^^^^^^^^^^^^^^^ 
   | 

error[0m: invalid binary operator '<' on type 'Int64' and 'UInt32'
  ==> src\ported_character.cj:79:57:
   | 
79 |         if (firstChar.isHighSurrogate() && ((index + 1) < length)) {
   |                                                         ^ 
   | 
   # note: you may want to implement 'operator func <(right: UInt32)' for type 'Int64'

error[0m: undeclared identifier 'isLowSurrogate'
  ==> src\ported_character.cj:81:26:
   | 
81 |             if (nextChar.isLowSurrogate()) {
   |                          ^^^^^^^^^^^^^^ 
   | 

error[0m: mismatched types
  ==> src\ported_character.cj:82:46:
   | 
82 |                 return Character.toCodePoint(firstChar, nextChar)
   |                                              ^^^^^^^^^ expected 'Rune', found 'UInt8'
   | 

error[0m: undeclared identifier 'code'
  ==> src\ported_character.cj:85:26:
   | 
85 |         return firstChar.code
   |                          ^^^^ 
   | 

error[0m: undeclared identifier 'apply'
  ==> src\ported_character.cj:97:16:
   | 
97 |         return apply({ =>
   |                ^ 
   | 

error[0m: undeclared identifier 'require'
 ==> src\ported_code_point.cj:9:9:
  | 
9 |         require(Character.isValidCodePoint(value), { => "Not a valid code point" })
  |         ^ 
  | 

error[0m: 'MIN_SUPPLEMENTARY_CODE_POINT' is non-static member, cannot access by type name
  ==> src\ported_code_point.cj:11:41:
   | 
11 |     let charCount: Int64 = if (value >= Character.MIN_SUPPLEMENTARY_CODE_POINT) {
   |                                         ^ 
   | 

error[0m: 'concatToString' is not a member of struct 'Array<Rune>'
  ==> src\ported_code_point.cj:26:26:
   | 
26 |         return toChars().concatToString()
   |                          ^^^^^^^^^^^^^^ 
   | 

error[0m: undeclared identifier 'code'
  ==> src\ported_code_point.cj:38:31:
   | 
38 |         return CodePoint(this.code)
   |                               ^^^^ 
   | 

error[0m: undeclared identifier 'buildString'
 ==> src\ported_core_extensions.cj:8:13:
  | 
8 |             buildString({ it =>
  |             ^ 
  | 

error[0m: generic type should be used with type argument
  ==> src\ported_custom_mutable_map_iterator.cj:16:72:
   | 
16 |             (if (currentEntry is Node) { currentEntry as Node } else { None })?.remove()
   |                                                                        ^ 
   | 

error[0m: generics type arguments do not match the constraint of 'Class-HashMap<Generics-K, Generics-V>'
 ==> src\ported_identity_hash_map.cj:6:27:
  | 
6 |     let delegate: HashMap<IdentityWrapper<K>, V> = HashMap<IdentityWrapper<K>, V>()
  |                           ^ 
  | 
note[0m: 'Class-IdentityWrapper<Generics-K>' is not a subtype of 'Interface-Hashable'
   ==> (package std.collection)hash_map.cj:335:47:

error[0m: generics type arguments do not match the constraint of 'Class-HashMap<Generics-K, Generics-V>'
 ==> src\ported_identity_hash_map.cj:6:60:
  | 
6 |     let delegate: HashMap<IdentityWrapper<K>, V> = HashMap<IdentityWrapper<K>, V>()
  |                                                            ^ 
  | 
note[0m: 'Class-IdentityWrapper<Generics-K>' is not a subtype of 'Interface-Hashable'
   ==> (package std.collection)hash_map.cj:335:47:

error[0m: generics type arguments do not match the constraint of 'Class-HashSet<Generics-T>'
  ==> src\ported_identity_hash_map.cj:21:23:
   | 
21 |     let keys: HashSet<K>
   |                       ^ 
   | 
note[0m: 'Generics-K' is not a subtype of 'Interface-Hashable'
  ==> (package std.collection)hash_set.cj:28:41:

error[0m: generics type arguments do not match the constraint of 'Class-HashMap<Generics-K, Generics-V>'
  ==> src\ported_identity_hash_map.cj:29:47:
   | 
29 |     public override func putAll(from: HashMap<K, V>) {
   |                                               ^ 
   | 
note[0m: 'Generics-K' is not a subtype of 'Interface-Hashable'
   ==> (package std.collection)hash_map.cj:335:47:

error[0m: 'hashCode' is not found for generic type 'T' in its upper bounds
  ==> src\ported_identity_hash_map.cj:46:22:
   | 
46 |         return value.hashCode()
   |                      ^^^^^^^^ 
   | 

error[0m: 'value' is not a member of class 'Object'
  ==> src\ported_identity_hash_map.cj:49:74:
   | 
49 |         return (other is IdentityWrapper<Object>) && (other.getOrThrow().value == value)
   |                                                                          ^^^^^ 
   | 

error[0m: undeclared identifier 'get'
 ==> src\ported_ksoup_ext.cj:9:26:
  | 
9 |             let midVal = get(mid)
  |                          ^ 
  | 

error[0m: undeclared identifier 'compareValues'
  ==> src\ported_ksoup_ext.cj:10:23:
   | 
10 |             let cmp = compareValues(midVal, element)
   |                       ^ 
   | 

error[0m: undeclared identifier 'size'
  ==> src\ported_ksoup_ext.cj:45:20:
   | 
45 |         var high = size - 1
   |                    ^ 
   | 

error[0m: undeclared identifier 'get'
  ==> src\ported_ksoup_ext.cj:48:26:
   | 
48 |             let midVal = get(mid)
   |                          ^ 
   | 

error[0m: 'concatToString' is not a member of struct 'Array<Rune>'
 ==> src\ported_string.cj:5:26:
  | 
5 |         return charArray.concatToString(offset, offset + length)
  |                          ^^^^^^^^^^^^^^ 
  | 

error[0m: undeclared identifier 'ThreadLocalRef'
 ==> src\ported_thread_local.cj:8:26:
  | 
8 |     let threadLocalRef = ThreadLocalRef<T>()
  |                          ^ 
  | 

error[0m: 'DummyUri' is non-static member, cannot access by type name
  ==> src\safety_cleaner.cj:23:13:
   | 
23 |             SharedConstants.DummyUri
   |             ^ 
   | 

error[0m: mismatched types
  ==> src\safety_cleaner.cj:28:42:
   | 
28 |         let dirty = Document.createShell(baseUri)
   |                                          ^^^^^^^ expected 'Struct-String', found 'Enum-Option<Struct-String>'
   | 

error[0m: missing argument prefix 'errorList:' for named parameter
  ==> src\safety_cleaner.cj:30:92:
   | 
30 |         let nodes: ArrayList<Node> = Parser.parseFragment(bodyHtml, dirty.body(), baseUri, errorList)
   |                                                                                            ^^^^^^^^^ 
   | 

error[0m: 'isEmpty' is not a member of class 'ParseErrorList'
  ==> src\safety_cleaner.cj:33:49:
   | 
33 |         return (numDiscarded == 0) && errorList.isEmpty()
   |                                                 ^^^^^^^ 
   | 

error[0m: generics type arguments do not match the constraint of 'Class-HashSet<Generics-T>'
   ==> src\safety_safelist.cj:171:29:
    | 
171 |         let okSet: ?HashSet<AttributeKey> = attributes[tag]
    |                             ^ 
    | 
note[0m: 'Class-AttributeKey' is not a subtype of 'Interface-Hashable'
  ==> (package std.collection)hash_set.cj:28:41:

error[0m: generics type arguments do not match the constraint of 'Class-HashMap<Generics-K, Generics-V>'
   ==> src\safety_safelist.cj:171:45:
    | 
171 |         let okSet: ?HashSet<AttributeKey> = attributes[tag]
    |                                             ^ 
    | 
note[0m: 'Class-TagName' is not a subtype of 'Interface-Hashable'
   ==> (package std.collection)hash_map.cj:335:47:

error[0m: generics type arguments do not match the constraint of 'Class-HashSet<Generics-T>'
   ==> src\safety_safelist.cj:191:89:
    | 
191 |     public open func testValidProtocol(el: Element, attr: Attribute, protocols: HashSet<Protocol>): Bool {
    |                                                                                         ^ 
    | 
note[0m: 'Class-Protocol' is not a subtype of 'Interface-Hashable'
  ==> (package std.collection)hash_set.cj:28:41:

error[0m: undeclared identifier 'lowerCase'
   ==> src\safety_safelist.cj:209:17:
    | 
209 |             if (lowerCase(value).startsWith(prot)) {
    |                 ^ 
    | 

error[0m: generics type arguments do not match the constraint of 'Class-HashMap<Generics-K, Generics-V>'
   ==> src\safety_safelist.cj:173:24:
    | 
173 |             return if (protocols.contains(tag)) {
    |                        ^ 
    | 
note[0m: 'Class-TagName' is not a subtype of 'Interface-Hashable'
   ==> (package std.collection)hash_map.cj:335:47:

error[0m: generics type arguments do not match the constraint of 'Class-HashSet<Generics-T>'
   ==> src\safety_safelist.cj:174:62:
    | 
174 |                 let attrProts: HashMap<AttributeKey, HashSet<Protocol>> = protocols[tag]
    |                                                              ^ 
    | 
note[0m: 'Class-Protocol' is not a subtype of 'Interface-Hashable'
  ==> (package std.collection)hash_set.cj:28:41:

error[0m: generics type arguments do not match the constraint of 'Class-HashMap<Generics-K, Generics-V>'
   ==> src\safety_safelist.cj:174:40:
    | 
174 |                 let attrProts: HashMap<AttributeKey, HashSet<Protocol>> = protocols[tag]
    |                                        ^ 
    | 
note[0m: 'Class-AttributeKey' is not a subtype of 'Interface-Hashable'
   ==> (package std.collection)hash_map.cj:335:47:

error[0m: generics type arguments do not match the constraint of 'Class-HashMap<Generics-K, Generics-V>'
   ==> src\safety_safelist.cj:174:75:
    | 
174 |                 let attrProts: HashMap<AttributeKey, HashSet<Protocol>> = protocols[tag]
    |                                                                           ^ 
    | 
note[0m: 'Class-TagName' is not a subtype of 'Interface-Hashable'
   ==> (package std.collection)hash_map.cj:335:47:

error[0m: generics type arguments do not match the constraint of 'Class-HashMap<Generics-K, Generics-V>'
   ==> src\safety_safelist.cj:180:35:
    | 
180 |         let enforcedSet: ?HashMap<AttributeKey, AttributeValue> = enforcedAttributes[tag]
    |                                   ^ 
    | 
note[0m: 'Class-AttributeKey' is not a subtype of 'Interface-Hashable'
   ==> (package std.collection)hash_map.cj:335:47:

error[0m: generics type arguments do not match the constraint of 'Class-HashMap<Generics-K, Generics-V>'
   ==> src\safety_safelist.cj:180:67:
    | 
180 |         let enforcedSet: ?HashMap<AttributeKey, AttributeValue> = enforcedAttributes[tag]
    |                                                                   ^ 
    | 
note[0m: 'Class-TagName' is not a subtype of 'Interface-Hashable'
   ==> (package std.collection)hash_map.cj:335:47:

error[0m: the type Class-Attributes of expression in for-in expression does not implement Iterator
  ==> src\safety_cleaner.cj:47:28:
   | 
47 |         for (sourceAttr in sourceAttrs) {
   |                            ^ 
   | 

error[0m: no matching function declaration for function call 'put'
  ==> src\safety_cleaner.cj:49:27:
   | 
49 |                 destAttrs.put(sourceAttr)
   |                           ^ 
   | 

error[0m: invalid subscript operator [] on type 'Class-Attributes' with index type 'Struct-String'
  ==> src\safety_cleaner.cj:55:38:
   | 
55 |         if (sourceEl.nameIs("a") && (enforcedAttrs["rel"] == "nofollow")) {
   |                                      ^^^^^^^^^^^^^^^^^^^^ 
   | 
   # note: you may want to implement 'operator func [](index0: Struct-String)' for type 'Class-Attributes'

error[0m: missing argument for parameter list '(Struct-String, Enum-Option<Struct-String>)' in call
  ==> src\safety_cleaner.cj:62:22:
   | 
62 |         destAttrs.add(all: enforcedAttrs)
   |                      ^^^^^^^^^^^^^^^^^^^^ expected 2 arguments, found 1
   | 
note[0m: found candidate
  ==> src\nodes_attributes.cj:66:10:
   | 
66 |     func add(key: String, value: ?String): Attributes {
   |          ^^^ 
   | 

error[0m: missing argument for parameter list '(Struct-String, Enum-Option<Struct-String>)' in call
  ==> src\safety_cleaner.cj:63:30:
   | 
63 |         dest.attributes().add(all: destAttrs)
   |                              ^^^^^^^^^^^^^^^^ expected 2 arguments, found 1
   | 
note[0m: found candidate
  ==> src\nodes_attributes.cj:66:10:
   | 
66 |     func add(key: String, value: ?String): Attributes {
   |          ^^^ 
   | 

error[0m: undeclared identifier 'safelist'
  ==> src\safety_cleaner.cj:78:17:
   | 
78 |             if (safelist.isSafeTag(node.normalName())) {
   |                 ^ 
   | 

error[0m: undeclared identifier 'createSafeElement'
  ==> src\safety_cleaner.cj:79:41:
   | 
79 |                 let meta: ElementMeta = createSafeElement(node)
   |                                         ^ 
   | 

error[0m: invalid binary operator '!=' on type 'Class-Node' and 'Class-Element'
  ==> src\safety_cleaner.cj:84:29:
   | 
84 |             } else if (node != root) {
   |                             ^^ 
   | 
   # note: you may want to implement 'operator func !=(right: Class-Element)' for type 'Class-Node'

error[0m: 'getWholeText' is not a member of class 'Node'
  ==> src\safety_cleaner.cj:88:42:
   | 
88 |             let destText = TextNode(node.getWholeText())
   |                                          ^^^^^^^^^^^^ 
   | 

error[0m: undeclared identifier 'safelist'
  ==> src\safety_cleaner.cj:90:42:
   | 
90 |         } else if ((node is DataNode) && safelist.isSafeTag(node.parent().getOrThrow().normalName())) {
   |                                          ^ 
   | 

error[0m: 'getWholeData' is not a member of class 'Node'
  ==> src\safety_cleaner.cj:92:48:
   | 
92 |             let destData = DataNode(sourceData.getWholeData())
   |                                                ^^^^^^^^^^^^ 
   | 

error[0m: undeclared identifier 'safelist'
  ==> src\safety_cleaner.cj:99:34:
   | 
99 |         if ((node is Element) && safelist.isSafeTag(node.normalName())) {
   |                                  ^ 
   | 

error[0m: generics type arguments do not match the constraint of 'Class-HashSet<Generics-T>'
 ==> src\safety_safelist.cj:7:27:
  | 
7 |     let tagNames: HashSet<TagName> = HashSet()
  |                           ^ 
  | 
note[0m: 'Class-TagName' is not a subtype of 'Interface-Hashable'
  ==> (package std.collection)hash_set.cj:28:41:

error[0m: unable to infer generic argument of this function
 ==> src\safety_safelist.cj:7:38:
  | 
7 |     let tagNames: HashSet<TagName> = HashSet()
  |                                      ^^^^^^^ 
  | 
note[0m: following constraints for type variable 'Generics-T' cannot be solved:
      'Generics-T <: Interface-Equatable<Generics-T>'
      'Generics-T <: Interface-Hashable'
  ==> (package std.collection)hash_set.cj:28:22:

error[0m: generics type arguments do not match the constraint of 'Class-HashSet<Generics-T>'
 ==> src\safety_safelist.cj:8:46:
  | 
8 |     let attributes: HashMap<TagName, HashSet<AttributeKey>> = HashMap()
  |                                              ^ 
  | 
note[0m: 'Class-AttributeKey' is not a subtype of 'Interface-Hashable'
  ==> (package std.collection)hash_set.cj:28:41:

error[0m: generics type arguments do not match the constraint of 'Class-HashMap<Generics-K, Generics-V>'
 ==> src\safety_safelist.cj:8:29:
  | 
8 |     let attributes: HashMap<TagName, HashSet<AttributeKey>> = HashMap()
  |                             ^ 
  | 
note[0m: 'Class-TagName' is not a subtype of 'Interface-Hashable'
   ==> (package std.collection)hash_map.cj:335:47:

error[0m: unable to infer generic argument of this function
 ==> src\safety_safelist.cj:8:63:
  | 
8 |     let attributes: HashMap<TagName, HashSet<AttributeKey>> = HashMap()
  |                                                               ^^^^^^^ 
  | 
note[0m: no information known for type variable 'Generics-V'
   ==> (package std.collection)hash_map.cj:335:25:

error[0m: generics type arguments do not match the constraint of 'Class-HashMap<Generics-K, Generics-V>'
 ==> src\safety_safelist.cj:9:54:
  | 
9 |     let enforcedAttributes: HashMap<TagName, HashMap<AttributeKey, AttributeValue>> = HashMap()
  |                                                      ^ 
  | 
note[0m: 'Class-AttributeKey' is not a subtype of 'Interface-Hashable'
   ==> (package std.collection)hash_map.cj:335:47:

error[0m: generics type arguments do not match the constraint of 'Class-HashMap<Generics-K, Generics-V>'
 ==> src\safety_safelist.cj:9:37:
  | 
9 |     let enforcedAttributes: HashMap<TagName, HashMap<AttributeKey, AttributeValue>> = HashMap()
  |                                     ^ 
  | 
note[0m: 'Class-TagName' is not a subtype of 'Interface-Hashable'
   ==> (package std.collection)hash_map.cj:335:47:

error[0m: unable to infer generic argument of this function
 ==> src\safety_safelist.cj:9:87:
  | 
9 |     let enforcedAttributes: HashMap<TagName, HashMap<AttributeKey, AttributeValue>> = HashMap()
  |                                                                                       ^^^^^^^ 
  | 
note[0m: no information known for type variable 'Generics-V'
   ==> (package std.collection)hash_map.cj:335:25:

error[0m: generics type arguments do not match the constraint of 'Class-HashSet<Generics-T>'
  ==> src\safety_safelist.cj:10:67:
   | 
10 |     let protocols: HashMap<TagName, HashMap<AttributeKey, HashSet<Protocol>>> = HashMap()
   |                                                                   ^ 
   | 
note[0m: 'Class-Protocol' is not a subtype of 'Interface-Hashable'
  ==> (package std.collection)hash_set.cj:28:41:

error[0m: generics type arguments do not match the constraint of 'Class-HashMap<Generics-K, Generics-V>'
  ==> src\safety_safelist.cj:10:45:
   | 
10 |     let protocols: HashMap<TagName, HashMap<AttributeKey, HashSet<Protocol>>> = HashMap()
   |                                             ^ 
   | 
note[0m: 'Class-AttributeKey' is not a subtype of 'Interface-Hashable'
   ==> (package std.collection)hash_map.cj:335:47:

error[0m: generics type arguments do not match the constraint of 'Class-HashMap<Generics-K, Generics-V>'
  ==> src\safety_safelist.cj:10:28:
   | 
10 |     let protocols: HashMap<TagName, HashMap<AttributeKey, HashSet<Protocol>>> = HashMap()
   |                            ^ 
   | 
note[0m: 'Class-TagName' is not a subtype of 'Interface-Hashable'
   ==> (package std.collection)hash_map.cj:335:47:

error[0m: unable to infer generic argument of this function
  ==> src\safety_safelist.cj:10:81:
   | 
10 |     let protocols: HashMap<TagName, HashMap<AttributeKey, HashSet<Protocol>>> = HashMap()
   |                                                                                 ^^^^^^^ 
   | 
note[0m: no information known for type variable 'Generics-V'
   ==> (package std.collection)hash_map.cj:335:25:

error[0m: generics type arguments do not match the constraint of 'Class-HashSet<Generics-T>'
  ==> src\safety_safelist.cj:22:71:
   | 
22 |             let attributeProtocolsCopy: HashMap<AttributeKey, HashSet<Protocol>> = HashMap()
   |                                                                       ^ 
   | 
note[0m: 'Class-Protocol' is not a subtype of 'Interface-Hashable'
  ==> (package std.collection)hash_set.cj:28:41:

error[0m: generics type arguments do not match the constraint of 'Class-HashMap<Generics-K, Generics-V>'
  ==> src\safety_safelist.cj:22:49:
   | 
22 |             let attributeProtocolsCopy: HashMap<AttributeKey, HashSet<Protocol>> = HashMap()
   |                                                 ^ 
   | 
note[0m: 'Class-AttributeKey' is not a subtype of 'Interface-Hashable'
   ==> (package std.collection)hash_map.cj:335:47:

error[0m: unable to infer generic argument of this function
  ==> src\safety_safelist.cj:22:84:
   | 
22 |             let attributeProtocolsCopy: HashMap<AttributeKey, HashSet<Protocol>> = HashMap()
   |                                                                                    ^^^^^^^ 
   | 
note[0m: no information known for type variable 'Generics-V'
   ==> (package std.collection)hash_map.cj:335:25:

error[0m: mismatched types
  ==> src\safety_safelist.cj:28:34:
   | 
28 |         _preserveRelativeLinks = copy.preserveRelativeLinks
   |                                  ^^^^^^^^^^^^^^^^^^^^^^^^^^ expected 'Bool', found '(Bool) -> Class-Safelist'
   | 

error[0m: no matching function declaration for function call 'notEmpty'
  ==> src\safety_safelist.cj:32:22:
   | 
32 |             Validate.notEmpty(tagName)
   |                      ^ 
   | 

error[0m: no matching function declaration for function call 'notEmpty'
  ==> src\safety_safelist.cj:40:22:
   | 
40 |             Validate.notEmpty(tag)
   |                      ^ 
   | 

error[0m: no matching function declaration for function call 'notEmpty'
  ==> src\safety_safelist.cj:51:18:
   | 
51 |         Validate.notEmpty(tag)
   |                  ^ 
   | 

error[0m: generics type arguments do not match the constraint of 'Class-HashSet<Generics-T>'
  ==> src\safety_safelist.cj:55:35:
   | 
55 |         let attributeSet: HashSet<AttributeKey> = HashSet()
   |                                   ^ 
   | 
note[0m: 'Class-AttributeKey' is not a subtype of 'Interface-Hashable'
  ==> (package std.collection)hash_set.cj:28:41:

error[0m: unable to infer generic argument of this function
  ==> src\safety_safelist.cj:55:51:
   | 
55 |         let attributeSet: HashSet<AttributeKey> = HashSet()
   |                                                   ^^^^^^^ 
   | 
note[0m: following constraints for type variable 'Generics-T' cannot be solved:
      'Generics-T <: Interface-Equatable<Generics-T>'
      'Generics-T <: Interface-Hashable'
  ==> (package std.collection)hash_set.cj:28:22:

error[0m: no matching function declaration for function call 'notEmpty'
  ==> src\safety_safelist.cj:57:22:
   | 
57 |             Validate.notEmpty(key)
   |                      ^ 
   | 

error[0m: unable to infer generic argument of this function
  ==> src\safety_safelist.cj:60:116:
   | 
60 |         let attr = ({ => if (this.attributes.contains(tagName)) { this.attributes[tagName] } else { let _v = ({ => HashSet() })(); this.attributes[tagName] = _v; _v } })()
   |                                                                                                                    ^^^^^^^ 
   | 
note[0m: following constraints for type variable 'Generics-T' cannot be solved:
      'Generics-T <: Interface-Equatable<Generics-T>'
      'Generics-T <: Interface-Hashable'
  ==> (package std.collection)hash_set.cj:28:22:

error[0m: no matching function declaration for function call 'notEmpty'
  ==> src\safety_safelist.cj:65:18:
   | 
65 |         Validate.notEmpty(tag)
   |                  ^ 
   | 

error[0m: generics type arguments do not match the constraint of 'Class-HashSet<Generics-T>'
  ==> src\safety_safelist.cj:68:35:
   | 
68 |         let attributeSet: HashSet<AttributeKey> = HashSet()
   |                                   ^ 
   | 
note[0m: 'Class-AttributeKey' is not a subtype of 'Interface-Hashable'
  ==> (package std.collection)hash_set.cj:28:41:

error[0m: unable to infer generic argument of this function
  ==> src\safety_safelist.cj:68:51:
   | 
68 |         let attributeSet: HashSet<AttributeKey> = HashSet()
   |                                                   ^^^^^^^ 
   | 
note[0m: following constraints for type variable 'Generics-T' cannot be solved:
      'Generics-T <: Interface-Equatable<Generics-T>'
      'Generics-T <: Interface-Hashable'
  ==> (package std.collection)hash_set.cj:28:22:

error[0m: no matching function declaration for function call 'notEmpty'
  ==> src\safety_safelist.cj:70:22:
   | 
70 |             Validate.notEmpty(key)
   |                      ^ 
   | 

error[0m: generics type arguments do not match the constraint of 'Class-HashSet<Generics-T>'
  ==> src\safety_safelist.cj:74:37:
   | 
74 |             let currentSet: HashSet<AttributeKey> = this.attributes[tagName]
   |                                     ^ 
   | 
note[0m: 'Class-AttributeKey' is not a subtype of 'Interface-Hashable'
  ==> (package std.collection)hash_set.cj:28:41:

error[0m: generics type arguments do not match the constraint of 'Class-HashSet<Generics-T>'
  ==> src\safety_safelist.cj:81:64:
   | 
81 |             let it: MutableIterator<Map.Entry<TagName, HashSet<AttributeKey>>> = this.attributes.entries.iterator()
   |                                                                ^ 
   | 
note[0m: 'Class-AttributeKey' is not a subtype of 'Interface-Hashable'
  ==> (package std.collection)hash_set.cj:28:41:

error[0m: no matching function declaration for function call 'notEmpty'
  ==> src\safety_safelist.cj:93:18:
   | 
93 |         Validate.notEmpty(tag)
   |                  ^ 
   | 

error[0m: no matching function declaration for function call 'notEmpty'
  ==> src\safety_safelist.cj:94:18:
   | 
94 |         Validate.notEmpty(attribute)
   |                  ^ 
   | 

error[0m: no matching function declaration for function call 'notEmpty'
  ==> src\safety_safelist.cj:95:18:
   | 
95 |         Validate.notEmpty(value)
   |                  ^ 
   | 

error[0m: generics type arguments do not match the constraint of 'Class-HashMap<Generics-K, Generics-V>'
   ==> src\safety_safelist.cj:103:34:
    | 
103 |             let attrMap: HashMap<AttributeKey, AttributeValue> = HashMap()
    |                                  ^ 
    | 
note[0m: 'Class-AttributeKey' is not a subtype of 'Interface-Hashable'
   ==> (package std.collection)hash_map.cj:335:47:

error[0m: unable to infer generic argument of this function
   ==> src\safety_safelist.cj:103:66:
    | 
103 |             let attrMap: HashMap<AttributeKey, AttributeValue> = HashMap()
    |                                                                  ^^^^^^^ 
    | 
note[0m: no information known for type variable 'Generics-V'
   ==> (package std.collection)hash_map.cj:335:25:

error[0m: no matching function declaration for function call 'notEmpty'
   ==> src\safety_safelist.cj:110:18:
    | 
110 |         Validate.notEmpty(tag)
    |                  ^ 
    | 

error[0m: no matching function declaration for function call 'notEmpty'
   ==> src\safety_safelist.cj:111:18:
    | 
111 |         Validate.notEmpty(attribute)
    |                  ^ 
    | 

error[0m: generics type arguments do not match the constraint of 'Class-HashMap<Generics-K, Generics-V>'
   ==> src\safety_safelist.cj:115:35:
    | 
115 |             let attrMap: ?HashMap<AttributeKey, AttributeValue> = enforcedAttributes[tagName]
    |                                   ^ 
    | 
note[0m: 'Class-AttributeKey' is not a subtype of 'Interface-Hashable'
   ==> (package std.collection)hash_map.cj:335:47:

error[0m: generics type arguments do not match the constraint of 'Class-HashMap<Generics-K, Generics-V>'
   ==> src\safety_safelist.cj:116:20:
    | 
116 |             attrMap?.remove(attrKey)
    |                    ^ 
    | 
note[0m: 'Class-AttributeKey' is not a subtype of 'Interface-Hashable'
   ==> (package std.collection)hash_map.cj:335:47:

error[0m: generics type arguments do not match the constraint of 'Class-HashMap<Generics-K, Generics-V>'
   ==> src\safety_safelist.cj:117:24:
    | 
117 |             if (attrMap?.isEmpty() == true) {
    |                        ^ 
    | 
note[0m: 'Class-AttributeKey' is not a subtype of 'Interface-Hashable'
   ==> (package std.collection)hash_map.cj:335:47:

error[0m: no matching function declaration for function call 'notEmpty'
   ==> src\safety_safelist.cj:131:18:
    | 
131 |         Validate.notEmpty(tag)
    |                  ^ 
    | 

error[0m: no matching function declaration for function call 'notEmpty'
   ==> src\safety_safelist.cj:132:18:
    | 
132 |         Validate.notEmpty(attribute)
    |                  ^ 
    | 

error[0m: unable to infer generic argument of this function
   ==> src\safety_safelist.cj:135:117:
    | 
135 |         let attrMap = ({ => if (this.protocols.contains(tagName)) { this.protocols[tagName] } else { let _v = ({ => HashMap() })(); this.protocols[tagName] = _v; _v } })()
    |                                                                                                                     ^^^^^^^ 
    | 
note[0m: no information known for type variable 'Generics-V'
   ==> (package std.collection)hash_map.cj:335:25:

error[0m: unable to infer generic argument of this function
   ==> src\safety_safelist.cj:136:103:
    | 
136 |         let protSet = ({ => if (attrMap.contains(attrKey)) { attrMap[attrKey] } else { let _v = ({ => HashSet() })(); attrMap[attrKey] = _v; _v } })()
    |                                                                                                       ^^^^^^^ 
    | 
note[0m: following constraints for type variable 'Generics-T' cannot be solved:
      'Generics-T <: Interface-Equatable<Generics-T>'
      'Generics-T <: Interface-Hashable'
  ==> (package std.collection)hash_set.cj:28:22:

error[0m: no matching function declaration for function call 'notEmpty'
   ==> src\safety_safelist.cj:138:22:
    | 
138 |             Validate.notEmpty(protocol)
    |                      ^ 
    | 

error[0m: no matching function declaration for function call 'notEmpty'
   ==> src\safety_safelist.cj:145:18:
    | 
145 |         Validate.notEmpty(tag)
    |                  ^ 
    | 

error[0m: no matching function declaration for function call 'notEmpty'
   ==> src\safety_safelist.cj:146:18:
    | 
146 |         Validate.notEmpty(attribute)
    |                  ^ 
    | 

error[0m: generics type arguments do not match the constraint of 'Class-HashSet<Generics-T>'
   ==> src\safety_safelist.cj:150:57:
    | 
150 |         let tagProtocols: HashMap<AttributeKey, HashSet<Protocol>> = protocols[tagName]
    |                                                         ^ 
    | 
note[0m: 'Class-Protocol' is not a subtype of 'Interface-Hashable'
  ==> (package std.collection)hash_set.cj:28:41:

error[0m: generics type arguments do not match the constraint of 'Class-HashMap<Generics-K, Generics-V>'
   ==> src\safety_safelist.cj:150:35:
    | 
150 |         let tagProtocols: HashMap<AttributeKey, HashSet<Protocol>> = protocols[tagName]
    |                                   ^ 
    | 
note[0m: 'Class-AttributeKey' is not a subtype of 'Interface-Hashable'
   ==> (package std.collection)hash_map.cj:335:47:

error[0m: generics type arguments do not match the constraint of 'Class-HashSet<Generics-T>'
   ==> src\safety_safelist.cj:152:36:
    | 
152 |         let attrProtocols: HashSet<Protocol> = tagProtocols[attr]
    |                                    ^ 
    | 
note[0m: 'Class-Protocol' is not a subtype of 'Interface-Hashable'
  ==> (package std.collection)hash_set.cj:28:41:

error[0m: no matching function declaration for function call 'notEmpty'
   ==> src\safety_safelist.cj:154:22:
    | 
154 |             Validate.notEmpty(protocol)
    |                      ^ 
    | 

error[0m: generics type arguments do not match the constraint of 'Class-HashMap<Generics-K, Generics-V>'
   ==> src\safety_safelist.cj:219:34:
    | 
219 |             let keyVals: HashMap<AttributeKey, AttributeValue> = enforcedAttributes[tag]
    |                                  ^ 
    | 
note[0m: 'Class-AttributeKey' is not a subtype of 'Interface-Hashable'
   ==> (package std.collection)hash_map.cj:335:47:

error[0m: 'matches' is not a member of struct 'String'
   ==> src\safety_safelist.cj:243:48:
    | 
243 |         return value.startsWith("#") && !value.matches(".*\\s.*".toRegex())
    |                                                ^^^^^^^ 
    | 

error[0m: 'toRegex' is not a member of struct 'String'
   ==> src\safety_safelist.cj:243:66:
    | 
243 |         return value.startsWith("#") && !value.matches(".*\\s.*".toRegex())
    |                                                                  ^^^^^^^ 
    | 

error[0m: undeclared identifier 'lowerCase'
   ==> src\safety_safelist.cj:252:24:
    | 
252 |         return TagName(lowerCase(value))
    |                        ^ 
    | 

error[0m: undeclared identifier 'lowerCase'
   ==> src\safety_safelist.cj:261:29:
    | 
261 |         return AttributeKey(lowerCase(value))
    |                             ^ 
    | 

error[0m: invalid binary operator '==' on type 'This' and 'Enum-Option<Class-Object>'
   ==> src\safety_safelist.cj:292:18:
    | 
292 |         if (this == other) {
    |                  ^^ 
    | 
    # note: you may want to implement 'operator func ==(right: Enum-Option<Class-Object>)' for type 'This'

error[0m: invalid binary operator '!=' on type 'This' and 'Enum-Option<Class-Object>'
   ==> src\safety_safelist.cj:295:39:
    | 
295 |         if ((other.isNone()) || (this != other)) {
    |                                       ^^ 
    | 
    # note: you may want to implement 'operator func !=(right: Enum-Option<Class-Object>)' for type 'This'

error[0m: 'value' is not a member of enum 'Option<Class-TypedValue>'
   ==> src\safety_safelist.cj:299:29:
    | 
299 |         return value == obj.value
    |                             ^^^^^ 
    | 

error[0m: 'sortWith' is not a member of class 'ArrayList<Class-Evaluator>'
  ==> src\select_combining_evaluator.cj:41:26:
   | 
41 |         sortedEvaluators.sortWith({ a, b => a.cost() - b.cost() })
   |                          ^^^^^^^^ 
   | 

error[0m: mismatched types
  ==> src\select_combining_evaluator.cj:77:32:
   | 
77 |         return StringUtil.join(evaluators, "")
   |                                ^^^^^^^^^^ expected 'Class-ArrayList<Class-Object>', found 'Class-ArrayList<Class-Evaluator>'
   | 

error[0m: mismatched types
   ==> src\select_combining_evaluator.cj:116:32:
    | 
116 |         return StringUtil.join(evaluators, ", ")
    |                                ^^^^^^^^^^ expected 'Class-ArrayList<Class-Object>', found 'Class-ArrayList<Class-Evaluator>'
    | 

error[0m: generic type should be used with type argument
 ==> src\select_elements.cj:5:19:
  | 
5 | class Elements <: Nodes {
  |                   ^ 
  | 

error[0m: undeclared identifier 'add'
  ==> src\select_elements.cj:11:9:
   | 
11 |         add(element)
   |         ^ 
   | 

error[0m: undeclared identifier 'addAll'
  ==> src\select_elements.cj:15:9:
   | 
15 |         addAll(elements)
   |         ^ 
   | 

error[0m: 'iterator' is not a member of class 'Elements'
  ==> src\select_elements.cj:18:61:
   | 
18 |         return Elements(delegateList: collectArrayList(this.iterator().map({ it => it.clone() })))
   |                                                             ^^^^^^^^ 
   | 

error[0m: unable to infer generic argument of this function
  ==> src\select_elements.cj:21:16:
   | 
21 |         return ArrayList([this])
   |                ^^^^^^^^^ 
   | 
note[0m: for function type '(Int64) -> Class-ArrayList<Generics-T>'
   ==> (package std.collection)array_list.cj:115:12:
note[0m: mismatched types
  ==> src\select_elements.cj:21:26:
   | 
21 |         return ArrayList([this])
   |                          ^^^^^^ of type 'Struct-Array<This>', impossible to match parameter type 'Int64'
   | 

error[0m: no matching constructor for call 'ArrayList'
  ==> src\select_elements.cj:21:16:
   | 
21 |         return ArrayList([this])
   |                ^ 
   | 
note[0m: found function member of 'Class-ArrayList<Generics-T>'
   ==> (package std.collection)array_list.cj:115:12:
note[0m: found function member of 'Class-ArrayList<Generics-T>'
   ==> (package std.collection)array_list.cj:158:12:

error[0m: the type This of expression in for-in expression does not implement Iterator
  ==> src\select_elements.cj:24:25:
   | 
24 |         for (element in this) {
   |                         ^ 
   | 

error[0m: the type This of expression in for-in expression does not implement Iterator
  ==> src\select_elements.cj:32:25:
   | 
32 |         for (element in this) {
   |                         ^ 
   | 

error[0m: undeclared identifier 'size'
  ==> src\select_elements.cj:40:51:
   | 
40 |         let attrs: ArrayList<String> = ArrayList([size])
   |                                                   ^ 
   | 

error[0m: the type This of expression in for-in expression does not implement Iterator
  ==> src\select_elements.cj:41:25:
   | 
41 |         for (element in this) {
   |                         ^ 
   | 

error[0m: the type This of expression in for-in expression does not implement Iterator
  ==> src\select_elements.cj:49:25:
   | 
49 |         for (element in this) {
   |                         ^ 
   | 

error[0m: the type This of expression in for-in expression does not implement Iterator
  ==> src\select_elements.cj:55:25:
   | 
55 |         for (element in this) {
   |                         ^ 
   | 

error[0m: the type This of expression in for-in expression does not implement Iterator
  ==> src\select_elements.cj:61:25:
   | 
61 |         for (element in this) {
   |                         ^ 
   | 

error[0m: the type This of expression in for-in expression does not implement Iterator
  ==> src\select_elements.cj:67:25:
   | 
67 |         for (element in this) {
   |                         ^ 
   | 

error[0m: the type This of expression in for-in expression does not implement Iterator
  ==> src\select_elements.cj:73:25:
   | 
73 |         for (element in this) {
   |                         ^ 
   | 

error[0m: the type This of expression in for-in expression does not implement Iterator
  ==> src\select_elements.cj:79:25:
   | 
79 |         for (element in this) {
   |                         ^ 
   | 

error[0m: undeclared identifier 'size'
  ==> src\select_elements.cj:87:20:
   | 
87 |         return if (size > 0) {
   |                    ^ 
   | 

error[0m: the type This of expression in for-in expression does not implement Iterator
  ==> src\select_elements.cj:94:25:
   | 
94 |         for (element in this) {
   |                         ^ 
   | 

error[0m: 'text' is non-static member, cannot access by type name
   ==> src\select_elements.cj:100:17:
    | 
100 |         return (Element.text + String.join(collectArray<String>(this.iterator().map({e => e.toString()})), delimiter: " ") + "")
    |                 ^ 
    | 

error[0m: 'iterator' is not a member of class 'Elements'
   ==> src\select_elements.cj:100:70:
    | 
100 |         return (Element.text + String.join(collectArray<String>(this.iterator().map({e => e.toString()})), delimiter: " ") + "")
    |                                                                      ^^^^^^^^ 
    | 

error[0m: ambiguous use of 'text'
   ==> src\select_elements.cj:100:17:
    | 
100 |         return (Element.text + String.join(collectArray<String>(this.iterator().map({e => e.toString()})), delimiter: " ") + "")
    |                 ^^^^^^^^^^^^ 
    | 
note[0m: found candidate
   ==> src\nodes_element.cj:593:22:
    | 
593 |     public open func text(): String {
    |                      ^^^^ 
    | 
note[0m: found candidate
   ==> src\nodes_element.cj:622:22:
    | 
622 |     public open func text(text: String): Element {
    |                      ^^^^ 
    | 

error[0m: 'iterator' is not a member of class 'Elements'
   ==> src\select_elements.cj:103:21:
    | 
103 |         return this.iterator().any({ it => it.hasText() })
    |                     ^^^^^^^^ 
    | 

error[0m: 'mapNotNull' is not a member of class 'Elements'
   ==> src\select_elements.cj:106:38:
    | 
106 |         return collectArrayList(this.mapNotNull({ it =>
    |                                      ^^^^^^^^^^ 
    | 

error[0m: 'iterator' is not a member of class 'Elements'
   ==> src\select_elements.cj:115:54:
    | 
115 |         return String.join(collectArray<String>(this.iterator().map({ it => it.html() })), delimiter: "\n")
    |                                                      ^^^^^^^^ 
    | 

error[0m: the type This of expression in for-in expression does not implement Iterator
   ==> src\select_elements.cj:118:25:
    | 
118 |         for (element in this) {
    |                         ^ 
    | 

error[0m: the type This of expression in for-in expression does not implement Iterator
   ==> src\select_elements.cj:124:25:
    | 
124 |         for (element in this) {
    |                         ^ 
    | 

error[0m: the type This of expression in for-in expression does not implement Iterator
   ==> src\select_elements.cj:130:25:
    | 
130 |         for (element in this) {
    |                         ^ 
    | 

error[0m: the type This of expression in for-in expression does not implement Iterator
   ==> src\select_elements.cj:136:25:
    | 
136 |         for (element in this) {
    |                         ^ 
    | 

error[0m: the type This of expression in for-in expression does not implement Iterator
   ==> src\select_elements.cj:154:25:
    | 
154 |         for (element in this) {
    |                         ^ 
    | 

error[0m: the type This of expression in for-in expression does not implement Iterator
   ==> src\select_elements.cj:160:25:
    | 
160 |         for (element in this) {
    |                         ^ 
    | 

error[0m: mismatched types
   ==> src\select_elements.cj:170:39:
    | 
170 |         return Selector.select(query, this)
    |                                       ^^^^ expected 'Class-Element', found 'This'
    | 

error[0m: mismatched types
   ==> src\select_elements.cj:173:47:
    | 
173 |         return Selector.selectFirst(cssQuery, this)
    |                                               ^^^^ expected 'Class-Element', found 'This'
    | 

error[0m: missing argument prefix 'msg:' for named parameter
   ==> src\select_elements.cj:176:77:
    | 
176 |         return Validate.expectNotNull(Selector.selectFirst(cssQuery, this), "No elements matched the query '${cssQuery}' in the elements.")
    |                                                                             ^^^^^^^^^^^^^^^^^^^^^^^^^^^^^^^^^^^^^^^^^^^^^^^^^^^^^^^^^^^^^^ 
    | 

error[0m: mismatched types
   ==> src\select_elements.cj:179:52:
    | 
179 |         let out: Elements = Selector.select(query, this)
    |                                                    ^^^^ expected 'Class-Element', found 'This'
    | 

error[0m: mismatched types
   ==> src\select_elements.cj:180:35:
    | 
180 |         return Selector.filterOut(this, out)
    |                                   ^^^^ expected 'Class-ArrayList<Class-Element>', found 'This'
    | 

error[0m: undeclared identifier 'size'
   ==> src\select_elements.cj:183:20:
    | 
183 |         return if (size > index) {
    |                    ^ 
    | 

error[0m: undeclared identifier 'get'
   ==> src\select_elements.cj:184:36:
    | 
184 |             Elements(delegateList: get(index))
    |                                    ^ 
    | 

error[0m: the type This of expression in for-in expression does not implement Iterator
   ==> src\select_elements.cj:191:19:
    | 
191 |         for (e in this) {
    |                   ^ 
    | 

error[0m: the type This of expression in for-in expression does not implement Iterator
   ==> src\select_elements.cj:227:19:
    | 
227 |         for (e in this) {
    |                   ^ 
    | 

error[0m: undeclared identifier 'isNone'
   ==> src\select_elements.cj:235:27:
    | 
235 |                 if ((eval.isNone()) || sib.`is`(eval)) {
    |                           ^^^^^^ 
    | 

error[0m: 'add' is not a member of class 'Elements'
   ==> src\select_elements.cj:236:25:
    | 
236 |                     els.add(sib)
    |                         ^^^ 
    | 

error[0m: undeclared identifier 'linkedSetOf'
   ==> src\select_elements.cj:244:45:
    | 
244 |         let combo: LinkedHashSet<Element> = linkedSetOf()
    |                                             ^ 
    | 

error[0m: the type This of expression in for-in expression does not implement Iterator
   ==> src\select_elements.cj:245:19:
    | 
245 |         for (e in this) {
    |                   ^ 
    | 

error[0m: undeclared identifier 'super'
   ==> src\select_elements.cj:251:16:
    | 
251 |         return `super`[0]
    |                ^ 
    | 

error[0m: undeclared identifier 'super'
   ==> src\select_elements.cj:254:16:
    | 
254 |         return `super`[`super`.size - 1]
    |                ^ 
    | 

error[0m: undeclared identifier 'super'
   ==> src\select_elements.cj:254:24:
    | 
254 |         return `super`[`super`.size - 1]
    |                        ^ 
    | 

error[0m: the type This of expression in for-in expression does not implement Iterator
   ==> src\select_elements.cj:266:20:
    | 
266 |         for (el in this) {
    |                    ^ 
    | 

error[0m: the type This of expression in for-in expression does not implement Iterator
   ==> src\select_elements.cj:284:20:
    | 
284 |         for (el in this) {
    |                    ^ 
    | 

error[0m: undeclared identifier 'lowerCase'
   ==> src\select_evaluator.cj:136:26:
    | 
136 |         this.keyPrefix = lowerCase(keyPrefix)
    |                          ^ 
    | 

error[0m: undeclared identifier 'lowerCase'
   ==> src\select_evaluator.cj:142:17:
    | 
142 |             if (lowerCase(attribute.key).startsWith(keyPrefix)) {
    |                 ^ 
    | 

error[0m: undeclared identifier 'lowerCase'
   ==> src\select_evaluator.cj:191:40:
    | 
191 |         return element.hasAttr(key) && lowerCase(element.attr(key)).startsWith(value)
    |                                        ^ 
    | 

error[0m: undeclared identifier 'lowerCase'
   ==> src\select_evaluator.cj:206:40:
    | 
206 |         return element.hasAttr(key) && lowerCase(element.attr(key)).endsWith(value)
    |                                        ^ 
    | 

error[0m: undeclared identifier 'lowerCase'
   ==> src\select_evaluator.cj:221:40:
    | 
221 |         return element.hasAttr(key) && lowerCase(element.attr(key)).contains(value)
    |                                        ^ 
    | 

error[0m: undeclared identifier 'normalize'
   ==> src\select_evaluator.cj:235:20:
    | 
235 |         this.key = normalize(key)
    |                    ^ 
    | 

error[0m: no matching function for operator '()' function call
   ==> src\select_evaluator.cj:239:71:
    | 
239 |         return element.hasAttr(key) && (({ => for (_e in regex) { if ((element.attr(key))(_e)) { return _e } }; return None })().isSome())
    |                                                                       ^ 
    | 

error[0m: generic type should be used with type argument
   ==> src\select_evaluator.cj:239:120:
    | 
239 |         return element.hasAttr(key) && (({ => for (_e in regex) { if ((element.attr(key))(_e)) { return _e } }; return None })().isSome())
    |                                                                                                                        ^ 
    | 

error[0m: no matching function declaration for function call 'notEmpty'
   ==> src\select_evaluator.cj:252:18:
    | 
252 |         Validate.notEmpty(key)
    |                  ^ 
    | 

error[0m: undeclared identifier 'normalize'
   ==> src\select_evaluator.cj:253:20:
    | 
253 |         this.key = normalize(key)
    |                    ^ 
    | 

error[0m: ambiguous match for function call '__k2cjRuneSlice'
   ==> src\select_evaluator.cj:257:27:
    | 
257 |             resultValue = __k2cjRuneSlice(value, 1, resultValue.toRuneArray().size - 1)
    |                           ^ 
    | 
note[0m: found candidate
 ==> src\internal_urlutil.cj:5:6:
  | 
5 | func __k2cjRuneSlice(input: String, start: Int64, end: Int64): String {
  |      ^ 
  | 
note[0m: found candidate
 ==> src\nodes_attribute.cj:5:6:
  | 
5 | func __k2cjRuneSlice(input: String, start: Int64, end: Int64): String {
  |      ^ 
  | 
note[0m: found candidate
 ==> src\nodes_node.cj:5:6:
  | 
5 | func __k2cjRuneSlice(input: String, start: Int64, end: Int64): String {
  |      ^ 
  | 
note[0m: found candidate
 ==> src\nodes_text_node.cj:3:6:
  | 
3 | func __k2cjRuneSlice(input: String, start: Int64, end: Int64): String {
  |      ^ 
  | 
note[0m: found candidate
 ==> src\parser_tag.cj:3:6:
  | 
3 | func __k2cjRuneSlice(input: String, start: Int64, end: Int64): String {
  |      ^ 
  | 
note[0m: found candidate
 ==> src\parser_xml_tree_builder.cj:5:6:
  | 
5 | func __k2cjRuneSlice(input: String, start: Int64, end: Int64): String {
  |      ^ 
  | 
note[0m: found candidate
 ==> src\select_evaluator.cj:5:6:
  | 
5 | func __k2cjRuneSlice(input: String, start: Int64, end: Int64): String {
  |      ^ 
  | 
note[0m: found candidate
 ==> src\select_query_parser.cj:5:6:
  | 
5 | func __k2cjRuneSlice(input: String, start: Int64, end: Int64): String {
  |      ^ 
  | 

error[0m: undeclared identifier 'lowerCase'
   ==> src\select_evaluator.cj:259:22:
    | 
259 |         this.value = lowerCase(resultValue)
    |                      ^ 
    | 

error[0m: invalid binary operator '!=' on type 'Class-Element' and 'Class-Element'
   ==> src\select_evaluator.cj:282:22:
    | 
282 |         return (root != element) && (element.elementSiblingIndex() < index)
    |                      ^^ 
    | 
    # note: you may want to implement 'operator func !=(right: Class-Element)' for type 'Class-Element'

error[0m: invalid binary operator '==' on type 'Class-Element' and 'Enum-Option<Class-Element>'
   ==> src\select_evaluator.cj:316:63:
    | 
316 |         return ((p.isSome()) && !(p is Document)) && (element == p.getOrThrow().lastElementChild())
    |                                                               ^^ 
    | 
    # note: you may want to implement 'operator func ==(right: Enum-Option<Class-Element>)' for type 'Class-Element'

error[0m: recursive constructor calling detected
   ==> src\select_evaluator.cj:348:5:
    | 
348 |     init(offset: Int64) {
    |     ^^^^ 
    | 
note[0m: depends on
   ==> src\select_evaluator.cj:349:9:
    | 
349 |         this(0)
    |         ^^^^ 
    | 
note[0m: depends on
   ==> src\select_evaluator.cj:348:5:
    | 
348 |     init(offset: Int64) {
    |     ^^^^ 
    | 

error[0m: invalid binary operator '==' on type 'Class-Node' and 'Class-Element'
   ==> src\select_evaluator.cj:424:22:
    | 
424 |             if (node == element) {
    |                      ^^ 
    | 
    # note: you may want to implement 'operator func ==(right: Class-Element)' for type 'Class-Node'

error[0m: invalid binary operator '==' on type 'Class-Element' and 'Enum-Option<Class-Element>'
   ==> src\select_evaluator.cj:460:63:
    | 
460 |         return ((p.isSome()) && !(p is Document)) && (element == p.getOrThrow().firstElementChild())
    |                                                               ^^ 
    | 
    # note: you may want to implement 'operator func ==(right: Enum-Option<Class-Element>)' for type 'Class-Element'

error[0m: invalid binary operator '==' on type 'Class-Element' and 'Enum-Option<Class-Element>'
   ==> src\select_evaluator.cj:474:24:
    | 
474 |         return element == r
    |                        ^^ 
    | 
    # note: you may want to implement 'operator func ==(right: Enum-Option<Class-Element>)' for type 'Class-Element'

error[0m: 'isEmpty' is not a member of class 'Elements'
   ==> src\select_evaluator.cj:487:80:
    | 
487 |         return ((p.isSome()) && !(p is Document)) && element.siblingElements().isEmpty()
    |                                                                                ^^^^^^^ 
    | 

error[0m: 'isBlank' is not a member of enum 'Option<Class-Node>'
   ==> src\select_evaluator.cj:523:24:
    | 
523 |                 if (!n.isBlank()) {
    |                        ^^^^^^^ 
    | 

error[0m: 'nextSibling' is not a member of enum 'Option<Class-Node>'
   ==> src\select_evaluator.cj:529:19:
    | 
529 |             n = n.nextSibling()
    |                   ^^^^^^^^^^^ 
    | 

error[0m: undeclared identifier 'lowerCase'
   ==> src\select_evaluator.cj:547:27:
    | 
547 |         this.searchText = lowerCase(normaliseWhitespace(searchText))
    |                           ^ 
    | 

error[0m: undeclared identifier 'lowerCase'
   ==> src\select_evaluator.cj:551:16:
    | 
551 |         return lowerCase(element.text()).contains(searchText)
    |                ^ 
    | 

error[0m: undeclared identifier 'lowerCase'
   ==> src\select_evaluator.cj:592:27:
    | 
592 |         this.searchText = lowerCase(searchText)
    |                           ^ 
    | 

error[0m: undeclared identifier 'lowerCase'
   ==> src\select_evaluator.cj:596:16:
    | 
596 |         return lowerCase(element.data()).contains(searchText)
    |                ^ 
    | 

error[0m: undeclared identifier 'lowerCase'
   ==> src\select_evaluator.cj:605:27:
    | 
605 |         this.searchText = lowerCase(normaliseWhitespace(searchText))
    |                           ^ 
    | 

error[0m: undeclared identifier 'lowerCase'
   ==> src\select_evaluator.cj:609:16:
    | 
609 |         return lowerCase(element.ownText()).contains(searchText)
    |                ^ 
    | 

error[0m: no matching constructor for call 'PseudoTextElement'
   ==> src\select_evaluator.cj:694:23:
    | 
694 |             let pel = PseudoTextElement(com.fleeksoft.ksoup.parser.Tag.valueOf(element.tagName(), element.tag().namespace(), ParseSettings.preserveCase), element.baseUri(), element.attributes())
    |                       ^ 
    | 

error[0m: undeclared identifier 'lowerCase'
  ==> src\select_node_evaluator.cj:36:27:
   | 
36 |         this.searchText = lowerCase(normaliseWhitespace(searchText))
   |                           ^ 
   | 

error[0m: undeclared identifier 'lowerCase'
  ==> src\select_node_evaluator.cj:40:16:
   | 
40 |         return lowerCase(node.nodeValue()).contains(searchText)
   |                ^ 
   | 

error[0m: no matching function for operator '()' function call
  ==> src\select_node_evaluator.cj:68:48:
   | 
68 |         return ({ => for (_e in pattern) { if ((node.nodeValue())(_e)) { return _e } }; return None })().isSome()
   |                                                ^ 
   | 

error[0m: generic type should be used with type argument
  ==> src\select_node_evaluator.cj:68:96:
   | 
68 |         return ({ => for (_e in pattern) { if ((node.nodeValue())(_e)) { return _e } }; return None })().isSome()
   |                                                                                                ^ 
   | 

error[0m: mismatched types
  ==> src\select_node_traversor.cj:13:26:
   | 
13 |             visitor.head(node, depth)
   |                          ^^^^ expected 'Class-Node', found 'Enum-Option<Class-Node>'
   | 

error[0m: invalid binary operator '==' on type 'Enum-Option<Class-Node>' and 'Class-Node'
  ==> src\select_node_traversor.cj:25:34:
   | 
25 |                         if (node == root) {
   |                                  ^^ 
   | 
   # note: you may want to implement 'operator func ==(right: Class-Node)' for type 'Enum-Option<Class-Node>'

error[0m: invalid binary operator '==' on type 'Enum-Option<Class-Node>' and 'Class-Node'
  ==> src\select_node_traversor.cj:37:31:
   | 
37 |                     if ((node == root) || (node.isNone())) {
   |                               ^^ 
   | 
   # note: you may want to implement 'operator func ==(right: Class-Node)' for type 'Enum-Option<Class-Node>'

error[0m: mismatched types
  ==> src\select_node_traversor.cj:54:34:
   | 
54 |                     visitor.tail(node, depth)
   |                                  ^^^^ expected 'Class-Node', found 'Enum-Option<Class-Node>'
   | 

error[0m: mismatched types
  ==> src\select_node_traversor.cj:58:30:
   | 
58 |                 visitor.tail(node, depth)
   |                              ^^^^ expected 'Class-Node', found 'Enum-Option<Class-Node>'
   | 

error[0m: invalid binary operator '==' on type 'Enum-Option<Class-Node>' and 'Class-Node'
  ==> src\select_node_traversor.cj:59:26:
   | 
59 |                 if (node == root) {
   |                          ^^ 
   | 
   # note: you may want to implement 'operator func ==(right: Class-Node)' for type 'Enum-Option<Class-Node>'

error[0m: the type Class-Elements of expression in for-in expression does not implement Iterator
  ==> src\select_node_traversor.cj:67:20:
   | 
67 |         for (it in elements) {
   |                    ^ 
   | 

error[0m: undeclared identifier 'FilterResult'
  ==> src\select_node_traversor.cj:76:27:
   | 
76 |             if (result == FilterResult.STOP) {
   |                           ^ 
   | 

error[0m: undeclared identifier 'FilterResult'
  ==> src\select_node_traversor.cj:79:28:
   | 
79 |             if ((result == FilterResult.CONTINUE) && (node.getOrThrow().childNodeSize() > 0)) {
   |                            ^ 
   | 

error[0m: invalid binary operator '&&' on type 'Enum-Option<Bool>' and 'Bool'
  ==> src\select_node_traversor.cj:85:54:
   | 
85 |                 if (!((node?.nextSibling().isNone()) && (depth > 0))) {
   |                                                      ^^ 
   | 

error[0m: undeclared identifier 'FilterResult'
  ==> src\select_node_traversor.cj:88:32:
   | 
88 |                 if ((result == FilterResult.CONTINUE) || (result == FilterResult.SKIP_CHILDREN)) {
   |                                ^ 
   | 

error[0m: undeclared identifier 'FilterResult'
  ==> src\select_node_traversor.cj:88:69:
   | 
88 |                 if ((result == FilterResult.CONTINUE) || (result == FilterResult.SKIP_CHILDREN)) {
   |                                                                     ^ 
   | 

error[0m: undeclared identifier 'FilterResult'
  ==> src\select_node_traversor.cj:90:35:
   | 
90 |                     if (result == FilterResult.STOP) {
   |                                   ^ 
   | 

error[0m: mismatched types
  ==> src\select_node_traversor.cj:95:24:
   | 
95 |                 node = node?.parentNode()
   |                        ^^^^^^^^^^^^^^^^^^ expected 'Enum-Option<Class-Node>', found 'Enum-Option<Enum-Option<Class-Node>>'
   | 

error[0m: undeclared identifier 'FilterResult'
  ==> src\select_node_traversor.cj:97:31:
   | 
97 |                 if (result == FilterResult.REMOVE) {
   |                               ^ 
   | 

error[0m: undeclared identifier 'FilterResult'
   ==> src\select_node_traversor.cj:102:28:
    | 
102 |             if ((result == FilterResult.CONTINUE) || (result == FilterResult.SKIP_CHILDREN)) {
    |                            ^ 
    | 

error[0m: undeclared identifier 'FilterResult'
   ==> src\select_node_traversor.cj:102:65:
    | 
102 |             if ((result == FilterResult.CONTINUE) || (result == FilterResult.SKIP_CHILDREN)) {
    |                                                                 ^ 
    | 

error[0m: undeclared identifier 'FilterResult'
   ==> src\select_node_traversor.cj:104:31:
    | 
104 |                 if (result == FilterResult.STOP) {
    |                               ^ 
    | 

error[0m: invalid binary operator '==' on type 'Enum-Option<Class-Node>' and 'Class-Node'
   ==> src\select_node_traversor.cj:108:22:
    | 
108 |             if (node == root) {
    |                      ^^ 
    | 
    # note: you may want to implement 'operator func ==(right: Class-Node)' for type 'Enum-Option<Class-Node>'

error[0m: mismatched types
   ==> src\select_node_traversor.cj:112:20:
    | 
112 |             node = node?.nextSibling()
    |                    ^^^^^^^^^^^^^^^^^^^ expected 'Enum-Option<Class-Node>', found 'Enum-Option<Enum-Option<Class-Node>>'
    | 

error[0m: undeclared identifier 'FilterResult'
   ==> src\select_node_traversor.cj:113:27:
    | 
113 |             if (result == FilterResult.REMOVE) {
    |                           ^ 
    | 

error[0m: undeclared identifier 'FilterResult'
   ==> src\select_node_traversor.cj:117:16:
    | 
117 |         return FilterResult.CONTINUE
    |                ^ 
    | 

error[0m: the type Class-Elements of expression in for-in expression does not implement Iterator
   ==> src\select_node_traversor.cj:120:20:
    | 
120 |         for (el in elements) {
    |                    ^ 
    | 

error[0m: no matching function for operator '()' function call
   ==> src\select_node_traversor.cj:121:17:
    | 
121 |             if (filter(filter, el) == FilterResult.STOP) {
    |                 ^ 
    | 

error[0m: undeclared identifier 'FilterResult'
   ==> src\select_node_traversor.cj:121:39:
    | 
121 |             if (filter(filter, el) == FilterResult.STOP) {
    |                                       ^ 
    | 

error[0m: invalid binary operator '==' on type 'This' and 'Enum-Option<Class-Object>'
  ==> src\select_nodes.cj:11:18:
   | 
11 |         if (this == other) {
   |                  ^^ 
   | 
   # note: you may want to implement 'operator func ==(right: Enum-Option<Class-Object>)' for type 'This'

error[0m: 'size' is not a member of class 'Nodes<Generics-T>'
  ==> src\select_nodes.cj:17:18:
   | 
17 |         if (this.size != other.getOrThrow().size) {
   |                  ^^^^ 
   | 

error[0m: 'size' is not a member of class 'Object'
  ==> src\select_nodes.cj:17:45:
   | 
17 |         if (this.size != other.getOrThrow().size) {
   |                                             ^^^^ 
   | 

error[0m: 'size' is not a member of class 'Nodes<Generics-T>'
  ==> src\select_nodes.cj:20:28:
   | 
20 |         for (i in (0..this.size)) {
   |                            ^^^^ 
   | 

error[0m: 'hashCode' is not a member of class 'ArrayList<Generics-T>'
  ==> src\select_nodes.cj:28:29:
   | 
28 |         return delegateList.hashCode()
   |                             ^^^^^^^^ 
   | 

error[0m: mismatched types
  ==> src\select_nodes.cj:37:28:
   | 
37 |         this(ArrayList<T>([initialCapacity]))
   |                            ^^^^^^^^^^^^^^^ expected 'Generics-T', found 'Int64'
   | 

error[0m: mismatched types
  ==> src\select_nodes.cj:40:28:
   | 
40 |         this(ArrayList<T>([nodes]))
   |                            ^^^^^ expected 'Generics-T', found 'Class-ArrayList<Generics-T>'
   | 

error[0m: 'asList' is not a member of struct 'Array<Generics-T>'
  ==> src\select_nodes.cj:43:34:
   | 
43 |         this(ArrayList<T>([nodes.asList()]))
   |                                  ^^^^^^ 
   | 

error[0m: no matching constructor for call 'NodesIterator'
  ==> src\select_nodes.cj:46:16:
   | 
46 |         return NodesIterator(delegateList.iterator())
   |                ^ 
   | 

error[0m: undeclared identifier 'size'
  ==> src\select_nodes.cj:49:30:
   | 
49 |         let clone = Nodes<T>(size)
   |                              ^ 
   | 

error[0m: the type This of expression in for-in expression does not implement Iterator
  ==> src\select_nodes.cj:50:22:
   | 
50 |         for (node in this) {
   |                      ^ 
   | 

error[0m: unable to infer generic argument of this function
  ==> src\select_nodes.cj:56:16:
   | 
56 |         return ArrayList([this])
   |                ^^^^^^^^^ 
   | 
note[0m: for function type '(Int64) -> Class-ArrayList<Generics-T>'
   ==> (package std.collection)array_list.cj:115:12:
note[0m: mismatched types
  ==> src\select_nodes.cj:56:26:
   | 
56 |         return ArrayList([this])
   |                          ^^^^^^ of type 'Struct-Array<This>', impossible to match parameter type 'Int64'
   | 

error[0m: no matching constructor for call 'ArrayList'
  ==> src\select_nodes.cj:56:16:
   | 
56 |         return ArrayList([this])
   |                ^ 
   | 
note[0m: found function member of 'Class-ArrayList<Generics-T>'
   ==> (package std.collection)array_list.cj:115:12:
note[0m: found function member of 'Class-ArrayList<Generics-T>'
   ==> (package std.collection)array_list.cj:158:12:

error[0m: the type This of expression in for-in expression does not implement Iterator
  ==> src\select_nodes.cj:59:22:
   | 
59 |         for (node in this) {
   |                      ^ 
   | 

error[0m: the type This of expression in for-in expression does not implement Iterator
  ==> src\select_nodes.cj:71:22:
   | 
71 |         for (node in this) {
   |                      ^ 
   | 

error[0m: the type This of expression in for-in expression does not implement Iterator
  ==> src\select_nodes.cj:77:22:
   | 
77 |         for (node in this) {
   |                      ^ 
   | 

error[0m: no matching function declaration for function call 'notEmpty'
  ==> src\select_nodes.cj:83:18:
   | 
83 |         Validate.notEmpty(html)
   |                  ^ 
   | 

error[0m: the type This of expression in for-in expression does not implement Iterator
  ==> src\select_nodes.cj:84:22:
   | 
84 |         for (node in this) {
   |                      ^ 
   | 

error[0m: missing argument for parameter list '(Interface-Iterable<Generics-T>)' in call
  ==> src\select_nodes.cj:90:27:
   | 
90 |         return if (isEmpty()) {
   |                           ^^ expected 1 argument, found 0
   | 
note[0m: found candidate
  ==> (package std.collection)end_operation.cj:62:13:

error[0m: undeclared identifier 'get'
  ==> src\select_nodes.cj:93:13:
   | 
93 |             get(0)
   |             ^ 
   | 

error[0m: missing argument for parameter list '(Interface-Iterable<Generics-T>)' in call
  ==> src\select_nodes.cj:97:27:
   | 
97 |         return if (isEmpty()) {
   |                           ^^ expected 1 argument, found 0
   | 
note[0m: found candidate
  ==> (package std.collection)end_operation.cj:62:13:

error[0m: undeclared identifier 'get'
   ==> src\select_nodes.cj:100:13:
    | 
100 |             get(size - 1)
    |             ^ 
    | 

error[0m: 'set' is not a member of class 'ArrayList<Generics-T>'
   ==> src\select_nodes.cj:105:32:
    | 
105 |         let old = delegateList.set(index, element)
    |                                ^^^ 
    | 

error[0m: 'remove' is not found for generic type 'T' in its upper bounds
   ==> src\select_nodes.cj:111:13:
    | 
111 |         old.remove()
    |             ^^^^^^ 
    | 

error[0m: 'indexOf' is not a member of class 'Nodes<Generics-T>'
   ==> src\select_nodes.cj:115:26:
    | 
115 |         let index = this.indexOf(element)
    |                          ^^^^^^^ 
    | 

error[0m: mismatched types
   ==> src\select_nodes.cj:127:36:
    | 
127 |         return delegateList.remove(element)
    |                                    ^^^^^^^ expected 'Struct-Range<Int64>', found 'Enum-Option<Class-Object>'
    | 

error[0m: the type This of expression in for-in expression does not implement Iterator
   ==> src\select_nodes.cj:145:25:
    | 
145 |         for (element in this) {
    |                         ^ 
    | 

error[0m: 'contains' is not a member of class 'ArrayList<Generics-T>'
   ==> src\select_nodes.cj:146:27:
    | 
146 |             if (!elements.contains(element)) {
    |                           ^^^^^^^^ 
    | 

error[0m: the type This of expression in for-in expression does not implement Iterator
   ==> src\select_nodes.cj:159:22:
    | 
159 |         for (node in this) {
    |                      ^ 
    | 

error[0m: 'size' is not a member of class 'Nodes<Generics-T>'
   ==> src\select_nodes.cj:172:28:
    | 
172 |         for (i in (0..this.size)) {
    |                            ^^^^ 
    | 

error[0m: no matching function declaration for function call 'notEmpty'
  ==> src\select_query_parser.cj:18:18:
   | 
18 |         Validate.notEmpty(query)
   |                  ^ 
   | 

error[0m: extra argument given for parameter list '()' in call
  ==> src\select_query_parser.cj:19:43:
   | 
19 |         let trimmedQuery = query.trimAscii({ it => it <= r' ' })
   |                                           ^^^^^^^^^^^^^^^^^^^^^^ expected 0 arguments, found 1
   | 
note[0m: found candidate
   ==> (package std.core)string.cj:670:17:

error[0m: 'SelectorParseException' is not a member of class 'Selector'
  ==> src\select_query_parser.cj:30:28:
   | 
30 |             throw Selector.SelectorParseException("Could not parse query '${query}': unexpected token at '${tq.remainder()}'")
   |                            ^^^^^^^^^^^^^^^^^^^^^^ 
   | 

error[0m: 'Root' is not a member of class 'StructuralEvaluator'
  ==> src\select_query_parser.cj:46:33:
   | 
46 |             StructuralEvaluator.Root()
   |                                 ^^^^ 
   | 

error[0m: undeclared identifier 'code'
  ==> src\select_query_parser.cj:60:28:
   | 
60 |             if (combinator.code != 0) {
   |                            ^^^^ 
   | 

error[0m: no matching function for operator '()' function call
  ==> src\select_query_parser.cj:62:24:
   | 
62 |                 left = combinator(left, combinator, right)
   |                        ^ 
   | 

error[0m: 'AllElements' is not a member of class 'Evaluator'
  ==> src\select_query_parser.cj:75:30:
   | 
75 |             left = Evaluator.AllElements()
   |                              ^^^^^^^^^^^ 
   | 

error[0m: 'SelectorParseException' is not a member of class 'Selector'
  ==> src\select_query_parser.cj:87:28:
   | 
87 |             throw Selector.SelectorParseException("Could not parse query '${query}': unexpected token at '${tq.remainder()}'")
   |                            ^^^^^^^^^^^^^^^^^^^^^^ 
   | 

error[0m: mismatched types
  ==> src\select_query_parser.cj:89:16:
   | 
89 |         return left
   |                ^^^^ expected 'Class-Evaluator', found 'Enum-Option<Class-Evaluator>'
   | 

error[0m: 'IndexLessThan' is not a member of class 'Evaluator'
   ==> src\select_query_parser.cj:109:36:
    | 
109 |             case "lt" => Evaluator.IndexLessThan(consumeIndex())
    |                                    ^^^^^^^^^^^^^ 
    | 

error[0m: 'IndexGreaterThan' is not a member of class 'Evaluator'
   ==> src\select_query_parser.cj:110:36:
    | 
110 |             case "gt" => Evaluator.IndexGreaterThan(consumeIndex())
    |                                    ^^^^^^^^^^^^^^^^ 
    | 

error[0m: 'IndexEquals' is not a member of class 'Evaluator'
   ==> src\select_query_parser.cj:111:36:
    | 
111 |             case "eq" => Evaluator.IndexEquals(consumeIndex())
    |                                    ^^^^^^^^^^^ 
    | 

error[0m: 'IsFirstChild' is not a member of class 'Evaluator'
   ==> src\select_query_parser.cj:128:45:
    | 
128 |             case "first-child" => Evaluator.IsFirstChild()
    |                                             ^^^^^^^^^^^^ 
    | 

error[0m: 'IsLastChild' is not a member of class 'Evaluator'
   ==> src\select_query_parser.cj:129:44:
    | 
129 |             case "last-child" => Evaluator.IsLastChild()
    |                                            ^^^^^^^^^^^ 
    | 

error[0m: 'IsFirstOfType' is not a member of class 'Evaluator'
   ==> src\select_query_parser.cj:130:47:
    | 
130 |             case "first-of-type" => Evaluator.IsFirstOfType()
    |                                               ^^^^^^^^^^^^^ 
    | 

error[0m: 'IsLastOfType' is not a member of class 'Evaluator'
   ==> src\select_query_parser.cj:131:46:
    | 
131 |             case "last-of-type" => Evaluator.IsLastOfType()
    |                                              ^^^^^^^^^^^^ 
    | 

error[0m: 'IsOnlyChild' is not a member of class 'Evaluator'
   ==> src\select_query_parser.cj:132:44:
    | 
132 |             case "only-child" => Evaluator.IsOnlyChild()
    |                                            ^^^^^^^^^^^ 
    | 

error[0m: 'IsOnlyOfType' is not a member of class 'Evaluator'
   ==> src\select_query_parser.cj:133:46:
    | 
133 |             case "only-of-type" => Evaluator.IsOnlyOfType()
    |                                              ^^^^^^^^^^^^ 
    | 

error[0m: 'IsEmpty' is not a member of class 'Evaluator'
   ==> src\select_query_parser.cj:134:39:
    | 
134 |             case "empty" => Evaluator.IsEmpty()
    |                                       ^^^^^^^ 
    | 

error[0m: 'BlankValue' is not a member of class 'NodeEvaluator'
   ==> src\select_query_parser.cj:135:43:
    | 
135 |             case "blank" => NodeEvaluator.BlankValue()
    |                                           ^^^^^^^^^^ 
    | 

error[0m: 'IsRoot' is not a member of class 'Evaluator'
   ==> src\select_query_parser.cj:136:38:
    | 
136 |             case "root" => Evaluator.IsRoot()
    |                                      ^^^^^^ 
    | 

error[0m: 'MatchText' is not a member of class 'Evaluator'
   ==> src\select_query_parser.cj:137:43:
    | 
137 |             case "matchText" => Evaluator.MatchText()
    |                                           ^^^^^^^^^ 
    | 

error[0m: 'SelectorParseException' is not a member of class 'Selector'
   ==> src\select_query_parser.cj:138:38:
    | 
138 |             case _ => throw Selector.SelectorParseException("Could not parse query '${query}': unexpected token at '${tq.remainder()}'")}
    |                                      ^^^^^^^^^^^^^^^^^^^^^^ 
    | 

error[0m: no matching constructor for call 'InstanceType'
   ==> src\select_query_parser.cj:144:28:
    | 
144 |             case "node" => InstanceType(Node, pseudo)
    |                            ^ 
    | 

error[0m: no matching constructor for call 'InstanceType'
   ==> src\select_query_parser.cj:145:32:
    | 
145 |             case "leafnode" => InstanceType(LeafNode, pseudo)
    |                                ^ 
    | 

error[0m: no matching constructor for call 'InstanceType'
   ==> src\select_query_parser.cj:146:28:
    | 
146 |             case "text" => InstanceType(TextNode, pseudo)
    |                            ^ 
    | 

error[0m: no matching constructor for call 'InstanceType'
   ==> src\select_query_parser.cj:147:31:
    | 
147 |             case "comment" => InstanceType(Comment, pseudo)
    |                               ^ 
    | 

error[0m: no matching constructor for call 'InstanceType'
   ==> src\select_query_parser.cj:148:28:
    | 
148 |             case "data" => InstanceType(DataNode, pseudo)
    |                            ^ 
    | 

error[0m: no matching constructor for call 'InstanceType'
   ==> src\select_query_parser.cj:149:29:
    | 
149 |             case "cdata" => InstanceType(CDataNode, pseudo)
    |                             ^ 
    | 

error[0m: 'SelectorParseException' is not a member of class 'Selector'
   ==> src\select_query_parser.cj:150:38:
    | 
150 |             case _ => throw Selector.SelectorParseException("Could not parse query '${query}': unknown node type '::${pseudo}'")}
    |                                      ^^^^^^^^^^^^^^^^^^^^^^ 
    | 

error[0m: missing argument for parameter list '(Enum-Option<Class-Evaluator>)' in call
   ==> src\select_query_parser.cj:157:10:
    | 
157 |         }().isSome()) {
    |          ^^ expected 1 argument, found 0
    | 

error[0m: no matching function declaration for function call 'notEmpty'
   ==> src\select_query_parser.cj:165:18:
    | 
165 |         Validate.notEmpty(id)
    |                  ^ 
    | 

error[0m: 'Id' is not a member of class 'Evaluator'
   ==> src\select_query_parser.cj:166:26:
    | 
166 |         return Evaluator.Id(id)
    |                          ^^ 
    | 

error[0m: no matching function declaration for function call 'notEmpty'
   ==> src\select_query_parser.cj:170:18:
    | 
170 |         Validate.notEmpty(className)
    |                  ^ 
    | 

error[0m: 'Class' is not a member of class 'Evaluator'
   ==> src\select_query_parser.cj:171:26:
    | 
171 |         return Evaluator.Class(className.trimAscii({ it => it <= r' ' }))
    |                          ^^^^^ 
    | 

error[0m: undeclared identifier 'normalize'
   ==> src\select_query_parser.cj:174:31:
    | 
174 |         var tagName: String = normalize(tq.consumeElementSelector())
    |                               ^ 
    | 

error[0m: no matching function declaration for function call 'notEmpty'
   ==> src\select_query_parser.cj:175:18:
    | 
175 |         Validate.notEmpty(tagName)
    |                  ^ 
    | 

error[0m: ambiguous match for function call '__k2cjRuneSlice'
   ==> src\select_query_parser.cj:177:28:
    | 
177 |             let plainTag = __k2cjRuneSlice(tagName, 2, tagName.toRuneArray().size)
    |                            ^ 
    | 
note[0m: found candidate
 ==> src\internal_urlutil.cj:5:6:
  | 
5 | func __k2cjRuneSlice(input: String, start: Int64, end: Int64): String {
  |      ^ 
  | 
note[0m: found candidate
 ==> src\nodes_attribute.cj:5:6:
  | 
5 | func __k2cjRuneSlice(input: String, start: Int64, end: Int64): String {
  |      ^ 
  | 
note[0m: found candidate
 ==> src\nodes_node.cj:5:6:
  | 
5 | func __k2cjRuneSlice(input: String, start: Int64, end: Int64): String {
  |      ^ 
  | 
note[0m: found candidate
 ==> src\nodes_text_node.cj:3:6:
  | 
3 | func __k2cjRuneSlice(input: String, start: Int64, end: Int64): String {
  |      ^ 
  | 
note[0m: found candidate
 ==> src\parser_tag.cj:3:6:
  | 
3 | func __k2cjRuneSlice(input: String, start: Int64, end: Int64): String {
  |      ^ 
  | 
note[0m: found candidate
 ==> src\parser_xml_tree_builder.cj:5:6:
  | 
5 | func __k2cjRuneSlice(input: String, start: Int64, end: Int64): String {
  |      ^ 
  | 
note[0m: found candidate
 ==> src\select_evaluator.cj:5:6:
  | 
5 | func __k2cjRuneSlice(input: String, start: Int64, end: Int64): String {
  |      ^ 
  | 
note[0m: found candidate
 ==> src\select_query_parser.cj:5:6:
  | 
5 | func __k2cjRuneSlice(input: String, start: Int64, end: Int64): String {
  |      ^ 
  | 

error[0m: 'Or' is not a member of class 'CombiningEvaluator'
   ==> src\select_query_parser.cj:178:39:
    | 
178 |             return CombiningEvaluator.Or(Evaluator.Tag(plainTag), Evaluator.TagEndsWith(":${plainTag}"))
    |                                       ^^ 
    | 

error[0m: ambiguous match for function call '__k2cjRuneSlice'
   ==> src\select_query_parser.cj:180:25:
    | 
180 |             let ns = "${__k2cjRuneSlice(tagName, 0, tagName.toRuneArray().size - 2)}:"
    |                         ^ 
    | 
note[0m: found candidate
 ==> src\internal_urlutil.cj:5:6:
  | 
5 | func __k2cjRuneSlice(input: String, start: Int64, end: Int64): String {
  |      ^ 
  | 
note[0m: found candidate
 ==> src\nodes_attribute.cj:5:6:
  | 
5 | func __k2cjRuneSlice(input: String, start: Int64, end: Int64): String {
  |      ^ 
  | 
note[0m: found candidate
 ==> src\nodes_node.cj:5:6:
  | 
5 | func __k2cjRuneSlice(input: String, start: Int64, end: Int64): String {
  |      ^ 
  | 
note[0m: found candidate
 ==> src\nodes_text_node.cj:3:6:
  | 
3 | func __k2cjRuneSlice(input: String, start: Int64, end: Int64): String {
  |      ^ 
  | 
note[0m: found candidate
 ==> src\parser_tag.cj:3:6:
  | 
3 | func __k2cjRuneSlice(input: String, start: Int64, end: Int64): String {
  |      ^ 
  | 
note[0m: found candidate
 ==> src\parser_xml_tree_builder.cj:5:6:
  | 
5 | func __k2cjRuneSlice(input: String, start: Int64, end: Int64): String {
  |      ^ 
  | 
note[0m: found candidate
 ==> src\select_evaluator.cj:5:6:
  | 
5 | func __k2cjRuneSlice(input: String, start: Int64, end: Int64): String {
  |      ^ 
  | 
note[0m: found candidate
 ==> src\select_query_parser.cj:5:6:
  | 
5 | func __k2cjRuneSlice(input: String, start: Int64, end: Int64): String {
  |      ^ 
  | 

error[0m: 'TagStartsWith' is not a member of class 'Evaluator'
   ==> src\select_query_parser.cj:181:30:
    | 
181 |             return Evaluator.TagStartsWith(ns)
    |                              ^^^^^^^^^^^^^ 
    | 

error[0m: 'Tag' is not a member of class 'Evaluator'
   ==> src\select_query_parser.cj:185:26:
    | 
185 |         return Evaluator.Tag(tagName)
    |                          ^^^ 
    | 

error[0m: 'use' is not a member of class 'TokenQueue'
   ==> src\select_query_parser.cj:188:57:
    | 
188 |         return TokenQueue(tq.chompBalanced(r'[', r']')).use({ cq => evaluatorForAttribute(cq) })
    |                                                         ^^^ 
    | 

error[0m: undeclared identifier 'normalize'
   ==> src\select_query_parser.cj:191:27:
    | 
191 |         let key: String = normalize(cq.consumeToAny(QueryParser.AttributeEvals()))
    |                           ^ 
    | 

error[0m: no matching function declaration for function call 'notEmpty'
   ==> src\select_query_parser.cj:192:18:
    | 
192 |         Validate.notEmpty(key)
    |                  ^ 
    | 

error[0m: 'AttributeStarting' is not a member of class 'Evaluator'
   ==> src\select_query_parser.cj:198:27:
    | 
198 |                 Evaluator.AttributeStarting(__k2cjRuneSlice(key, 1, key.toRuneArray().size))
    |                           ^^^^^^^^^^^^^^^^^ 
    | 

error[0m: 'AttributeStarting' is not a member of class 'Evaluator'
   ==> src\select_query_parser.cj:200:27:
    | 
200 |                 Evaluator.AttributeStarting("")
    |                           ^^^^^^^^^^^^^^^^^ 
    | 

error[0m: 'Attribute' is not a member of class 'Evaluator'
   ==> src\select_query_parser.cj:202:27:
    | 
202 |                 Evaluator.Attribute(key)
    |                           ^^^^^^^^^ 
    | 

error[0m: 'AttributeWithValue' is not a member of class 'Evaluator'
   ==> src\select_query_parser.cj:206:34:
    | 
206 |                 eval = Evaluator.AttributeWithValue(key, cq.remainder())
    |                                  ^^^^^^^^^^^^^^^^^^ 
    | 

error[0m: 'AttributeWithValueNot' is not a member of class 'Evaluator'
   ==> src\select_query_parser.cj:208:34:
    | 
208 |                 eval = Evaluator.AttributeWithValueNot(key, cq.remainder())
    |                                  ^^^^^^^^^^^^^^^^^^^^^ 
    | 

error[0m: 'AttributeWithValueStarting' is not a member of class 'Evaluator'
   ==> src\select_query_parser.cj:210:34:
    | 
210 |                 eval = Evaluator.AttributeWithValueStarting(key, cq.remainder())
    |                                  ^^^^^^^^^^^^^^^^^^^^^^^^^^ 
    | 

error[0m: 'AttributeWithValueEnding' is not a member of class 'Evaluator'
   ==> src\select_query_parser.cj:212:34:
    | 
212 |                 eval = Evaluator.AttributeWithValueEnding(key, cq.remainder())
    |                                  ^^^^^^^^^^^^^^^^^^^^^^^^ 
    | 

error[0m: 'AttributeWithValueContaining' is not a member of class 'Evaluator'
   ==> src\select_query_parser.cj:214:34:
    | 
214 |                 eval = Evaluator.AttributeWithValueContaining(key, cq.remainder())
    |                                  ^^^^^^^^^^^^^^^^^^^^^^^^^^^^ 
    | 

error[0m: 'AttributeWithValueMatching' is not a member of class 'Evaluator'
   ==> src\select_query_parser.cj:216:34:
    | 
216 |                 eval = Evaluator.AttributeWithValueMatching(key, jsSupportedRegex(cq.remainder()))
    |                                  ^^^^^^^^^^^^^^^^^^^^^^^^^^ 
    | 

error[0m: 'SelectorParseException' is not a member of class 'Selector'
   ==> src\select_query_parser.cj:218:32:
    | 
218 |                 throw Selector.SelectorParseException("Could not parse attribute query '${query}': unexpected token at '${cq.remainder()}'")
    |                                ^^^^^^^^^^^^^^^^^^^^^^ 
    | 

error[0m: undeclared identifier 'normalize'
   ==> src\select_query_parser.cj:224:19:
    | 
224 |         let arg = normalize(consumeParens())
    |                   ^ 
    | 

error[0m: undeclared identifier 'Regex'
   ==> src\select_query_parser.cj:409:16:
    | 
409 |         return Regex("(([+-])?(\\d+)?)n(\\s*([+-])?\\s*\\d+)?", RegexOption.IGNORE_CASE)
    |                ^ 
    | 

error[0m: enum pattern is not matched
   ==> src\select_query_parser.cj:230:22:
    | 
230 |             (if (let Some(m) <- QueryParser.NthStepOffset().matchEntire(arg)) {
    |                      ^ 
    | 

error[0m: undeclared identifier 'm'
   ==> src\select_query_parser.cj:231:33:
    | 
231 |                 let signGroup = m.groupValues[2]
    |                                 ^ 
    | 

error[0m: undeclared identifier 'm'
   ==> src\select_query_parser.cj:232:35:
    | 
232 |                 let digitsGroup = m.groupValues[3]
    |                                   ^ 
    | 

error[0m: undeclared identifier 'm'
   ==> src\select_query_parser.cj:233:35:
    | 
233 |                 let offsetGroup = m.groupValues[4]
    |                                   ^ 
    | 

error[0m: undeclared identifier 'm'
   ==> src\select_query_parser.cj:235:33:
    | 
235 |                     Int64.parse(m.groupValues[1].replaceFirst("^\\+".toRegex(), ""))
    |                                 ^ 
    | 

error[0m: 'IsNthLastOfType' is not a member of class 'Evaluator'
   ==> src\select_query_parser.cj:256:23:
    | 
256 |             Evaluator.IsNthLastOfType(step, offset)
    |                       ^^^^^^^^^^^^^^^ 
    | 

error[0m: 'IsNthOfType' is not a member of class 'Evaluator'
   ==> src\select_query_parser.cj:258:23:
    | 
258 |             Evaluator.IsNthOfType(step, offset)
    |                       ^^^^^^^^^^^ 
    | 

error[0m: 'IsNthLastChild' is not a member of class 'Evaluator'
   ==> src\select_query_parser.cj:260:23:
    | 
260 |             Evaluator.IsNthLastChild(step, offset)
    |                       ^^^^^^^^^^^^^^ 
    | 

error[0m: 'IsNthChild' is not a member of class 'Evaluator'
   ==> src\select_query_parser.cj:262:23:
    | 
262 |             Evaluator.IsNthChild(step, offset)
    |                       ^^^^^^^^^^ 
    | 

error[0m: extra argument given for parameter list '()' in call
   ==> src\select_query_parser.cj:269:46:
    | 
269 |         let index = consumeParens().trimAscii({ it => it <= r' ' })
    |                                              ^^^^^^^^^^^^^^^^^^^^^^ expected 0 arguments, found 1
    | 
note[0m: found candidate
   ==> (package std.core)string.cj:670:17:

error[0m: undeclared identifier 'isTrue'
   ==> src\select_query_parser.cj:270:9:
    | 
270 |         isTrue(StringUtil.isNumeric(index), "Index must be numeric")
    |         ^ 
    | 

error[0m: 'Has' is not a member of class 'StructuralEvaluator'
   ==> src\select_query_parser.cj:274:56:
    | 
274 |         return parseNested({ it => StructuralEvaluator.Has(it) }, ":has() must have a selector")
    |                                                        ^^^ 
    | 

error[0m: 'Is' is not a member of class 'StructuralEvaluator'
   ==> src\select_query_parser.cj:277:56:
    | 
277 |         return parseNested({ it => StructuralEvaluator.Is(it) }, ":is() must have a selector")
    |                                                        ^^ 
    | 

error[0m: undeclared identifier 'isTrue'
   ==> src\select_query_parser.cj:280:9:
    | 
280 |         isTrue(tq.matchChomp(r'('), err)
    |         ^ 
    | 

error[0m: undeclared identifier 'isTrue'
   ==> src\select_query_parser.cj:282:9:
    | 
282 |         isTrue(tq.matchChomp(r')'), err)
    |         ^ 
    | 

error[0m: no matching function declaration for function call 'notEmpty'
   ==> src\select_query_parser.cj:292:18:
    | 
292 |         Validate.notEmpty(searchText, "${query}(text) query must not be empty")
    |                  ^ 
    | 

error[0m: 'ContainsOwnText' is not a member of class 'Evaluator'
   ==> src\select_query_parser.cj:297:23:
    | 
297 |             Evaluator.ContainsOwnText(searchText)
    |                       ^^^^^^^^^^^^^^^ 
    | 

error[0m: 'ContainsText' is not a member of class 'Evaluator'
   ==> src\select_query_parser.cj:299:23:
    | 
299 |             Evaluator.ContainsText(searchText)
    |                       ^^^^^^^^^^^^ 
    | 

error[0m: no matching function declaration for function call 'notEmpty'
   ==> src\select_query_parser.cj:309:18:
    | 
309 |         Validate.notEmpty(searchText, "${query}(text) query must not be empty")
    |                  ^ 
    | 

error[0m: 'ContainsWholeOwnText' is not a member of class 'Evaluator'
   ==> src\select_query_parser.cj:311:23:
    | 
311 |             Evaluator.ContainsWholeOwnText(searchText)
    |                       ^^^^^^^^^^^^^^^^^^^^ 
    | 

error[0m: 'ContainsWholeText' is not a member of class 'Evaluator'
   ==> src\select_query_parser.cj:313:23:
    | 
313 |             Evaluator.ContainsWholeText(searchText)
    |                       ^^^^^^^^^^^^^^^^^ 
    | 

error[0m: no matching function declaration for function call 'notEmpty'
   ==> src\select_query_parser.cj:318:18:
    | 
318 |         Validate.notEmpty(searchText, ":containsData(text) query must not be empty")
    |                  ^ 
    | 

error[0m: 'ContainsData' is not a member of class 'Evaluator'
   ==> src\select_query_parser.cj:319:26:
    | 
319 |         return Evaluator.ContainsData(searchText)
    |                          ^^^^^^^^^^^^ 
    | 

error[0m: no matching function declaration for function call 'notEmpty'
   ==> src\select_query_parser.cj:328:18:
    | 
328 |         Validate.notEmpty(regex, "${query}(regex) query must not be empty")
    |                  ^ 
    | 

error[0m: 'MatchesValue' is not a member of class 'NodeEvaluator'
   ==> src\select_query_parser.cj:331:27:
    | 
331 |             NodeEvaluator.MatchesValue(compiled)
    |                           ^^^^^^^^^^^^ 
    | 

error[0m: 'MatchesOwn' is not a member of class 'Evaluator'
   ==> src\select_query_parser.cj:333:23:
    | 
333 |             Evaluator.MatchesOwn(compiled)
    |                       ^^^^^^^^^^ 
    | 

error[0m: 'Matches' is not a member of class 'Evaluator'
   ==> src\select_query_parser.cj:335:23:
    | 
335 |             Evaluator.Matches(compiled)
    |                       ^^^^^^^ 
    | 

error[0m: no matching function declaration for function call 'notEmpty'
   ==> src\select_query_parser.cj:345:18:
    | 
345 |         Validate.notEmpty(regex, "${query}(regex) query must not be empty")
    |                  ^ 
    | 

error[0m: 'MatchesWholeOwnText' is not a member of class 'Evaluator'
   ==> src\select_query_parser.cj:348:23:
    | 
348 |             Evaluator.MatchesWholeOwnText(pattern)
    |                       ^^^^^^^^^^^^^^^^^^^ 
    | 

error[0m: 'MatchesWholeText' is not a member of class 'Evaluator'
   ==> src\select_query_parser.cj:350:23:
    | 
350 |             Evaluator.MatchesWholeText(pattern)
    |                       ^^^^^^^^^^^^^^^^ 
    | 

error[0m: no matching function declaration for function call 'notEmpty'
   ==> src\select_query_parser.cj:355:18:
    | 
355 |         Validate.notEmpty(subQuery, ":not(selector) subselect must not be empty")
    |                  ^ 
    | 

error[0m: 'Not' is not a member of class 'StructuralEvaluator'
   ==> src\select_query_parser.cj:356:36:
    | 
356 |         return StructuralEvaluator.Not(parse(subQuery))
    |                                    ^^^ 
    | 

error[0m: 'use' is not a member of class 'QueryParser'
   ==> src\select_query_parser.cj:375:32:
    | 
375 |             QueryParser(query).use({ it => it.parse() })
    |                                ^^^ 
    | 

error[0m: 'SelectorParseException' is not a member of class 'Selector'
   ==> src\select_query_parser.cj:377:28:
    | 
377 |             throw Selector.SelectorParseException(e.message)
    |                            ^^^^^^^^^^^^^^^^^^^^^^ 
    | 

error[0m: generic type should be used with type argument
   ==> src\select_query_parser.cj:383:98:
    | 
383 |                 let run = (if (left is ImmediateParentRun) { left as ImmediateParentRun } else { None }) ?? ImmediateParentRun(left)
    |                                                                                                  ^ 
    | 

error[0m: 'Ancestor' is not a member of class 'StructuralEvaluator'
   ==> src\select_query_parser.cj:386:57:
    | 
386 |             case r' ' => return and(StructuralEvaluator.Ancestor(left), right)
    |                                                         ^^^^^^^^ 
    | 

error[0m: 'ImmediatePreviousSibling' is not a member of class 'StructuralEvaluator'
   ==> src\select_query_parser.cj:387:57:
    | 
387 |             case r'+' => return and(StructuralEvaluator.ImmediatePreviousSibling(left), right)
    |                                                         ^^^^^^^^^^^^^^^^^^^^^^^^ 
    | 

error[0m: 'PreviousSibling' is not a member of class 'StructuralEvaluator'
   ==> src\select_query_parser.cj:388:57:
    | 
388 |             case r'~' => return and(StructuralEvaluator.PreviousSibling(left), right)
    |                                                         ^^^^^^^^^^^^^^^ 
    | 

error[0m: 'SelectorParseException' is not a member of class 'Selector'
   ==> src\select_query_parser.cj:389:38:
    | 
389 |             case _ => throw Selector.SelectorParseException("Unknown combinator '${combinator}'")}
    |                                      ^^^^^^^^^^^^^^^^^^^^^^ 
    | 

error[0m: 'add' is not a member of class 'Evaluator'
   ==> src\select_query_parser.cj:393:18:
    | 
393 |             left.add(right)
    |                  ^^^ 
    | 

error[0m: 'Or' is not a member of class 'CombiningEvaluator'
   ==> src\select_query_parser.cj:396:35:
    | 
396 |         return CombiningEvaluator.Or(left, right)
    |                                   ^^ 
    | 

error[0m: 'add' is not a member of class 'Evaluator'
   ==> src\select_query_parser.cj:403:31:
    | 
403 |             left.getOrThrow().add(right)
    |                               ^^^ 
    | 

error[0m: mismatched types
   ==> src\select_query_parser.cj:404:20:
    | 
404 |             return left
    |                    ^^^^ expected 'Class-Evaluator', found 'Enum-Option<Class-Evaluator>'
    | 

error[0m: 'And' is not a member of class 'CombiningEvaluator'
   ==> src\select_query_parser.cj:406:35:
    | 
406 |         return CombiningEvaluator.And(left, right)
    |                                   ^^^ 
    | 

error[0m: undeclared identifier 'Regex'
   ==> src\select_query_parser.cj:412:16:
    | 
412 |         return Regex("([+-])?(\\d+)")
    |                ^ 
    | 

error[0m: no matching function declaration for function call 'notEmpty'
 ==> src\select_selector.cj:9:18:
  | 
9 |         Validate.notEmpty(query)
  |                  ^ 
  | 

error[0m: no matching function declaration for function call 'notEmpty'
  ==> src\select_selector.cj:16:18:
   | 
16 |         Validate.notEmpty(query)
   |                  ^ 
   | 

error[0m: no matching function declaration for function call 'selectStream'
  ==> src\select_selector.cj:17:16:
   | 
17 |         return selectStream(evaluatorOf(query), root)
   |                ^ 
   | 

error[0m: no matching function declaration for function call 'notEmpty'
  ==> src\select_selector.cj:23:18:
   | 
23 |         Validate.notEmpty(query)
   |                  ^ 
   | 

error[0m: generics type arguments do not match the constraint of 'Class-HashSet<Generics-T>'
  ==> src\select_selector.cj:26:35:
   | 
26 |         let seenElements: HashSet<?Element> = HashSet()
   |                                   ^ 
   | 
note[0m: 'Enum-Option<Class-Element>' is not a subtype of 'Interface-Hashable'
  ==> (package std.collection)hash_set.cj:28:41:

error[0m: unable to infer generic argument of this function
  ==> src\select_selector.cj:26:47:
   | 
26 |         let seenElements: HashSet<?Element> = HashSet()
   |                                               ^^^^^^^ 
   | 
note[0m: following constraints for type variable 'Generics-T' cannot be solved:
      'Generics-T <: Interface-Equatable<Generics-T>'
      'Generics-T <: Interface-Hashable'
  ==> (package std.collection)hash_set.cj:28:22:

error[0m: no matching function declaration for function call 'selectStream'
  ==> src\select_selector.cj:28:41:
   | 
28 |             for (_e in collectArrayList(selectStream(evaluator, root).iterator().filter(seenElements.add))) { (elements.add)(_e) }
   |                                         ^ 
   | 

error[0m: 'add' is not a member of class 'Elements'
  ==> src\select_selector.cj:28:121:
   | 
28 |             for (_e in collectArrayList(selectStream(evaluator, root).iterator().filter(seenElements.add))) { (elements.add)(_e) }
   |                                                                                                                         ^^^ 
   | 

error[0m: invalid binary operator '==' on type 'Class-Element' and 'Enum-Option<Class-Element>'
  ==> src\select_selector.cj:37:25:
   | 
37 |                 if ((el == out)) {
   |                         ^^ 
   | 
   # note: you may want to implement 'operator func ==(right: Enum-Option<Class-Element>)' for type 'Class-Element'

error[0m: 'add' is not a member of class 'Elements'
  ==> src\select_selector.cj:43:24:
   | 
43 |                 output.add(el)
   |                        ^^^ 
   | 

error[0m: no matching function declaration for function call 'notEmpty'
  ==> src\select_selector.cj:49:18:
   | 
49 |         Validate.notEmpty(cssQuery)
   |                  ^ 
   | 

error[0m: no matching function declaration for function call 'notEmpty'
  ==> src\select_selector.cj:53:18:
   | 
53 |         Validate.notEmpty(cssQuery)
   |                  ^ 
   | 

error[0m: 'use' is not a member of class 'TokenQueue'
  ==> src\select_selector.cj:68:34:
   | 
68 |         return TokenQueue(input).use({ tq => tq.consumeCssIdentifier() })
   |                                  ^^^ 
   | 

error[0m: mismatched types
  ==> src\select_selector.cj:78:15:
   | 
78 |         super(msg)
   |               ^^^ expected 'Struct-String', found 'Enum-Option<Struct-String>'
   | 

error[0m: extra argument given for parameter list '(Struct-String)' in call
  ==> src\select_selector.cj:81:14:
   | 
81 |         super(msg, cause)
   |              ^^^^^^^^^^^^ expected 1 argument, found 2
   | 
note[0m: found candidate
  ==> (package std.core)illegal_state_exception.cj:16:12:

error[0m: 'contains' is not a member of class 'IdentityHashMap<Class-Node, Class-IdentityHashMap<Class-Node, Bool>>'
  ==> src\select_structural_evaluator.cj:17:39:
   | 
17 |         let memo = ({ => if (rootMemo.contains(root)) { rootMemo[root] } else { let _v = ({ => IdentityHashMap() })(); rootMemo[root] = _v; _v } })()
   |                                       ^^^^^^^^ 
   | 

error[0m: invalid subscript operator [] on type 'Class-IdentityHashMap<Class-Node, Class-IdentityHashMap<Class-Node, Bool>>' with index type 'Class-Element'
  ==> src\select_structural_evaluator.cj:17:57:
   | 
17 |         let memo = ({ => if (rootMemo.contains(root)) { rootMemo[root] } else { let _v = ({ => IdentityHashMap() })(); rootMemo[root] = _v; _v } })()
   |                                                         ^^^^^^^^^^^^^^ 
   | 
   # note: you may want to implement 'operator func [](index0: Class-Element)' for type 'Class-IdentityHashMap<Class-Node, Class-IdentityHashMap<Class-Node, Bool>>'

error[0m: unable to infer generic argument of this function
  ==> src\select_structural_evaluator.cj:17:96:
   | 
17 |         let memo = ({ => if (rootMemo.contains(root)) { rootMemo[root] } else { let _v = ({ => IdentityHashMap() })(); rootMemo[root] = _v; _v } })()
   |                                                                                                ^^^^^^^^^^^^^^^ 
   | 

error[0m: invalid binary operator '==' on type 'Class-Element' and 'Class-Element'
  ==> src\select_structural_evaluator.cj:36:21:
   | 
36 |         return root == element
   |                     ^^ 
   | 
   # note: you may want to implement 'operator func ==(right: Class-Element)' for type 'Class-Element'

error[0m: no matching constructor for call 'NodeIterator'
  ==> src\select_structural_evaluator.cj:52:30:
   | 
52 |         return SoftPool({ => NodeIterator(TextNode(""), Node) })
   |                              ^ 
   | 

error[0m: invalid binary operator '!=' on type 'Enum-Option<Class-Element>' and 'Class-Element'
  ==> src\select_structural_evaluator.cj:59:26:
   | 
59 |                 if ((sib != element) && evaluator.matches(element, sib)) {
   |                          ^^ 
   | 
   # note: you may want to implement 'operator func !=(right: Class-Element)' for type 'Enum-Option<Class-Element>'

error[0m: 'nextElementSibling' is not a member of enum 'Option<Class-Element>'
  ==> src\select_structural_evaluator.cj:62:27:
   | 
62 |                 sib = sib.nextElementSibling()
   |                           ^^^^^^^^^^^^^^^^^^ 
   | 

error[0m: invalid binary operator '==' on type 'Class-Node' and 'Class-Element'
  ==> src\select_structural_evaluator.cj:70:26:
   | 
70 |                 if (node == element) {
   |                          ^^ 
   | 
   # note: you may want to implement 'operator func ==(right: Class-Element)' for type 'Class-Node'

error[0m: 'evaluators' is not a member of class 'Evaluator'
  ==> src\select_structural_evaluator.cj:87:36:
   | 
87 |             for (innerEval in eval.evaluators) {
   |                                    ^^^^^^^^^^ 
   | 

error[0m: the type 'Class-Evaluator' should implement interface 'ToString' in the 'core' package
  ==> src\select_structural_evaluator.cj:99:23:
   | 
99 |         return ":has(${evaluator})"
   |                       ^ 
   | 

error[0m: the type 'Class-Evaluator' should implement interface 'ToString' in the 'core' package
   ==> src\select_structural_evaluator.cj:114:22:
    | 
114 |         return ":is(${evaluator})"
    |                      ^ 
    | 

error[0m: the type 'Class-Evaluator' should implement interface 'ToString' in the 'core' package
   ==> src\select_structural_evaluator.cj:129:23:
    | 
129 |         return ":not(${evaluator})"
    |                       ^ 
    | 

error[0m: invalid binary operator '==' on type 'Class-Element' and 'Class-Node'
   ==> src\select_structural_evaluator.cj:138:18:
    | 
138 |         if (root == node) {
    |                  ^^ 
    | 
    # note: you may want to implement 'operator func ==(right: Class-Node)' for type 'Class-Element'

error[0m: mismatched types
   ==> src\select_structural_evaluator.cj:143:35:
    | 
143 |             if (memoMatches(root, parent)) {
    |                                   ^^^^^^ expected 'Class-Node', found 'Enum-Option<Class-Node>'
    | 

error[0m: invalid binary operator '==' on type 'Enum-Option<Class-Node>' and 'Class-Element'
   ==> src\select_structural_evaluator.cj:146:24:
    | 
146 |             if (parent == root) {
    |                        ^^ 
    | 
    # note: you may want to implement 'operator func ==(right: Class-Element)' for type 'Enum-Option<Class-Node>'

error[0m: 'parent' is not a member of enum 'Option<Class-Node>'
   ==> src\select_structural_evaluator.cj:149:29:
    | 
149 |             parent = parent.parent()
    |                             ^^^^^^ 
    | 

error[0m: the type 'Class-Evaluator' should implement interface 'ToString' in the 'core' package
   ==> src\select_structural_evaluator.cj:157:18:
    | 
157 |         return "${evaluator} "
    |                  ^ 
    | 

error[0m: invalid binary operator '|' on type 'Bool' and 'Bool'
   ==> src\select_structural_evaluator.cj:172:35:
    | 
172 |         _wantsNodes = _wantsNodes | evaluator.wantsNodes()
    |                                   ^ 
    | 
    # note: you may want to implement 'operator func |(right: Bool)' for type 'Bool'

error[0m: invalid binary operator '==' on type 'Enum-Option<Class-Node>' and 'Class-Element'
   ==> src\select_structural_evaluator.cj:176:16:
    | 
176 |         if (el == root) {
    |                ^^ 
    | 
    # note: you may want to implement 'operator func ==(right: Class-Element)' for type 'Enum-Option<Class-Node>'

error[0m: mismatched types
   ==> src\select_structural_evaluator.cj:184:37:
    | 
184 |             if (!eval.matches(root, el)) {
    |                                     ^^ expected 'Class-Element', found 'Enum-Option<Class-Node>'
    | 

error[0m: mismatched types
   ==> src\select_structural_evaluator.cj:201:32:
    | 
201 |         return StringUtil.join(evaluators, " > ")
    |                                ^^^^^^^^^^ expected 'Class-ArrayList<Class-Object>', found 'Class-ArrayList<Class-Evaluator>'
    | 

error[0m: invalid binary operator '==' on type 'Class-Element' and 'Class-Node'
   ==> src\select_structural_evaluator.cj:210:18:
    | 
210 |         if (root == node) {
    |                  ^^ 
    | 
    # note: you may want to implement 'operator func ==(right: Class-Node)' for type 'Class-Element'

error[0m: invalid binary operator '==' on type 'Enum-Option<Class-Node>' and 'Class-Node'
   ==> src\select_structural_evaluator.cj:215:25:
    | 
215 |             if (sibling == node) {
    |                         ^^ 
    | 
    # note: you may want to implement 'operator func ==(right: Class-Node)' for type 'Enum-Option<Class-Node>'

error[0m: mismatched types
   ==> src\select_structural_evaluator.cj:218:35:
    | 
218 |             if (memoMatches(root, sibling)) {
    |                                   ^^^^^^^ expected 'Class-Node', found 'Enum-Option<Class-Node>'
    | 

error[0m: 'nextElementSibling' is not a member of enum 'Option<Class-Node>'
   ==> src\select_structural_evaluator.cj:221:31:
    | 
221 |             sibling = sibling.nextElementSibling()
    |                               ^^^^^^^^^^^^^^^^^^ 
    | 

error[0m: the type 'Class-Evaluator' should implement interface 'ToString' in the 'core' package
   ==> src\select_structural_evaluator.cj:229:18:
    | 
229 |         return "${evaluator} ~ "
    |                  ^ 
    | 

error[0m: invalid binary operator '==' on type 'Class-Element' and 'Class-Node'
   ==> src\select_structural_evaluator.cj:238:18:
    | 
238 |         if (root == node) {
    |                  ^^ 
    | 
    # note: you may want to implement 'operator func ==(right: Class-Node)' for type 'Class-Element'

error[0m: 'isSome' is not a member of interface 'ToString'
   ==> src\select_structural_evaluator.cj:246:22:
    | 
246 |         return (prev.isSome()) && memoMatches(root, prev)
    |                      ^^^^^^ 
    | 

error[0m: mismatched types
   ==> src\select_structural_evaluator.cj:246:53:
    | 
246 |         return (prev.isSome()) && memoMatches(root, prev)
    |                                                     ^^^^ expected 'Class-Node', found 'Interface-ToString'
    | 

error[0m: the type 'Class-Evaluator' should implement interface 'ToString' in the 'core' package
   ==> src\select_structural_evaluator.cj:252:18:
    | 
252 |         return "${evaluator} + "
    |                  ^ 
    | 

warning[0m: unused import 'std.collection.*'
 ==> src\nodes_data_node.cj:3:1:
  | 
3 | import std.collection.*
  | ^^^^^^^^^^^^^^^^^^^^^^^ unused import
  | 
  # note: this warning can be suppressed by setting the compiler option `-Woff unused`

warning[0m: unused import 'std.convert.*'
 ==> src\nodes_entities.cj:5:1:
  | 
5 | import std.convert.*
  | ^^^^^^^^^^^^^^^^^^^^ unused import
  | 
  # note: this warning can be suppressed by setting the compiler option `-Woff unused`

warning[0m: unused import 'std.convert.*'
 ==> src\parser_token_queue.cj:3:1:
  | 
3 | import std.convert.*
  | ^^^^^^^^^^^^^^^^^^^^ unused import
  | 
  # note: this warning can be suppressed by setting the compiler option `-Woff unused`

error[0m: instance member function 'attributes' cannot be accessed in the constructor of open class 'Element'
  ==> src\nodes_element.cj:19:14:
   | 
19 |         this.attributes = attributes
   |              ^ 
   | 

error[0m: instance member function 'tag' cannot be accessed in the constructor of open class 'Element'
  ==> src\nodes_element.cj:20:14:
   | 
20 |         this.tag = tag
   |              ^ 
   | 

error[0m: instance member function 'setBaseUri' cannot be accessed in the constructor of open class 'Element'
  ==> src\nodes_element.cj:23:18:
   | 
23 |             this.setBaseUri(baseUri.getOrThrow())
   |                  ^ 
   | 

error[0m: expected member name or constructor call after 'TextNode' type name
  ==> src\nodes_printer.cj:29:21:
   | 
29 |         if (node == TextNode) {
   |                     ^ 
   | 
note[0m: found candidate
  ==> src\nodes_text_node.cj:14:1:
   | 
14 | open class TextNode <: LeafNode & ToString {
   | ^ 
   | 

error[0m: instance member function 'startPos' cannot be accessed in the constructor of open class 'Character'
   ==> src\parser_token.cj:349:14:
    | 
349 |         this.startPos = source.startPos
    |              ^ 
    | 

error[0m: instance member function 'endPos' cannot be accessed in the constructor of open class 'Character'
   ==> src\parser_token.cj:350:14:
    | 
350 |         this.endPos = source.endPos
    |              ^ 
    | 

error[0m: instance member function 'data' cannot be accessed in the constructor of open class 'Character'
   ==> src\parser_token.cj:351:14:
    | 
351 |         this.data.set(source.data.value())
    |              ^ 
    | 

error[0m: can not access field 'entries'
   ==> src\parser_xml_tree_builder.cj:207:23:
    | 
207 |         for (entry in attrPrefix.entries) {
    |                       ^ 
    | 

error[0m: can not access field 'length'
  ==> src\ported_character.cj:79:59:
   | 
79 |         if (firstChar.isHighSurrogate() && ((index + 1) < length)) {
   |                                                           ^ 
   | 

error[0m: instance member function 'updateEvaluators' cannot be accessed in the constructor of open class 'CombiningEvaluator'
  ==> src\select_combining_evaluator.cj:15:9:
   | 
15 |         updateEvaluators()
   |         ^ 
   | 

error[0m: the uninitialized member variable 'stack' is not initialized in the constructor of class or struct
 ==> src\internal_soft_pool.cj:5:5:
  | 
5 |     init(initializer: () -> T) {
  |     ^ 
  | 

error[0m: 'InitBuilderSize' is not allowed to be accessed before all member variables are initialized
  ==> src\internal_string_util.cj:11:56:
   | 
11 |         this.BuilderPool = SoftPool({ => StringBuilder(InitBuilderSize) })
   |                                                        ^ 
   | 

error[0m: variable 'base' is used before initialization
  ==> src\internal_unbaser.cj:11:31:
   | 
11 |     let selector: Int64 = if (base > 62) {
   |                               ^ 
   | 

error[0m: variable 'base' is used before initialization
  ==> src\internal_unbaser.cj:13:16:
   | 
13 |     } else if (base > 54) {
   |                ^ 
   | 

error[0m: variable 'base' is used before initialization
  ==> src\internal_unbaser.cj:15:16:
   | 
15 |     } else if (base > 52) {
   |                ^ 
   | 

error[0m: 'selector' is not allowed to be accessed before all member variables are initialized
  ==> src\internal_unbaser.cj:20:57:
   | 
20 |     let dict = { => collectArrayList(Unbaser.ALPHABET()[selector].iterator().enumerate().map({ _p => ({ index, c => (c, index) })(_p[0], _p[1]) }))?.toMap() }()
   |                                                         ^ 
   | 

error[0m: the uninitialized member variable 'key' is not initialized in the constructor of class or struct
  ==> src\nodes_attribute.cj:17:5:
   | 
17 |     init(key: String, value: ?String, parent: ?Attributes) {
   |     ^ 
   | 

error[0m: the uninitialized member variable 'size' is not initialized in the constructor of class or struct
   ==> src\nodes_attributes.cj:366:5:
    | 
366 |     init(attributes: Attributes) {
    |     ^ 
    | 

error[0m: the uninitialized member variable '_isPacked' is not initialized in the constructor of class or struct
 ==> src\nodes_data_node.cj:6:5:
  | 
6 |     init(data: String) {
  |     ^ 
  | 

error[0m: 'this' is not allowed to be accessed before all member variables are initialized
  ==> src\nodes_data_node.cj:18:16:
   | 
18 |         return this
   |                ^ 
   | 

error[0m: 'attributes' is not allowed to be accessed before all member variables are initialized
  ==> src\nodes_element.cj:19:9:
   | 
19 |         this.attributes = attributes
   |         ^ 
   | 

error[0m: 'setBaseUri' is not allowed to be accessed before all member variables are initialized
  ==> src\nodes_element.cj:23:13:
   | 
23 |             this.setBaseUri(baseUri.getOrThrow())
   |             ^ 
   | 

error[0m: the uninitialized member variable '_tag' is not initialized in the constructor of class or struct
  ==> src\nodes_element.cj:17:5:
   | 
17 |     init(tag: Tag, baseUri: ?String, attributes: ?Attributes) {
   |     ^ 
   | 

error[0m: the uninitialized member variable 'size' is not initialized in the constructor of class or struct
   ==> src\nodes_element.cj:955:5:
    | 
955 |     init(initialCapacity: Int64) {
    |     ^ 
    | 

error[0m: the uninitialized member variable 'parser' is not initialized in the constructor of class or struct
 ==> src\parser_tree_builder.cj:6:5:
  | 
6 |     var parser: Parser
  |     ^ 
  | 

error[0m: the uninitialized member variable 'reader' is not initialized in the constructor of class or struct
 ==> src\parser_tree_builder.cj:7:5:
  | 
7 |     var reader: CharacterReader
  |     ^ 
  | 

error[0m: the uninitialized member variable 'doc' is not initialized in the constructor of class or struct
 ==> src\parser_tree_builder.cj:9:5:
  | 
9 |     var doc: Document
  |     ^ 
  | 

error[0m: the uninitialized member variable 'baseUri' is not initialized in the constructor of class or struct
  ==> src\parser_tree_builder.cj:11:5:
   | 
11 |     var baseUri: String
   |     ^ 
   | 

error[0m: the uninitialized member variable 'currentToken' is not initialized in the constructor of class or struct
  ==> src\parser_tree_builder.cj:12:5:
   | 
12 |     var currentToken: Token
   |     ^ 
   | 

error[0m: the uninitialized member variable 'settings' is not initialized in the constructor of class or struct
  ==> src\parser_tree_builder.cj:13:5:
   | 
13 |     var settings: ParseSettings
   |     ^ 
   | 

error[0m: the uninitialized member variable 'tagSet' is not initialized in the constructor of class or struct
  ==> src\parser_tree_builder.cj:14:5:
   | 
14 |     var tagSet: TagSet
   |     ^ 
   | 

error[0m: the uninitialized member variable 'start' is not initialized in the constructor of class or struct
  ==> src\parser_tree_builder.cj:16:5:
   | 
16 |     var start: Token.StartTag
   |     ^ 
   | 

error[0m: the uninitialized member variable 'end' is not initialized in the constructor of class or struct
  ==> src\parser_tree_builder.cj:17:5:
   | 
17 |     var end: Token.EndTag
   |     ^ 
   | 

error[0m: 'this' is not allowed to be accessed before all member variables are initialized
  ==> src\parser_tree_builder.cj:35:31:
   | 
35 |         tokeniser = Tokeniser(this)
   |                               ^ 
   | 

error[0m: the uninitialized member variable 'document' is not initialized in the constructor of class or struct
   ==> src\parser_html_tree_builder.cj:145:5:
    | 
145 |     let document: Document
    |     ^ 
    | 

error[0m: the uninitialized member variable '_settings' is not initialized in the constructor of class or struct
  ==> src\parser_parser.cj:13:5:
   | 
13 |     init(treeBuilder: TreeBuilder) {
   |     ^ 
   | 

error[0m: variable 'parser' is used before initialization
  ==> src\parser_stream_parser.cj:11:23:
   | 
11 |     let treeBuilder = parser.getTreeBuilder()
   |                       ^ 
   | 

error[0m: variable 'treeBuilder' is used before initialization
   ==> src\parser_token.cj:124:29:
    | 
124 |     let trackSource: Bool = treeBuilder.trackSourceRange
    |                             ^ 
    | 

error[0m: variable 'startPending' is used before initialization
  ==> src\parser_tokeniser.cj:27:33:
   | 
27 |     var tagPending: Token.Tag = startPending
   |                                 ^ 
   | 

error[0m: the uninitialized member variable 'current' is not initialized in the constructor of class or struct
  ==> src\platform.cj:24:5:
   | 
24 |     private init() {}
   |     ^ 
   | 

error[0m: variable 'value' is used before initialization
  ==> src\ported_code_point.cj:11:32:
   | 
11 |     let charCount: Int64 = if (value >= Character.MIN_SUPPLEMENTARY_CODE_POINT) {
   |                                ^ 
   | 

error[0m: the uninitialized member variable 'size' is not initialized in the constructor of class or struct
 ==> src\ported_identity_hash_map.cj:7:5:
  | 
7 |     let size: Int64
  |     ^ 
  | 

error[0m: the uninitialized member variable 'entries' is not initialized in the constructor of class or struct
  ==> src\ported_identity_hash_map.cj:20:5:
   | 
20 |     let entries: HashSet<MutableMap.MutableEntry<K, V>>
   |     ^ 
   | 

error[0m: the uninitialized member variable 'keys' is not initialized in the constructor of class or struct
  ==> src\ported_identity_hash_map.cj:21:5:
   | 
21 |     let keys: HashSet<K>
   |     ^ 
   | 

error[0m: the uninitialized member variable 'values' is not initialized in the constructor of class or struct
  ==> src\ported_identity_hash_map.cj:22:5:
   | 
22 |     let values: MutableCollection<V>
   |     ^ 
   | 

error[0m: the uninitialized member variable 'key' is not initialized in the constructor of class or struct
  ==> src\ported_identity_hash_map.cj:55:5:
   | 
55 |     init(original: MutableMap.MutableEntry<IdentityWrapper<K>, V>) {
   |     ^ 
   | 

error[0m: cannot capture variable 'right' before initialization
   ==> src\select_query_parser.cj:155:13:
    | 
155 |             right = it
    |             ^^^^^ 
    | 

error[0m: variable 'right' is used before initialization
   ==> src\select_query_parser.cj:158:30:
    | 
158 |             left = and(left, right.getOrThrow())
    |                              ^ 
    | 

error[0m: variable 'evaluator' is used before initialization
  ==> src\select_structural_evaluator.cj:10:29:
   | 
10 |     var _wantsNodes: Bool = evaluator.wantsNodes()
   |                             ^ 
   | 

error[0m: 'evalWantsSiblings' is not allowed to be accessed before all member variables are initialized
  ==> src\select_structural_evaluator.cj:49:30:
   | 
49 |         this.checkSiblings = evalWantsSiblings(evaluator)
   |                              ^ 
   | 

error[0m: class 'WeakReference' missing abstract modifier, otherwise abstract function or property should be implemented
 ==> src\internal_weak_reference.cj:3:1:
  | 
3 | class WeakReference<T> {
  | ^ 
  | 
note[0m: unimplemented abstract function get
 ==> src\internal_weak_reference.cj:6:5:
  | 
6 |     public func get(): ?T
  |     ^ 
  | 

error[0m: 'override' function 'equals' does not have an overridden function in its supertype
   ==> src\nodes_attribute.cj:119:5:
    | 
119 |     public open override func equals(other: ?Object): Bool {
    |     ^ 
    | 

error[0m: 'override' function 'hashCode' does not have an overridden function in its supertype
   ==> src\nodes_attribute.cj:132:5:
    | 
132 |     public open override func hashCode(): Int64 {
    |     ^ 
    | 

error[0m: 'override' function 'clone' does not have an overridden function in its supertype
   ==> src\nodes_attributes.cj:297:5:
    | 
297 |     public override func clone(): Attributes {
    |     ^ 
    | 

error[0m: 'override' function 'equals' does not have an overridden function in its supertype
   ==> src\nodes_attributes.cj:271:5:
    | 
271 |     public override func equals(other: ?Object): Bool {
    |     ^ 
    | 

error[0m: 'override' function 'hashCode' does not have an overridden function in its supertype
   ==> src\nodes_attributes.cj:291:5:
    | 
291 |     public override func hashCode(): Int64 {
    |     ^ 
    | 

error[0m: 'override' function 'clone' does not have an overridden function in its supertype
   ==> src\nodes_node.cj:484:5:
    | 
484 |     public open override func clone(): Node {
    |     ^ 
    | 

error[0m: 'override' function 'equals' does not have an overridden function in its supertype
   ==> src\nodes_node.cj:467:5:
    | 
467 |     public open override func equals(other: ?Object): Bool {
    |     ^ 
    | 

error[0m: 'override' function 'hashCode' does not have an overridden function in its supertype
   ==> src\nodes_node.cj:470:5:
    | 
470 |     public open override func hashCode(): Int64 {
    |     ^ 
    | 

error[0m: return type of 'parent' is not identical or not a subtype of the overridden/redefined/implement function
  ==> src\nodes_leaf_node.cj:31:31:
   | 
31 |     public open override func parent(): ?Element {
   |                               ^^^^^^ 
   | 
note[0m: 'Enum-Option<Class-Element>' is not a subtype of 'Enum-Option<Class-Node>'
   ==> src\nodes_node.cj:139:22:
    | 
139 |     public open func parent(): ?Node {
    |                      ^^^^^^ 
    | 

error[0m: return type of 'empty' is not identical or not a subtype of the overridden/redefined/implement function
  ==> src\nodes_leaf_node.cj:84:31:
   | 
84 |     public open override func empty(): Node {
   |                               ^^^^^ 
   | 
note[0m: 'Class-Node' is not a subtype of 'Enum-Option<Class-Node>'
   ==> src\nodes_node.cj:138:17:
    | 
138 |     public func empty(): ?Node
    |                 ^^^^^ 
    | 

error[0m: variable member 'childNodes' cannot have the same name with function member in parent class or interfaces
 ==> src\nodes_element.cj:9:9:
  | 
9 |     var childNodes: NodeList = Element.EmptyNodeList()
  |         ^^^^^^^^^^ 
  | 
note[0m: found conflict here
   ==> src\nodes_node.cj:117:22:
    | 
117 |     public open func childNodes(): ArrayList<Node> {
    |                      ^^^^^^^^^^ 
    | 

error[0m: return type of 'parent' is not identical or not a subtype of the overridden/redefined/implement function
   ==> src\nodes_element.cj:116:31:
    | 
116 |     public open override func parent(): ?Element {
    |                               ^^^^^^ 
    | 
note[0m: 'Enum-Option<Class-Element>' is not a subtype of 'Enum-Option<Class-Node>'
   ==> src\nodes_node.cj:139:22:
    | 
139 |     public open func parent(): ?Node {
    |                      ^^^^^^ 
    | 

error[0m: return type of 'empty' is not identical or not a subtype of the overridden/redefined/implement function
   ==> src\nodes_element.cj:360:31:
    | 
360 |     public open override func empty(): Element {
    |                               ^^^^^ 
    | 
note[0m: 'Class-Element' is not a subtype of 'Enum-Option<Class-Node>'
   ==> src\nodes_node.cj:138:17:
    | 
138 |     public func empty(): ?Node
    |                 ^^^^^ 
    | 

error[0m: 'override' function 'iterator' does not have an overridden function in its supertype
   ==> src\nodes_element.cj:843:5:
    | 
843 |     public open override func iterator(): Iterator<Element> {
    |     ^ 
    | 

error[0m: class 'Element' missing abstract modifier, otherwise abstract function or property should be implemented
 ==> src\nodes_element.cj:5:1:
  | 
5 | open class Element <: Node & Iterable {
  | ^ 
  | 
note[0m: unimplemented abstract function doSetBaseUri
   ==> src\nodes_node.cj:101:5:
    | 
101 |     public func doSetBaseUri(baseUri: ?String): Unit
    |     ^ 
    | 

error[0m: class 'Document' missing abstract modifier, otherwise abstract function or property should be implemented
 ==> src\nodes_document.cj:6:1:
  | 
6 | class Document <: Element {
  | ^ 
  | 
note[0m: unimplemented abstract function doSetBaseUri
   ==> src\nodes_node.cj:101:5:
    | 
101 |     public func doSetBaseUri(baseUri: ?String): Unit
    |     ^ 
    | 

error[0m: 'override' function 'clone' does not have an overridden function in its supertype
   ==> src\nodes_document.cj:259:5:
    | 
259 |     public override func clone(): OutputSettings {
    |     ^ 
    | 

error[0m: class 'TextAccumulator' missing abstract modifier, otherwise abstract function or property should be implemented
   ==> src\nodes_element.cj:930:1:
    | 
930 | class TextAccumulator <: NodeVisitor {
    | ^ 
    | 
note[0m: unimplemented interface function head
 ==> src\select_node_visitor.cj:4:5:
  | 
4 |     func head(node: Node, depth: Int64): Unit
  |     ^ 
  | 
note[0m: unimplemented interface function tail
 ==> src\select_node_visitor.cj:5:5:
  | 
5 |     func tail(node: Node, depth: Int64): Unit
  |     ^ 
  | 
note[0m: unimplemented interface function traverse
 ==> src\select_node_visitor.cj:6:5:
  | 
6 |     func traverse(root: Node): Unit
  |     ^ 
  | 

error[0m: 'override' function 'add' does not have an overridden function in its supertype
   ==> src\nodes_element.cj:964:5:
    | 
964 |     public open override func add(node: Node): Bool {
    |     ^ 
    | 

error[0m: 'override' function 'addAll' does not have an overridden function in its supertype
   ==> src\nodes_element.cj:975:5:
    | 
975 |     public open override func addAll(elements: ArrayList<Node>): Bool {
    |     ^ 
    | 

error[0m: 'override' function 'addAll' does not have an overridden function in its supertype
   ==> src\nodes_element.cj:982:5:
    | 
982 |     public open override func addAll(index: Int64, elements: ArrayList<Node>): Bool {
    |     ^ 
    | 

error[0m: 'override' function 'clear' does not have an overridden function in its supertype
    ==> src\nodes_element.cj:1028:5:
     | 
1028 |     public open override func clear() {
     |     ^ 
     | 

error[0m: 'override' function 'contains' does not have an overridden function in its supertype
    ==> src\nodes_element.cj:1007:5:
     | 
1007 |     public open override func contains(element: Node): Bool {
     |     ^ 
     | 

error[0m: 'override' function 'containsAll' does not have an overridden function in its supertype
    ==> src\nodes_element.cj:1010:5:
     | 
1010 |     public open override func containsAll(elements: ArrayList<Node>): Bool {
     |     ^ 
     | 

error[0m: 'override' function 'get' does not have an overridden function in its supertype
    ==> src\nodes_element.cj:1013:5:
     | 
1013 |     public open override func get(index: Int64): Node {
     |     ^ 
     | 

error[0m: 'override' function 'indexOf' does not have an overridden function in its supertype
    ==> src\nodes_element.cj:1016:5:
     | 
1016 |     public open override func indexOf(element: Node): Int64 {
     |     ^ 
     | 

error[0m: 'override' function 'isEmpty' does not have an overridden function in its supertype
    ==> src\nodes_element.cj:1004:5:
     | 
1004 |     public open override func isEmpty(): Bool {
     |     ^ 
     | 

error[0m: 'override' function 'lastIndexOf' does not have an overridden function in its supertype
    ==> src\nodes_element.cj:1019:5:
     | 
1019 |     public open override func lastIndexOf(element: Node): Int64 {
     |     ^ 
     | 

error[0m: 'override' function 'remove' does not have an overridden function in its supertype
   ==> src\nodes_element.cj:968:5:
    | 
968 |     public open override func remove(element: Node): Bool {
    |     ^ 
    | 

error[0m: 'override' function 'removeAll' does not have an overridden function in its supertype
   ==> src\nodes_element.cj:989:5:
    | 
989 |     public open override func removeAll(elements: ArrayList<Node>): Bool {
    |     ^ 
    | 

error[0m: 'override' function 'removeAt' does not have an overridden function in its supertype
    ==> src\nodes_element.cj:1040:5:
     | 
1040 |     public open override func removeAt(index: Int64): Node {
     |     ^ 
     | 

error[0m: 'override' function 'retainAll' does not have an overridden function in its supertype
   ==> src\nodes_element.cj:996:5:
    | 
996 |     public open override func retainAll(elements: ArrayList<Node>): Bool {
    |     ^ 
    | 

error[0m: 'override' function 'set' does not have an overridden function in its supertype
    ==> src\nodes_element.cj:1032:5:
     | 
1032 |     public open override func set(index: Int64, element: Node): Node {
     |     ^ 
     | 

error[0m: 'override' function 'subList' does not have an overridden function in its supertype
    ==> src\nodes_element.cj:1050:5:
     | 
1050 |     public open override func subList(fromIndex: Int64, toIndex: Int64): ArrayList<Node> {
     |     ^ 
     | 

error[0m: class 'FormElement' missing abstract modifier, otherwise abstract function or property should be implemented
 ==> src\nodes_form_element.cj:5:1:
  | 
5 | class FormElement <: Element {
  | ^ 
  | 
note[0m: unimplemented abstract function doSetBaseUri
   ==> src\nodes_node.cj:101:5:
    | 
101 |     public func doSetBaseUri(baseUri: ?String): Unit
    |     ^ 
    | 

error[0m: 'override' function 'hasNext' does not have an overridden function in its supertype
  ==> src\nodes_node_iterator.cj:23:5:
   | 
23 |     public override func hasNext(): Bool {
   |     ^ 
   | 

error[0m: 'override' function 'next' does not have an overridden function in its supertype
  ==> src\nodes_node_iterator.cj:27:5:
   | 
27 |     public override func next(): T {
   |     ^ 
   | 

error[0m: class 'Printer' missing abstract modifier, otherwise abstract function or property should be implemented
 ==> src\nodes_printer.cj:3:1:
  | 
3 | open class Printer <: NodeVisitor {
  | ^ 
  | 
note[0m: unimplemented interface function head
 ==> src\select_node_visitor.cj:4:5:
  | 
4 |     func head(node: Node, depth: Int64): Unit
  |     ^ 
  | 
note[0m: unimplemented interface function tail
 ==> src\select_node_visitor.cj:5:5:
  | 
5 |     func tail(node: Node, depth: Int64): Unit
  |     ^ 
  | 
note[0m: unimplemented interface function traverse
 ==> src\select_node_visitor.cj:6:5:
  | 
6 |     func traverse(root: Node): Unit
  |     ^ 
  | 

error[0m: 'override' function 'addHead' does not have an overridden function in its supertype
  ==> src\nodes_printer.cj:67:5:
   | 
67 |     public open override func addHead(el: Element, depth: Int64) {
   |     ^ 
   | 

error[0m: class 'Pretty' missing abstract modifier, otherwise abstract function or property should be implemented
  ==> src\nodes_printer.cj:54:1:
   | 
54 | open class Pretty <: Printer {
   | ^ 
   | 
note[0m: unimplemented interface function head
 ==> src\select_node_visitor.cj:4:5:
  | 
4 |     func head(node: Node, depth: Int64): Unit
  |     ^ 
  | 
note[0m: unimplemented interface function tail
 ==> src\select_node_visitor.cj:5:5:
  | 
5 |     func tail(node: Node, depth: Int64): Unit
  |     ^ 
  | 
note[0m: unimplemented interface function traverse
 ==> src\select_node_visitor.cj:6:5:
  | 
6 |     func traverse(root: Node): Unit
  |     ^ 
  | 

error[0m: class 'Outline' missing abstract modifier, otherwise abstract function or property should be implemented
   ==> src\nodes_printer.cj:208:1:
    | 
208 | open class Outline <: Pretty {
    | ^ 
    | 
note[0m: unimplemented interface function head
 ==> src\select_node_visitor.cj:4:5:
  | 
4 |     func head(node: Node, depth: Int64): Unit
  |     ^ 
  | 
note[0m: unimplemented interface function tail
 ==> src\select_node_visitor.cj:5:5:
  | 
5 |     func tail(node: Node, depth: Int64): Unit
  |     ^ 
  | 
note[0m: unimplemented interface function traverse
 ==> src\select_node_visitor.cj:6:5:
  | 
6 |     func traverse(root: Node): Unit
  |     ^ 
  | 

error[0m: class 'PseudoTextElement' missing abstract modifier, otherwise abstract function or property should be implemented
 ==> src\nodes_pseudo_text_element.cj:3:1:
  | 
3 | class PseudoTextElement <: Element {
  | ^ 
  | 
note[0m: unimplemented abstract function doSetBaseUri
   ==> src\nodes_node.cj:101:5:
    | 
101 |     public func doSetBaseUri(baseUri: ?String): Unit
    |     ^ 
    | 

error[0m: 'override' function 'equals' does not have an overridden function in its supertype
   ==> src\nodes_tag_set.cj:100:5:
    | 
100 |     public override func equals(other: ?Object): Bool {
    |     ^ 
    | 

error[0m: 'override' function 'hashCode' does not have an overridden function in its supertype
   ==> src\nodes_tag_set.cj:106:5:
    | 
106 |     public override func hashCode(): Int64 {
    |     ^ 
    | 

error[0m: 'override' function 'clone' does not have an overridden function in its supertype
  ==> src\parser_parser.cj:22:5:
   | 
22 |     public override func clone(): Parser {
   |     ^ 
   | 

error[0m: 'override' function 'hasNext' does not have an overridden function in its supertype
   ==> src\parser_stream_parser.cj:103:5:
    | 
103 |     public override func hasNext(): Bool {
    |     ^ 
    | 

error[0m: 'override' function 'next' does not have an overridden function in its supertype
   ==> src\parser_stream_parser.cj:107:5:
    | 
107 |     public override func next(): Element {
    |     ^ 
    | 

error[0m: class 'ElementIterator' missing abstract modifier, otherwise abstract function or property should be implemented
  ==> src\parser_stream_parser.cj:91:1:
   | 
91 | class ElementIterator <: MutableIterator & NodeVisitor {
   | ^ 
   | 
note[0m: unimplemented interface function head
 ==> src\select_node_visitor.cj:4:5:
  | 
4 |     func head(node: Node, depth: Int64): Unit
  |     ^ 
  | 
note[0m: unimplemented interface function tail
 ==> src\select_node_visitor.cj:5:5:
  | 
5 |     func tail(node: Node, depth: Int64): Unit
  |     ^ 
  | 
note[0m: unimplemented interface function traverse
 ==> src\select_node_visitor.cj:6:5:
  | 
6 |     func traverse(root: Node): Unit
  |     ^ 
  | 

error[0m: 'override' function 'equals' does not have an overridden function in its supertype
   ==> src\parser_tag.cj:139:5:
    | 
139 |     public override func equals(other: ?Object): Bool {
    |     ^ 
    | 

error[0m: 'override' function 'hashCode' does not have an overridden function in its supertype
  ==> src\parser_tag.cj:33:5:
   | 
33 |     public override func hashCode(): Int64 {
   |     ^ 
   | 

error[0m: 'override' function 'reset' does not have an overridden function in its supertype
   ==> src\parser_token.cj:403:5:
    | 
403 |     public open override func reset(): XmlDecl {
    |     ^ 
    | 

error[0m: 'override' function 'next' does not have an overridden function in its supertype
 ==> src\ported_custom_mutable_map_iterator.cj:9:5:
  | 
9 |     public override func next(): T {
  |     ^ 
  | 

error[0m: 'override' function 'containsKey' does not have an overridden function in its supertype
 ==> src\ported_identity_hash_map.cj:8:5:
  | 
8 |     public override func containsKey(key: K): Bool {
  |     ^ 
  | 

error[0m: 'override' function 'containsValue' does not have an overridden function in its supertype
  ==> src\ported_identity_hash_map.cj:11:5:
   | 
11 |     public override func containsValue(value: V): Bool {
   |     ^ 
   | 

error[0m: 'override' function 'get' does not have an overridden function in its supertype
  ==> src\ported_identity_hash_map.cj:14:5:
   | 
14 |     public override func get(key: K): ?V {
   |     ^ 
   | 

error[0m: 'override' function 'isEmpty' does not have an overridden function in its supertype
  ==> src\ported_identity_hash_map.cj:17:5:
   | 
17 |     public override func isEmpty(): Bool {
   |     ^ 
   | 

error[0m: 'override' function 'put' does not have an overridden function in its supertype
  ==> src\ported_identity_hash_map.cj:26:5:
   | 
26 |     public override func put(key: K, value: V): ?V {
   |     ^ 
   | 

error[0m: 'override' function 'remove' does not have an overridden function in its supertype
  ==> src\ported_identity_hash_map.cj:35:5:
   | 
35 |     public override func remove(key: K): ?V {
   |     ^ 
   | 

error[0m: 'override' function 'equals' does not have an overridden function in its supertype
  ==> src\ported_identity_hash_map.cj:48:5:
   | 
48 |     public override func equals(other: ?Object): Bool {
   |     ^ 
   | 

error[0m: 'override' function 'hashCode' does not have an overridden function in its supertype
  ==> src\ported_identity_hash_map.cj:45:5:
   | 
45 |     public override func hashCode(): Int64 {
   |     ^ 
   | 

error[0m: 'override' function 'setValue' does not have an overridden function in its supertype
  ==> src\ported_identity_hash_map.cj:60:5:
   | 
60 |     public override func setValue(newValue: V): V {
   |     ^ 
   | 

error[0m: class 'CleaningVisitor' missing abstract modifier, otherwise abstract function or property should be implemented
  ==> src\safety_cleaner.cj:68:1:
   | 
68 | class CleaningVisitor <: NodeVisitor {
   | ^ 
   | 
note[0m: unimplemented interface function head
 ==> src\select_node_visitor.cj:4:5:
  | 
4 |     func head(node: Node, depth: Int64): Unit
  |     ^ 
  | 
note[0m: unimplemented interface function tail
 ==> src\select_node_visitor.cj:5:5:
  | 
5 |     func tail(node: Node, depth: Int64): Unit
  |     ^ 
  | 
note[0m: unimplemented interface function traverse
 ==> src\select_node_visitor.cj:6:5:
  | 
6 |     func traverse(root: Node): Unit
  |     ^ 
  | 

error[0m: 'override' function 'equals' does not have an overridden function in its supertype
   ==> src\safety_safelist.cj:291:5:
    | 
291 |     public open override func equals(other: ?Object): Bool {
    |     ^ 
    | 

error[0m: 'override' function 'hashCode' does not have an overridden function in its supertype
   ==> src\safety_safelist.cj:288:5:
    | 
288 |     public open override func hashCode(): Int64 {
    |     ^ 
    | 

error[0m: 'override' function 'after' does not have an overridden function in its supertype
   ==> src\select_elements.cj:145:5:
    | 
145 |     public override func after(html: String): Elements {
    |     ^ 
    | 

error[0m: 'override' function 'asList' does not have an overridden function in its supertype
  ==> src\select_elements.cj:20:5:
   | 
20 |     public override func asList(): ArrayList<Element> {
   |     ^ 
   | 

error[0m: 'override' function 'before' does not have an overridden function in its supertype
   ==> src\select_elements.cj:141:5:
    | 
141 |     public override func before(html: String): Elements {
    |     ^ 
    | 

error[0m: 'override' function 'clone' does not have an overridden function in its supertype
  ==> src\select_elements.cj:17:5:
   | 
17 |     public override func clone(): Elements {
   |     ^ 
   | 

error[0m: 'override' function 'first' does not have an overridden function in its supertype
   ==> src\select_elements.cj:250:5:
    | 
250 |     public override func first(): ?Element {
    |     ^ 
    | 

error[0m: 'override' function 'last' does not have an overridden function in its supertype
   ==> src\select_elements.cj:253:5:
    | 
253 |     public override func last(): ?Element {
    |     ^ 
    | 

error[0m: 'override' function 'remove' does not have an overridden function in its supertype
   ==> src\select_elements.cj:165:5:
    | 
165 |     public override func remove(): Elements {
    |     ^ 
    | 

error[0m: 'override' function 'wrap' does not have an overridden function in its supertype
   ==> src\select_elements.cj:149:5:
    | 
149 |     public override func wrap(html: String): Elements {
    |     ^ 
    | 

error[0m: 'override' function 'clear' does not have an overridden function in its supertype
   ==> src\select_nodes.cj:129:5:
    | 
129 |     public open override func clear() {
    |     ^ 
    | 

error[0m: 'override' function 'equals' does not have an overridden function in its supertype
  ==> src\select_nodes.cj:10:5:
   | 
10 |     public open override func equals(other: ?Object): Bool {
   |     ^ 
   | 

error[0m: 'override' function 'hashCode' does not have an overridden function in its supertype
  ==> src\select_nodes.cj:27:5:
   | 
27 |     public open override func hashCode(): Int64 {
   |     ^ 
   | 

error[0m: 'override' function 'remove' does not have an overridden function in its supertype
   ==> src\select_nodes.cj:114:5:
    | 
114 |     public open override func remove(element: T): Bool {
    |     ^ 
    | 

error[0m: 'override' function 'removeAll' does not have an overridden function in its supertype
   ==> src\select_nodes.cj:136:5:
    | 
136 |     public open override func removeAll(elements: ArrayList<T>): Bool {
    |     ^ 
    | 

error[0m: 'override' function 'removeAt' does not have an overridden function in its supertype
   ==> src\select_nodes.cj:109:5:
    | 
109 |     public open override func removeAt(index: Int64): T {
    |     ^ 
    | 

error[0m: 'override' function 'retainAll' does not have an overridden function in its supertype
   ==> src\select_nodes.cj:143:5:
    | 
143 |     public open override func retainAll(elements: ArrayList<T>): Bool {
    |     ^ 
    | 

error[0m: 'override' function 'set' does not have an overridden function in its supertype
   ==> src\select_nodes.cj:103:5:
    | 
103 |     public open override func set(index: Int64, element: T): T {
    |     ^ 
    | 

error[0m: lambda capturing mutable variables needs to be called directly
   ==> src\parser_html_tree_builder.cj:403:9:
    | 
403 |           { =>
    |  _________^
404 | |             var node: ?Element = getStack()[pos]
    | | ...
468 | |         }
    | |_________^
    | 
note[0m: 'last' is mutable
   ==> src\parser_html_tree_builder.cj:406:17:
    | 
406 |                 last = true
    |                 ^^^^ 
    | 
note[0m: 'last' is mutable
   ==> src\parser_html_tree_builder.cj:420:26:
    | 
420 |                     if (!last) {
    |                          ^^^^ 
    | 
note[0m: 'last' is mutable
   ==> src\parser_html_tree_builder.cj:445:26:
    | 
445 |                     if (!last) {
    |                          ^^^^ 
    | 
note[0m: 'last' is mutable
   ==> src\parser_html_tree_builder.cj:464:17:
    | 
464 |             if (last) {
    |                 ^^^^ 
    | 

1889 errors generated, 1889 errors printed.
198 warnings generated, 198 warnings printed.
